l1_code,l1_name,l2_code,l2_name,l3_code,l3_name,ts_code,name,in_date,out_date,is_new
801780.SI,银行,801783.SI,股份制银行Ⅱ,857831.SI,股份制银行Ⅲ,000001.SZ,平安银行,19910403,,Y
801180.SI,房地产,801181.SI,房地产开发,851811.SI,住宅开发,000002.SZ,万科A,19910129,,Y
801230.SI,综合,801231.SI,综合Ⅱ,852311.SI,综合Ⅲ,000003.SZ,PT金田A(退市),19910415,,Y
801750.SI,计算机,801104.SI,软件开发,851042.SI,横向通用软件,000004.SZ,国华网安,20210730,,Y
801180.SI,房地产,801181.SI,房地产开发,851811.SI,住宅开发,000006.SZ,深振业A,20150930,,Y
801200.SI,商贸零售,801203.SI,一般零售,852034.SI,商业物业经营,000007.SZ,全新好,20190724,,Y
801890.SI,机械设备,801076.SI,轨交设备Ⅱ,850936.SI,轨交设备Ⅲ,000008.SZ,神州高铁,20150701,,Y
801730.SI,电力设备,801737.SI,电池,857372.SI,电池化学品,000009.SZ,中国宝安,20210730,,Y
801720.SI,建筑装饰,801723.SI,基础建设,857251.SI,园林工程,000010.SZ,美丽生态,20210730,,Y
801180.SI,房地产,801181.SI,房地产开发,851811.SI,住宅开发,000011.SZ,深物业A,19920330,,Y
801710.SI,建筑材料,801712.SI,玻璃玻纤,857121.SI,玻璃制造,000012.SZ,南玻A,19920228,,Y
801030.SI,基础化工,801036.SI,塑料,850351.SI,其他塑料制品,000013.SZ,*ST石化A(退市),20030512,,Y
801180.SI,房地产,801181.SI,房地产开发,851811.SI,住宅开发,000014.SZ,沙河股份,19911219,,Y
801230.SI,综合,801231.SI,综合Ⅱ,852311.SI,综合Ⅲ,000015.SZ,PT中浩A(退市),19920625,,Y
801110.SI,家用电器,801112.SI,黑色家电,851121.SI,彩电,000016.SZ,深康佳A,19920327,,Y
801130.SI,纺织服饰,801133.SI,饰品,851331.SI,钟表珠宝,000017.SZ,深中华A,20220729,,Y
801720.SI,建筑装饰,801724.SI,专业工程,857243.SI,国际工程,000018.SZ,神城A退(退市),20180713,,Y
801010.SI,农林牧渔,801012.SI,农产品加工,850152.SI,粮油加工,000019.SZ,深粮控股,20210730,,Y
801080.SI,电子,801084.SI,光学光电子,850831.SI,面板,000020.SZ,深华发A,19920428,,Y
801080.SI,电子,801085.SI,消费电子,850854.SI,消费电子零部件及组装,000021.SZ,深科技,19940202,,Y
801710.SI,建筑材料,801711.SI,水泥,857112.SI,水泥制品,000023.SZ,*ST深天,20210730,,Y
801180.SI,房地产,801181.SI,房地产开发,851811.SI,住宅开发,000024.SZ,招商地产(退市),20020508,,Y
801230.SI,综合,801231.SI,综合Ⅱ,852311.SI,综合Ⅲ,000025.SZ,特力A,20230704,,Y
801130.SI,纺织服饰,801133.SI,饰品,851331.SI,钟表珠宝,000026.SZ,飞亚达,19930603,,Y
801160.SI,公用事业,801161.SI,电力,851611.SI,火力发电,000027.SZ,深圳能源,19930903,,Y
801150.SI,医药生物,801154.SI,医药商业,851542.SI,医药流通,000028.SZ,国药一致,19930505,,Y
801180.SI,房地产,801181.SI,房地产开发,851811.SI,住宅开发,000029.SZ,深深房A,19930915,,Y
801880.SI,汽车,801093.SI,汽车零部件,850923.SI,底盘与发动机系统,000030.SZ,富奥股份,20130701,,Y
801180.SI,房地产,801181.SI,房地产开发,851812.SI,商业地产,000031.SZ,大悦城,20210730,,Y
801720.SI,建筑装饰,801724.SI,专业工程,857244.SI,其他专业工程,000032.SZ,深桑达A,20220729,,Y
801750.SI,计算机,801103.SI,IT服务Ⅱ,852226.SI,IT服务Ⅲ,000034.SZ,神州数码,20210730,,Y
801970.SI,环保,801971.SI,环境治理,859713.SI,固废治理,000035.SZ,中国天楹,19940408,,Y
801180.SI,房地产,801181.SI,房地产开发,851811.SI,住宅开发,000036.SZ,华联控股,19940617,,Y
801160.SI,公用事业,801161.SI,电力,851611.SI,火力发电,000037.SZ,深南电A,20220729,,Y
801230.SI,综合,801231.SI,综合Ⅱ,852311.SI,综合Ⅲ,000038.SZ,大通退(退市),20180619,,Y
801890.SI,机械设备,801072.SI,通用设备,850751.SI,金属制品,000039.SZ,中集集团,20210730,,Y
801160.SI,公用事业,801161.SI,电力,851616.SI,光伏发电,000040.SZ,ST旭蓝,20171116,,Y
801180.SI,房地产,801181.SI,房地产开发,851811.SI,住宅开发,000042.SZ,中洲控股,19940921,,Y
801080.SI,电子,801084.SI,光学光电子,850831.SI,面板,000045.SZ,深纺织A,20140102,,Y
801180.SI,房地产,801181.SI,房地产开发,851811.SI,住宅开发,000046.SZ,*ST泛海(退市),20201201,,Y
801180.SI,房地产,801181.SI,房地产开发,851811.SI,住宅开发,000047.SZ,ST中侨(退市),19941021,,Y
801180.SI,房地产,801181.SI,房地产开发,851811.SI,住宅开发,000048.SZ,京基智农,19941101,,Y
801730.SI,电力设备,801737.SI,电池,857371.SI,锂电池,000049.SZ,德赛电池,20121231,,Y
801080.SI,电子,801084.SI,光学光电子,850831.SI,面板,000050.SZ,深天马A,19950315,,Y
801710.SI,建筑材料,801713.SI,装修建材,850614.SI,其他建材,000055.SZ,方大集团,20210730,,Y
801180.SI,房地产,801183.SI,房地产服务,851831.SI,物业管理,000056.SZ,皇庭国际,20210730,,Y
801200.SI,商贸零售,801203.SI,一般零售,852034.SI,商业物业经营,000058.SZ,深赛格,20111010,,Y
801960.SI,石油石化,801963.SI,炼化及贸易,859631.SI,炼油化工,000059.SZ,华锦股份,20091231,,Y
801050.SI,有色金属,801055.SI,工业金属,850553.SI,铅锌,000060.SZ,中金岭南,19970123,,Y
801200.SI,商贸零售,801203.SI,一般零售,852034.SI,商业物业经营,000061.SZ,农产品,20131231,,Y
801080.SI,电子,801082.SI,其他电子Ⅱ,850841.SI,其他电子Ⅲ,000062.SZ,深圳华强,20111010,,Y
801770.SI,通信,801102.SI,通信设备,851024.SI,通信网络设备及器件,000063.SZ,中兴通讯,19971118,,Y
801720.SI,建筑装饰,801724.SI,专业工程,857243.SI,国际工程,000065.SZ,北方国际,19980605,,Y
801750.SI,计算机,801101.SI,计算机设备,850703.SI,其他计算机设备,000066.SZ,中国长城,19970626,,Y
801970.SI,环保,801971.SI,环境治理,859714.SI,综合环境治理,000068.SZ,华控赛格,20170629,,Y
801180.SI,房地产,801181.SI,房地产开发,851812.SI,商业地产,000069.SZ,华侨城A,20210730,,Y
801770.SI,通信,801102.SI,通信设备,851025.SI,通信线缆及配套,000070.SZ,ST特信,20111010,,Y
801150.SI,医药生物,801154.SI,医药商业,851542.SI,医药流通,000078.SZ,海王生物,19981218,,Y
801170.SI,交通运输,801992.SI,航运港口,851711.SI,港口,000088.SZ,盐田港,20211112,,Y
801170.SI,交通运输,801991.SI,航空机场,851751.SI,机场,000089.SZ,深圳机场,20210729,,Y
801180.SI,房地产,801181.SI,房地产开发,851811.SI,住宅开发,000090.SZ,天健集团,19990721,,Y
801960.SI,石油石化,801963.SI,炼化及贸易,859632.SI,油品石化贸易,000096.SZ,广聚能源,20000724,,Y
801170.SI,交通运输,801991.SI,航空机场,851741.SI,航空运输,000099.SZ,中信海直,20210730,,Y
801080.SI,电子,801084.SI,光学光电子,850831.SI,面板,000100.SZ,TCL科技,20190422,,Y
801150.SI,医药生物,801156.SI,医疗服务,851564.SI,医院,000150.SZ,*ST宜康(退市),20150701,,Y
801200.SI,商贸零售,801202.SI,贸易Ⅱ,852021.SI,贸易Ⅲ,000151.SZ,中成股份,20101008,,Y
801150.SI,医药生物,801151.SI,化学制药,851512.SI,化学制剂,000153.SZ,丰原药业,20000918,,Y
801160.SI,公用事业,801161.SI,电力,851617.SI,风力发电,000155.SZ,川能动力,20190724,,Y
801760.SI,传媒,801995.SI,电视广播Ⅱ,859951.SI,电视广播Ⅲ,000156.SZ,华数传媒,20111010,,Y
801890.SI,机械设备,801077.SI,工程机械,850771.SI,工程机械整机,000157.SZ,中联重科,20001012,,Y
801750.SI,计算机,801103.SI,IT服务Ⅱ,852226.SI,IT服务Ⅲ,000158.SZ,常山北明,20210730,,Y
801720.SI,建筑装饰,801724.SI,专业工程,857241.SI,钢结构,000159.SZ,国际实业,20220729,,Y
801790.SI,非银金融,801193.SI,证券Ⅱ,851931.SI,证券Ⅲ,000166.SZ,申万宏源,20150119,,Y
801960.SI,石油石化,801963.SI,炼化及贸易,859631.SI,炼油化工,000301.SZ,东方盛虹,20210730,,Y
801110.SI,家用电器,801111.SI,白色家电,851112.SI,空调,000333.SZ,美的集团,20130118,,Y
801880.SI,汽车,801093.SI,汽车零部件,850923.SI,底盘与发动机系统,000338.SZ,潍柴动力,20070430,,Y
801730.SI,电力设备,801738.SI,电网设备,857321.SI,电网自动化设备,000400.SZ,许继电气,20210730,,Y
801710.SI,建筑材料,801711.SI,水泥,857111.SI,水泥制造,000401.SZ,冀东水泥,19960614,,Y
801180.SI,房地产,801181.SI,房地产开发,851812.SI,商业地产,000402.SZ,金融街,20210730,,Y
801150.SI,医药生物,801152.SI,生物制品,851522.SI,血液制品,000403.SZ,派林生物,19960628,,Y
801110.SI,家用电器,801116.SI,家电零部件Ⅱ,851161.SI,家电零部件Ⅲ,000404.SZ,长虹华意,19960619,,Y
801050.SI,有色金属,801055.SI,工业金属,850551.SI,铝,000405.SZ,ST鑫光(退市),19960620,,Y
801760.SI,传媒,801767.SI,数字媒体,857671.SI,视频媒体,000406.SZ,石油大明(退市),19960628,,Y
801160.SI,公用事业,801163.SI,燃气Ⅱ,851631.SI,燃气Ⅲ,000407.SZ,胜利股份,20171215,,Y
801050.SI,有色金属,801056.SI,能源金属,850543.SI,锂,000408.SZ,藏格矿业,20230704,,Y
801750.SI,计算机,801103.SI,IT服务Ⅱ,852226.SI,IT服务Ⅲ,000409.SZ,云鼎科技,20220729,,Y
801890.SI,机械设备,801072.SI,通用设备,850711.SI,机床工具,000410.SZ,沈阳机床,19960718,,Y
801150.SI,医药生物,801154.SI,医药商业,851542.SI,医药流通,000411.SZ,英特集团,20110110,,Y
801230.SI,综合,801231.SI,综合Ⅱ,852311.SI,综合Ⅲ,000412.SZ,ST五环(退市),19960715,,Y
801080.SI,电子,801084.SI,光学光电子,850831.SI,面板,000413.SZ,ST旭电,19960925,,Y
801790.SI,非银金融,801191.SI,多元金融,851925.SI,租赁,000415.SZ,渤海租赁,19960624,,Y
801790.SI,非银金融,801191.SI,多元金融,851922.SI,金融控股,000416.SZ,*ST民控(退市),20180420,,Y
801200.SI,商贸零售,801203.SI,一般零售,852033.SI,多业态零售,000417.SZ,合肥百货,20230704,,Y
801110.SI,家用电器,801111.SI,白色家电,851116.SI,冰洗,000418.SZ,小天鹅A(退市),19970328,,Y
801200.SI,商贸零售,801203.SI,一般零售,852033.SI,多业态零售,000419.SZ,通程控股,19960816,,Y
801030.SI,基础化工,801032.SI,化学纤维,850343.SI,粘胶,000420.SZ,吉林化纤,19960802,,Y
801230.SI,综合,801231.SI,综合Ⅱ,852311.SI,综合Ⅲ,000421.SZ,南京公用,20230704,,Y
801030.SI,基础化工,801038.SI,农化制品,850331.SI,氮肥,000422.SZ,湖北宜化,20220729,,Y
801150.SI,医药生物,801155.SI,中药Ⅱ,851521.SI,中药Ⅲ,000423.SZ,东阿阿胶,19960729,,Y
801890.SI,机械设备,801077.SI,工程机械,850771.SI,工程机械整机,000425.SZ,徐工机械,19960828,,Y
801050.SI,有色金属,801055.SI,工业金属,850553.SI,铅锌,000426.SZ,兴业银锡,20120702,,Y
801210.SI,社会服务,801219.SI,酒店餐饮,852121.SI,酒店,000428.SZ,华天酒店,20210730,,Y
801170.SI,交通运输,801179.SI,铁路公路,851731.SI,高速公路,000429.SZ,粤高速A,20210730,,Y
801210.SI,社会服务,801993.SI,旅游及景区,852112.SI,自然景区,000430.SZ,张家界,20210730,,Y
801140.SI,轻工制造,801143.SI,造纸,851412.SI,大宗用纸,000488.SZ,晨鸣纸业,20001120,,Y
801720.SI,建筑装饰,801723.SI,基础建设,857236.SI,基建市政工程,000498.SZ,山东路桥,20130701,,Y
801200.SI,商贸零售,801203.SI,一般零售,852031.SI,百货,000501.SZ,武商集团,20170629,,Y
801180.SI,房地产,801183.SI,房地产服务,851831.SI,物业管理,000502.SZ,绿景退(退市),20210730,,Y
801750.SI,计算机,801104.SI,软件开发,851041.SI,垂直应用软件,000503.SZ,国新健康,19921130,,Y
801150.SI,医药生物,801156.SI,医疗服务,851565.SI,其他医疗服务,000504.SZ,南华生物,19921208,,Y
801010.SI,农林牧渔,801012.SI,农产品加工,850152.SI,粮油加工,000505.SZ,京粮控股,20180713,,Y
801050.SI,有色金属,801053.SI,贵金属,850531.SI,黄金,000506.SZ,*ST中润,20220729,,Y
801160.SI,公用事业,801161.SI,电力,851617.SI,风力发电,000507.SZ,珠海港,20230704,,Y
801010.SI,农林牧渔,801019.SI,农业综合Ⅱ,850191.SI,农业综合Ⅲ,000508.SZ,琼民源A(退市),19930430,,Y
801080.SI,电子,801084.SI,光学光电子,850831.SI,面板,000509.SZ,华塑控股,20220729,,Y
801030.SI,基础化工,801033.SI,化学原料,850322.SI,氯碱,000510.SZ,新金路,19930507,,Y
801030.SI,基础化工,801039.SI,非金属材料Ⅱ,850523.SI,非金属材料Ⅲ,000511.SZ,烯碳退(退市),20140102,,Y
801150.SI,医药生物,801151.SI,化学制药,851512.SI,化学制剂,000513.SZ,丽珠集团,19931028,,Y
801180.SI,房地产,801181.SI,房地产开发,851811.SI,住宅开发,000514.SZ,渝开发,19930712,,Y
801030.SI,基础化工,801033.SI,化学原料,850323.SI,无机盐,000515.SZ,攀渝钛业(退市),19930712,,Y
801150.SI,医药生物,801156.SI,医疗服务,851564.SI,医院,000516.SZ,国际医学,20190513,,Y
801180.SI,房地产,801181.SI,房地产开发,851811.SI,住宅开发,000517.SZ,荣安地产,20080602,,Y
801150.SI,医药生物,801152.SI,生物制品,851524.SI,其他生物制品,000518.SZ,四环生物,19930908,,Y
801740.SI,国防军工,801743.SI,地面兵装Ⅱ,857431.SI,地面兵装Ⅲ,000519.SZ,中兵红箭,20170629,,Y
801170.SI,交通运输,801992.SI,航运港口,851761.SI,航运,000520.SZ,凤凰航运,20210730,,Y
801110.SI,家用电器,801111.SI,白色家电,851116.SI,冰洗,000521.SZ,长虹美菱,19931018,,Y
801150.SI,医药生物,801151.SI,化学制药,851512.SI,化学制剂,000522.SZ,白云山A(退市),19931108,,Y
801980.SI,美容护理,801981.SI,个护用品,859812.SI,洗护用品,000523.SZ,红棉股份,19931108,,Y
801210.SI,社会服务,801993.SI,旅游及景区,852131.SI,旅游综合,000524.SZ,岭南控股,20210730,,Y
801030.SI,基础化工,801038.SI,农化制品,850333.SI,农药,000525.SZ,ST红太阳,20210730,,Y
801210.SI,社会服务,801994.SI,教育,859852.SI,培训教育,000526.SZ,学大教育,20170629,,Y
801110.SI,家用电器,801111.SI,白色家电,851112.SI,空调,000527.SZ,美的电器(退市),19931112,,Y
801890.SI,机械设备,801077.SI,工程机械,850771.SI,工程机械整机,000528.SZ,柳工,19931118,,Y
801120.SI,食品饮料,801124.SI,食品加工,851241.SI,肉制品,000529.SZ,广弘控股,20230512,,Y
801890.SI,机械设备,801072.SI,通用设备,850715.SI,制冷空调设备,000530.SZ,冰山冷热,19931208,,Y
801160.SI,公用事业,801161.SI,电力,851611.SI,火力发电,000531.SZ,穗恒运A,19940106,,Y
801790.SI,非银金融,801191.SI,多元金融,851927.SI,资产管理,000532.SZ,华金资本,20210730,,Y
801730.SI,电力设备,801738.SI,电网设备,857381.SI,输变电设备,000533.SZ,顺钠股份,19940103,,Y
801150.SI,医药生物,801152.SI,生物制品,851524.SI,其他生物制品,000534.SZ,万泽股份,20200722,,Y
801890.SI,机械设备,801072.SI,通用设备,850751.SI,金属制品,000535.SZ,*ST猴王(退市),19931130,,Y
801080.SI,电子,801084.SI,光学光电子,850831.SI,面板,000536.SZ,华映科技,19931126,,Y
801160.SI,公用事业,801161.SI,电力,851617.SI,风力发电,000537.SZ,中绿电,20220826,,Y
801150.SI,医药生物,801155.SI,中药Ⅱ,851521.SI,中药Ⅲ,000538.SZ,云南白药,19931215,,Y
801160.SI,公用事业,801161.SI,电力,851611.SI,火力发电,000539.SZ,粤电力A,19931126,,Y
801180.SI,房地产,801181.SI,房地产开发,851811.SI,住宅开发,000540.SZ,*ST中天(退市),19931206,,Y
801110.SI,家用电器,801115.SI,照明设备Ⅱ,851151.SI,照明设备Ⅲ,000541.SZ,佛山照明,20210730,,Y
801770.SI,通信,801102.SI,通信设备,851026.SI,通信终端及配件,000542.SZ,TCL通讯(退市),19931201,,Y
801160.SI,公用事业,801161.SI,电力,851611.SI,火力发电,000543.SZ,皖能电力,19931220,,Y
801970.SI,环保,801971.SI,环境治理,859712.SI,水务及水治理,000544.SZ,中原环保,19931208,,Y
801030.SI,基础化工,801033.SI,化学原料,850326.SI,钛白粉,000545.SZ,金浦钛业,20210730,,Y
801710.SI,建筑材料,801711.SI,水泥,857111.SI,水泥制造,000546.SZ,金圆股份,20150701,,Y
801740.SI,国防军工,801745.SI,军工电子Ⅱ,857451.SI,军工电子Ⅲ,000547.SZ,航天发展,20210730,,Y
801170.SI,交通运输,801179.SI,铁路公路,851731.SI,高速公路,000548.SZ,湖南投资,20210730,,Y
801880.SI,汽车,801096.SI,商用车,850912.SI,商用载货车,000549.SZ,S湘火炬(退市),19931220,,Y
801880.SI,汽车,801096.SI,商用车,850912.SI,商用载货车,000550.SZ,江铃汽车,20210730,,Y
801970.SI,环保,801972.SI,环保设备Ⅱ,859721.SI,环保设备Ⅲ,000551.SZ,创元科技,20150701,,Y
801950.SI,煤炭,801951.SI,煤炭开采,859511.SI,动力煤,000552.SZ,甘肃能化,19940106,,Y
801030.SI,基础化工,801038.SI,农化制品,850333.SI,农药,000553.SZ,安道麦A,20210730,,Y
801960.SI,石油石化,801963.SI,炼化及贸易,859632.SI,油品石化贸易,000554.SZ,泰山石油,19931215,,Y
801750.SI,计算机,801103.SI,IT服务Ⅱ,852226.SI,IT服务Ⅲ,000555.SZ,神州信息,20210730,,Y
801230.SI,综合,801231.SI,综合Ⅱ,852311.SI,综合Ⅲ,000556.SZ,PT南洋(退市),19940525,,Y
801170.SI,交通运输,801179.SI,铁路公路,851771.SI,铁路运输,000557.SZ,西部创业,20210730,,Y
801180.SI,房地产,801181.SI,房地产开发,851811.SI,住宅开发,000558.SZ,莱茵体育,19940509,,Y
801880.SI,汽车,801093.SI,汽车零部件,850923.SI,底盘与发动机系统,000559.SZ,万向钱潮,19940110,,Y
801180.SI,房地产,801183.SI,房地产服务,851832.SI,房产租赁经纪,000560.SZ,我爱我家,20210730,,Y
801740.SI,国防军工,801742.SI,航空装备Ⅱ,857421.SI,航空装备Ⅲ,000561.SZ,烽火电子,19940509,,Y
801790.SI,非银金融,801193.SI,证券Ⅱ,851931.SI,证券Ⅲ,000562.SZ,宏源证券(退市),19940202,,Y
801790.SI,非银金融,801191.SI,多元金融,851924.SI,信托,000563.SZ,陕国投A,19940110,,Y
801200.SI,商贸零售,801203.SI,一般零售,852031.SI,百货,000564.SZ,供销大集,19940110,,Y
801030.SI,基础化工,801034.SI,化学制品,850335.SI,涂料油墨,000565.SZ,渝三峡A,20110110,,Y
801150.SI,医药生物,801151.SI,化学制药,851512.SI,化学制剂,000566.SZ,海南海药,19940525,,Y
801790.SI,非银金融,801191.SI,多元金融,851927.SI,资产管理,000567.SZ,海德股份,20180713,,Y
801120.SI,食品饮料,801125.SI,白酒Ⅱ,851251.SI,白酒Ⅲ,000568.SZ,泸州老窖,19940509,,Y
801040.SI,钢铁,801045.SI,特钢Ⅱ,850412.SI,特钢Ⅲ,000569.SZ,长城股份(退市),19940425,,Y
801880.SI,汽车,801093.SI,汽车零部件,850923.SI,底盘与发动机系统,000570.SZ,苏常柴A,19940701,,Y
801950.SI,煤炭,801951.SI,煤炭开采,859511.SI,动力煤,000571.SZ,新大洲A,19940525,,Y
801880.SI,汽车,801095.SI,乘用车,850952.SI,综合乘用车,000572.SZ,海马汽车,20050901,,Y
801180.SI,房地产,801181.SI,房地产开发,851811.SI,住宅开发,000573.SZ,粤宏远A,19940815,,Y
801740.SI,国防军工,801743.SI,地面兵装Ⅱ,857431.SI,地面兵装Ⅲ,000576.SZ,甘化科工,20200622,,Y
801030.SI,基础化工,801038.SI,农化制品,850336.SI,钾肥,000578.SZ,盐湖集团(退市),20090601,,Y
801880.SI,汽车,801093.SI,汽车零部件,850923.SI,底盘与发动机系统,000581.SZ,威孚高科,19980924,,Y
801170.SI,交通运输,801992.SI,航运港口,851711.SI,港口,000582.SZ,北部湾港,19951102,,Y
801750.SI,计算机,801103.SI,IT服务Ⅱ,852226.SI,IT服务Ⅲ,000583.SZ,S*ST托普(退市),19951101,,Y
801890.SI,机械设备,801078.SI,自动化设备,850781.SI,机器人,000584.SZ,*ST工智,20210730,,Y
801770.SI,通信,801102.SI,通信设备,851025.SI,通信线缆及配套,000586.SZ,汇源通信,20040701,,Y
801130.SI,纺织服饰,801133.SI,饰品,851331.SI,钟表珠宝,000587.SZ,*ST金洲(退市),19960425,,Y
801010.SI,农林牧渔,801015.SI,渔业,850122.SI,水产养殖,000588.SZ,PT粤金曼(退市),19960123,,Y
801880.SI,汽车,801093.SI,汽车零部件,850924.SI,轮胎轮毂,000589.SZ,贵州轮胎,19960308,,Y
801150.SI,医药生物,801155.SI,中药Ⅱ,851521.SI,中药Ⅲ,000590.SZ,启迪药业,19960119,,Y
801160.SI,公用事业,801161.SI,电力,851616.SI,光伏发电,000591.SZ,太阳能,19960208,,Y
801010.SI,农林牧渔,801011.SI,林业Ⅱ,850131.SI,林业Ⅲ,000592.SZ,平潭发展,20091009,,Y
801160.SI,公用事业,801163.SI,燃气Ⅱ,851631.SI,燃气Ⅲ,000593.SZ,德龙汇能,20180619,,Y
801170.SI,交通运输,801179.SI,铁路公路,851771.SI,铁路运输,000594.SZ,国恒退(退市),19960320,,Y
801890.SI,机械设备,801072.SI,通用设备,850751.SI,金属制品,000595.SZ,宝塔实业,19960419,,Y
801120.SI,食品饮料,801125.SI,白酒Ⅱ,851251.SI,白酒Ⅲ,000596.SZ,古井贡酒,19960927,,Y
801150.SI,医药生物,801151.SI,化学制药,851512.SI,化学制剂,000597.SZ,东北制药,20190724,,Y
801970.SI,环保,801971.SI,环境治理,859712.SI,水务及水治理,000598.SZ,兴蓉环境,19960529,,Y
801880.SI,汽车,801093.SI,汽车零部件,850924.SI,轮胎轮毂,000599.SZ,青岛双星,19960410,,Y
801160.SI,公用事业,801161.SI,电力,851611.SI,火力发电,000600.SZ,建投能源,20060907,,Y
801160.SI,公用事业,801161.SI,电力,851612.SI,水力发电,000601.SZ,韶能股份,20170526,,Y
801160.SI,公用事业,801161.SI,电力,851611.SI,火力发电,000602.SZ,金马集团(退市),20020830,,Y
801050.SI,有色金属,801055.SI,工业金属,850553.SI,铅锌,000603.SZ,盛达资源,19960823,,Y
801970.SI,环保,801971.SI,环境治理,859712.SI,水务及水治理,000605.SZ,渤海股份,19960801,,Y
801750.SI,计算机,801103.SI,IT服务Ⅱ,852226.SI,IT服务Ⅲ,000606.SZ,顺利退(退市),20210730,,Y
801760.SI,传媒,801765.SI,广告营销,857652.SI,广告媒体,000607.SZ,华媒控股,20180619,,Y
801180.SI,房地产,801181.SI,房地产开发,851812.SI,商业地产,000608.SZ,阳光股份,20210730,,Y
801180.SI,房地产,801181.SI,房地产开发,851811.SI,住宅开发,000609.SZ,*ST中迪,19961010,,Y
801210.SI,社会服务,801219.SI,酒店餐饮,852121.SI,酒店,000610.SZ,西安旅游,20210730,,Y
801950.SI,煤炭,801951.SI,煤炭开采,859511.SI,动力煤,000611.SZ,天首退(退市),20210730,,Y
801050.SI,有色金属,801055.SI,工业金属,850551.SI,铝,000612.SZ,焦作万方,19960926,,Y
801980.SI,美容护理,801983.SI,医疗美容,859832.SI,医美服务,000615.SZ,ST美谷,20210730,,Y
801790.SI,非银金融,801191.SI,多元金融,851927.SI,资产管理,000616.SZ,*ST海投(退市),20220729,,Y
801790.SI,非银金融,801191.SI,多元金融,851922.SI,金融控股,000617.SZ,中油资本,19961022,,Y
801170.SI,交通运输,801992.SI,航运港口,851711.SI,港口,000618.SZ,吉林化工(退市),19961015,,Y
801710.SI,建筑材料,801713.SI,装修建材,850614.SI,其他建材,000619.SZ,海螺新材,19960919,,Y
801180.SI,房地产,801181.SI,房地产开发,851811.SI,住宅开发,000620.SZ,新华联,20120109,,Y
801760.SI,传媒,801767.SI,数字媒体,857676.SI,其他数字媒体,000621.SZ,*ST比特(退市),19961105,,Y
801230.SI,综合,801231.SI,综合Ⅱ,852311.SI,综合Ⅲ,000622.SZ,*ST恒立,20130701,,Y
801150.SI,医药生物,801155.SI,中药Ⅱ,851521.SI,中药Ⅲ,000623.SZ,吉林敖东,20220729,,Y
801880.SI,汽车,801095.SI,乘用车,850952.SI,综合乘用车,000625.SZ,长安汽车,19970610,,Y
801170.SI,交通运输,801178.SI,物流,851782.SI,原材料供应链服务,000626.SZ,远大控股,20210730,,Y
801790.SI,非银金融,801194.SI,保险Ⅱ,851941.SI,保险Ⅲ,000627.SZ,天茂集团,20170629,,Y
801720.SI,建筑装饰,801721.SI,房屋建设Ⅱ,850623.SI,房屋建设Ⅲ,000628.SZ,高新发展,20180713,,Y
801040.SI,钢铁,801043.SI,冶钢原料,850432.SI,冶钢辅料,000629.SZ,钒钛股份,19961115,,Y
801050.SI,有色金属,801055.SI,工业金属,850552.SI,铜,000630.SZ,铜陵有色,19961120,,Y
801180.SI,房地产,801181.SI,房地产开发,851811.SI,住宅开发,000631.SZ,顺发恒业,19961122,,Y
801230.SI,综合,801231.SI,综合Ⅱ,852311.SI,综合Ⅲ,000632.SZ,三木集团,20070702,,Y
801050.SI,有色金属,801051.SI,金属新材料,850521.SI,其他金属新材料,000633.SZ,合金投资,20180619,,Y
801030.SI,基础化工,801033.SI,化学原料,850322.SI,氯碱,000635.SZ,英力特,20070702,,Y
801080.SI,电子,801083.SI,元件,850823.SI,被动元件,000636.SZ,风华高科,19961129,,Y
801960.SI,石油石化,801963.SI,炼化及贸易,859633.SI,其他石化,000637.SZ,茂化实华,19961114,,Y
801740.SI,国防军工,801745.SI,军工电子Ⅱ,857451.SI,军工电子Ⅲ,000638.SZ,万方发展,20240108,,Y
801010.SI,农林牧渔,801012.SI,农产品加工,850152.SI,粮油加工,000639.SZ,西王食品,20210730,,Y
801150.SI,医药生物,801155.SI,中药Ⅱ,851521.SI,中药Ⅲ,000650.SZ,仁和药业,20070702,,Y
801110.SI,家用电器,801111.SI,白色家电,851112.SI,空调,000651.SZ,格力电器,19961118,,Y
801230.SI,综合,801231.SI,综合Ⅱ,852311.SI,综合Ⅲ,000652.SZ,泰达股份,20060901,,Y
801200.SI,商贸零售,801202.SI,贸易Ⅱ,852021.SI,贸易Ⅲ,000653.SZ,ST九州(退市),19961126,,Y
801040.SI,钢铁,801043.SI,冶钢原料,850431.SI,铁矿石,000655.SZ,金岭矿业,19961128,,Y
801180.SI,房地产,801181.SI,房地产开发,851811.SI,住宅开发,000656.SZ,*ST金科,20070702,,Y
801050.SI,有色金属,801054.SI,小金属,850542.SI,钨,000657.SZ,中钨高新,19961205,,Y
801230.SI,综合,801231.SI,综合Ⅱ,852311.SI,综合Ⅲ,000658.SZ,ST海洋(退市),19961218,,Y
801140.SI,轻工制造,801141.SI,包装印刷,851424.SI,塑料包装,000659.SZ,珠海中富,19961203,,Y
801150.SI,医药生物,801152.SI,生物制品,851524.SI,其他生物制品,000661.SZ,长春高新,19961218,,Y
801750.SI,计算机,801104.SI,软件开发,851041.SI,垂直应用软件,000662.SZ,天夏退(退市),20210730,,Y
801010.SI,农林牧渔,801011.SI,林业Ⅱ,850131.SI,林业Ⅲ,000663.SZ,永安林业,20220729,,Y
801760.SI,传媒,801995.SI,电视广播Ⅱ,859951.SI,电视广播Ⅲ,000665.SZ,湖北广电,20100601,,Y
801790.SI,非银金融,801191.SI,多元金融,851924.SI,信托,000666.SZ,经纬纺机(退市),19961210,,Y
801180.SI,房地产,801181.SI,房地产开发,851811.SI,住宅开发,000667.SZ,ST美置(退市),19891101,,Y
801150.SI,医药生物,801154.SI,医药商业,851542.SI,医药流通,000668.SZ,荣丰控股,20220729,,Y
801160.SI,公用事业,801163.SI,燃气Ⅱ,851631.SI,燃气Ⅲ,000669.SZ,ST金鸿,20130104,,Y
801080.SI,电子,801082.SI,其他电子Ⅱ,850841.SI,其他电子Ⅲ,000670.SZ,盈方微,20220729,,Y
801180.SI,房地产,801181.SI,房地产开发,851811.SI,住宅开发,000671.SZ,ST阳光城(退市),20070702,,Y
801710.SI,建筑材料,801711.SI,水泥,857111.SI,水泥制造,000672.SZ,上峰水泥,20130701,,Y
801760.SI,传媒,801766.SI,影视院线,857661.SI,影视动漫制作,000673.SZ,当代退(退市),19970124,,Y
801030.SI,基础化工,801038.SI,农化制品,850332.SI,磷肥及磷化工,000675.SZ,ST银山(退市),19961226,,Y
801760.SI,传媒,801765.SI,广告营销,857651.SI,营销代理,000676.SZ,智度股份,20170629,,Y
801030.SI,基础化工,801032.SI,化学纤维,850343.SI,粘胶,000677.SZ,恒天海龙,20210730,,Y
801880.SI,汽车,801093.SI,汽车零部件,850923.SI,底盘与发动机系统,000678.SZ,襄阳轴承,19970106,,Y
801200.SI,商贸零售,801203.SI,一般零售,852031.SI,百货,000679.SZ,大连友谊,20220729,,Y
801890.SI,机械设备,801077.SI,工程机械,850771.SI,工程机械整机,000680.SZ,山推股份,19970122,,Y
801760.SI,传媒,801767.SI,数字媒体,857673.SI,图片媒体,000681.SZ,视觉中国,20131231,,Y
801730.SI,电力设备,801738.SI,电网设备,857321.SI,电网自动化设备,000682.SZ,东方电子,20210730,,Y
801030.SI,基础化工,801033.SI,化学原料,850321.SI,纯碱,000683.SZ,远兴能源,20110110,,Y
801970.SI,环保,801971.SI,环境治理,859712.SI,水务及水治理,000685.SZ,中山公用,19970123,,Y
801790.SI,非银金融,801193.SI,证券Ⅱ,851931.SI,证券Ⅲ,000686.SZ,东北证券,19970227,,Y
801740.SI,国防军工,801742.SI,航空装备Ⅱ,857421.SI,航空装备Ⅲ,000687.SZ,华讯退(退市),20080602,,Y
801050.SI,有色金属,801055.SI,工业金属,850553.SI,铅锌,000688.SZ,国城矿业,19961218,,Y
801050.SI,有色金属,801055.SI,工业金属,850551.SI,铝,000689.SZ,ST宏业(退市),19961231,,Y
801160.SI,公用事业,801161.SI,电力,851611.SI,火力发电,000690.SZ,宝新能源,20170526,,Y
801030.SI,基础化工,801033.SI,化学原料,850324.SI,其他化学原料,000691.SZ,亚太实业,20220729,,Y
801160.SI,公用事业,801161.SI,电力,851614.SI,热力服务,000692.SZ,惠天热电,19970227,,Y
801050.SI,有色金属,801054.SI,小金属,850544.SI,其他小金属,000693.SZ,华泽退(退市),20000428,,Y
801140.SI,轻工制造,801141.SI,包装印刷,851422.SI,印刷,000695.SZ,滨海能源,20190724,,Y
801740.SI,国防军工,801742.SI,航空装备Ⅱ,857421.SI,航空装备Ⅲ,000697.SZ,炼石航空,20190724,,Y
801960.SI,石油石化,801963.SI,炼化及贸易,859631.SI,炼油化工,000698.SZ,沈阳化工,20091231,,Y
801140.SI,轻工制造,801143.SI,造纸,851412.SI,大宗用纸,000699.SZ,S*ST佳纸(退市),19970310,,Y
801880.SI,汽车,801093.SI,汽车零部件,850922.SI,车身附件及饰件,000700.SZ,模塑科技,19970228,,Y
801080.SI,电子,801082.SI,其他电子Ⅱ,850841.SI,其他电子Ⅲ,000701.SZ,厦门信达,20210730,,Y
801010.SI,农林牧渔,801014.SI,饲料,850142.SI,畜禽饲料,000702.SZ,正虹科技,19970318,,Y
801960.SI,石油石化,801963.SI,炼化及贸易,859631.SI,炼油化工,000703.SZ,恒逸石化,20210730,,Y
801150.SI,医药生物,801154.SI,医药商业,851542.SI,医药流通,000705.SZ,浙江震元,19970410,,Y
801030.SI,基础化工,801033.SI,化学原料,850321.SI,纯碱,000707.SZ,双环科技,19970415,,Y
801040.SI,钢铁,801045.SI,特钢Ⅱ,850412.SI,特钢Ⅲ,000708.SZ,中信特钢,20210730,,Y
801040.SI,钢铁,801044.SI,普钢,850442.SI,板材,000709.SZ,河钢股份,19970416,,Y
801150.SI,医药生物,801156.SI,医疗服务,851562.SI,诊断服务,000710.SZ,贝瑞基因,20220729,,Y
801970.SI,环保,801971.SI,环境治理,859714.SI,综合环境治理,000711.SZ,*ST京蓝,20220729,,Y
801790.SI,非银金融,801193.SI,证券Ⅱ,851931.SI,证券Ⅲ,000712.SZ,锦龙股份,20090601,,Y
801010.SI,农林牧渔,801016.SI,种植业,850111.SI,种子,000713.SZ,丰乐种业,19970422,,Y
801200.SI,商贸零售,801203.SI,一般零售,852031.SI,百货,000715.SZ,中兴商业,19970508,,Y
801120.SI,食品饮料,801128.SI,休闲食品,851281.SI,零食,000716.SZ,黑芝麻,20220729,,Y
801040.SI,钢铁,801044.SI,普钢,850441.SI,长材,000717.SZ,中南股份,19970508,,Y
801180.SI,房地产,801181.SI,房地产开发,851811.SI,住宅开发,000718.SZ,苏宁环球,19970408,,Y
801760.SI,传媒,801769.SI,出版,857692.SI,大众出版,000719.SZ,中原传媒,20111010,,Y
801730.SI,电力设备,801738.SI,电网设备,857344.SI,线缆部件及其他,000720.SZ,新能泰山,20220729,,Y
801210.SI,社会服务,801219.SI,酒店餐饮,852141.SI,餐饮,000721.SZ,西安饮食,20210730,,Y
801160.SI,公用事业,801161.SI,电力,851612.SI,水力发电,000722.SZ,湖南发展,20130104,,Y
801950.SI,煤炭,801952.SI,焦炭Ⅱ,859521.SI,焦炭Ⅲ,000723.SZ,美锦能源,19970515,,Y
801080.SI,电子,801084.SI,光学光电子,850831.SI,面板,000725.SZ,京东方A,20010112,,Y
801130.SI,纺织服饰,801131.SI,纺织制造,851312.SI,棉纺,000726.SZ,鲁泰A,20001225,,Y
801080.SI,电子,801084.SI,光学光电子,850831.SI,面板,000727.SZ,冠捷科技,19970520,,Y
801790.SI,非银金融,801193.SI,证券Ⅱ,851931.SI,证券Ⅲ,000728.SZ,国元证券,20070702,,Y
801120.SI,食品饮料,801126.SI,非白酒,851232.SI,啤酒,000729.SZ,燕京啤酒,20210730,,Y
801030.SI,基础化工,801038.SI,农化制品,850331.SI,氮肥,000731.SZ,四川美丰,20210730,,Y
801180.SI,房地产,801181.SI,房地产开发,851811.SI,住宅开发,000732.SZ,ST泰禾(退市),20110110,,Y
801740.SI,国防军工,801745.SI,军工电子Ⅱ,857451.SI,军工电子Ⅲ,000733.SZ,振华科技,20210730,,Y
801010.SI,农林牧渔,801017.SI,养殖业,850172.SI,生猪养殖,000735.SZ,罗牛山,19970611,,Y
801180.SI,房地产,801181.SI,房地产开发,851811.SI,住宅开发,000736.SZ,中交地产,19970425,,Y
801050.SI,有色金属,801055.SI,工业金属,850552.SI,铜,000737.SZ,北方铜业,20220729,,Y
801740.SI,国防军工,801742.SI,航空装备Ⅱ,857421.SI,航空装备Ⅲ,000738.SZ,航发控制,19970626,,Y
801150.SI,医药生物,801151.SI,化学制药,851511.SI,原料药,000739.SZ,普洛药业,19970422,,Y
801770.SI,通信,801102.SI,通信设备,851026.SI,通信终端及配件,000748.SZ,长城信息(退市),19970704,,Y
801790.SI,非银金融,801193.SI,证券Ⅱ,851931.SI,证券Ⅲ,000750.SZ,国海证券,19970709,,Y
801050.SI,有色金属,801055.SI,工业金属,850553.SI,铅锌,000751.SZ,锌业股份,19970626,,Y
801120.SI,食品饮料,801126.SI,非白酒,851232.SI,啤酒,000752.SZ,ST西发,20210730,,Y
801230.SI,综合,801231.SI,综合Ⅱ,852311.SI,综合Ⅲ,000753.SZ,漳州发展,20150701,,Y
801170.SI,交通运输,801179.SI,铁路公路,851731.SI,高速公路,000755.SZ,山西高速,20210730,,Y
801150.SI,医药生物,801151.SI,化学制药,851511.SI,原料药,000756.SZ,新华制药,19970806,,Y
801880.SI,汽车,801092.SI,汽车服务,850233.SI,汽车综合服务,000757.SZ,浩物股份,19970627,,Y
801050.SI,有色金属,801055.SI,工业金属,850553.SI,铅锌,000758.SZ,中色股份,19970327,,Y
801200.SI,商贸零售,801203.SI,一般零售,852032.SI,超市,000759.SZ,中百集团,19970519,,Y
801880.SI,汽车,801093.SI,汽车零部件,850923.SI,底盘与发动机系统,000760.SZ,斯太退(退市),20091009,,Y
801040.SI,钢铁,801044.SI,普钢,850442.SI,板材,000761.SZ,本钢板材,19980115,,Y
801050.SI,有色金属,801056.SI,能源金属,850543.SI,锂,000762.SZ,西藏矿业,19970708,,Y
801170.SI,交通运输,801992.SI,航运港口,851711.SI,港口,000763.SZ,锦州石化(退市),19970915,,Y
801150.SI,医药生物,801151.SI,化学制药,851512.SI,化学制剂,000766.SZ,通化金马,20190724,,Y
801160.SI,公用事业,801161.SI,电力,851611.SI,火力发电,000767.SZ,晋控电力,19970609,,Y
801740.SI,国防军工,801742.SI,航空装备Ⅱ,857421.SI,航空装备Ⅲ,000768.SZ,中航西飞,19970626,,Y
801010.SI,农林牧渔,801019.SI,农业综合Ⅱ,850191.SI,农业综合Ⅲ,000769.SZ,*ST大菲(退市),19970530,,Y
801790.SI,非银金融,801193.SI,证券Ⅱ,851931.SI,证券Ⅲ,000776.SZ,广发证券,20070702,,Y
801890.SI,机械设备,801072.SI,通用设备,850751.SI,金属制品,000777.SZ,中核科技,19970710,,Y
801040.SI,钢铁,801044.SI,普钢,850443.SI,钢铁管材,000778.SZ,新兴铸管,19970606,,Y
801720.SI,建筑装饰,801726.SI,工程咨询服务Ⅱ,857261.SI,工程咨询服务Ⅲ,000779.SZ,甘咨询,19970528,,Y
801950.SI,煤炭,801951.SI,煤炭开采,859511.SI,动力煤,000780.SZ,ST平能(退市),19970606,,Y
801030.SI,基础化工,801032.SI,化学纤维,850346.SI,锦纶,000782.SZ,恒申新材,20210730,,Y
801790.SI,非银金融,801193.SI,证券Ⅱ,851931.SI,证券Ⅲ,000783.SZ,长江证券,19970731,,Y
801200.SI,商贸零售,801203.SI,一般零售,852034.SI,商业物业经营,000785.SZ,居然之家,20210730,,Y
801710.SI,建筑材料,801713.SI,装修建材,850614.SI,其他建材,000786.SZ,北新建材,19970606,,Y
801750.SI,计算机,801103.SI,IT服务Ⅱ,852226.SI,IT服务Ⅲ,000787.SZ,*ST创智(退市),19970626,,Y
801150.SI,医药生物,801151.SI,化学制药,851512.SI,化学制剂,000788.SZ,北大医药,20190724,,Y
801710.SI,建筑材料,801711.SI,水泥,857111.SI,水泥制造,000789.SZ,万年青,19970923,,Y
801150.SI,医药生物,801155.SI,中药Ⅱ,851521.SI,中药Ⅲ,000790.SZ,华神科技,19980327,,Y
801160.SI,公用事业,801161.SI,电力,851612.SI,水力发电,000791.SZ,甘肃能源,20130104,,Y
801030.SI,基础化工,801038.SI,农化制品,850336.SI,钾肥,000792.SZ,盐湖股份,20210730,,Y
801760.SI,传媒,801769.SI,出版,857692.SI,大众出版,000793.SZ,华闻集团,20070702,,Y
801050.SI,有色金属,801051.SI,金属新材料,850522.SI,磁性材料,000795.SZ,英洛华,20080102,,Y
801210.SI,社会服务,801993.SI,旅游及景区,852131.SI,旅游综合,000796.SZ,ST凯撒,20210730,,Y
801180.SI,房地产,801181.SI,房地产开发,851811.SI,住宅开发,000797.SZ,中国武夷,19970715,,Y
801010.SI,农林牧渔,801015.SI,渔业,850121.SI,海洋捕捞,000798.SZ,中水渔业,19980212,,Y
801120.SI,食品饮料,801125.SI,白酒Ⅱ,851251.SI,白酒Ⅲ,000799.SZ,酒鬼酒,19970718,,Y
801880.SI,汽车,801096.SI,商用车,850912.SI,商用载货车,000800.SZ,一汽解放,19970618,,Y
801110.SI,家用电器,801112.SI,黑色家电,851122.SI,其他黑色家电,000801.SZ,四川九洲,19980506,,Y
801760.SI,传媒,801766.SI,影视院线,857661.SI,影视动漫制作,000802.SZ,北京文化,20151102,,Y
801160.SI,公用事业,801161.SI,电力,851610.SI,电能综合服务,000803.SZ,山高环能,20190724,,Y
801750.SI,计算机,801103.SI,IT服务Ⅱ,852226.SI,IT服务Ⅲ,000805.SZ,*ST炎黄(退市),19980529,,Y
801050.SI,有色金属,801055.SI,工业金属,850551.SI,铝,000807.SZ,云铝股份,19980408,,Y
801180.SI,房地产,801181.SI,房地产开发,851811.SI,住宅开发,000809.SZ,*ST和展,20090109,,Y
801110.SI,家用电器,801112.SI,黑色家电,851122.SI,其他黑色家电,000810.SZ,创维数字,20180420,,Y
801890.SI,机械设备,801072.SI,通用设备,850715.SI,制冷空调设备,000811.SZ,冰轮环境,19980528,,Y
801140.SI,轻工制造,801141.SI,包装印刷,851425.SI,纸包装,000812.SZ,陕西金叶,19980623,,Y
801150.SI,医药生物,801151.SI,化学制药,851512.SI,化学制剂,000813.SZ,德展健康,20180809,,Y
801140.SI,轻工制造,801143.SI,造纸,851412.SI,大宗用纸,000815.SZ,美利云,19980609,,Y
801880.SI,汽车,801093.SI,汽车零部件,850923.SI,底盘与发动机系统,000816.SZ,智慧农业,19970818,,Y
801760.SI,传媒,801767.SI,数字媒体,857671.SI,视频媒体,000817.SZ,辽河油田(退市),19980528,,Y
801030.SI,基础化工,801033.SI,化学原料,850322.SI,氯碱,000818.SZ,航锦科技,20170629,,Y
801960.SI,石油石化,801963.SI,炼化及贸易,859633.SI,其他石化,000819.SZ,岳阳兴长,19970625,,Y
801970.SI,环保,801971.SI,环境治理,859713.SI,固废治理,000820.SZ,神雾节能,19980630,,Y
801730.SI,电力设备,801735.SI,光伏设备,857355.SI,光伏加工设备,000821.SZ,京山轻机,20220729,,Y
801030.SI,基础化工,801033.SI,化学原料,850321.SI,纯碱,000822.SZ,山东海化,19980703,,Y
801080.SI,电子,801083.SI,元件,850822.SI,印制电路板,000823.SZ,超声电子,19971008,,Y
801040.SI,钢铁,801045.SI,特钢Ⅱ,850412.SI,特钢Ⅲ,000825.SZ,太钢不锈,20210730,,Y
801970.SI,环保,801971.SI,环境治理,859714.SI,综合环境治理,000826.SZ,启迪环境,19980225,,Y
801710.SI,建筑材料,801711.SI,水泥,857111.SI,水泥制造,000827.SZ,*ST长兴(退市),20050701,,Y
801170.SI,交通运输,801179.SI,铁路公路,851731.SI,高速公路,000828.SZ,东莞控股,20210730,,Y
801200.SI,商贸零售,801204.SI,专业连锁Ⅱ,852041.SI,专业连锁Ⅲ,000829.SZ,天音控股,20060901,,Y
801030.SI,基础化工,801033.SI,化学原料,850325.SI,煤化工,000830.SZ,鲁西化工,20210730,,Y
801050.SI,有色金属,801054.SI,小金属,850541.SI,稀土,000831.SZ,中国稀土,19980911,,Y
801030.SI,基础化工,801032.SI,化学纤维,850341.SI,涤纶,000832.SZ,*ST龙涤(退市),19980825,,Y
801230.SI,综合,801231.SI,综合Ⅱ,852311.SI,综合Ⅲ,000833.SZ,粤桂股份,20190724,,Y
801760.SI,传媒,801764.SI,游戏Ⅱ,857641.SI,游戏Ⅲ,000835.SZ,长动退(退市),20070702,,Y
801770.SI,通信,801102.SI,通信设备,851025.SI,通信线缆及配套,000836.SZ,ST富通,20130701,,Y
801890.SI,机械设备,801072.SI,通用设备,850711.SI,机床工具,000837.SZ,秦川机床,19980928,,Y
801180.SI,房地产,801181.SI,房地产开发,851811.SI,住宅开发,000838.SZ,财信发展,20090105,,Y
801770.SI,通信,801223.SI,通信服务,852214.SI,通信应用增值服务,000839.SZ,中信国安,20220729,,Y
801120.SI,食品饮料,801127.SI,饮料乳品,851271.SI,软饮料,000848.SZ,承德露露,19971113,,Y
801130.SI,纺织服饰,801131.SI,纺织制造,851312.SI,棉纺,000850.SZ,华茂股份,19981007,,Y
801770.SI,通信,801102.SI,通信设备,851024.SI,通信网络设备及器件,000851.SZ,ST高鸿,19980609,,Y
801890.SI,机械设备,801074.SI,专用设备,850725.SI,能源及重型设备,000852.SZ,石化机械,19981126,,Y
801890.SI,机械设备,801074.SI,专用设备,850727.SI,其他专用设备,000856.SZ,冀东装备,19980813,,Y
801120.SI,食品饮料,801125.SI,白酒Ⅱ,851251.SI,白酒Ⅲ,000858.SZ,五粮液,19980427,,Y
801030.SI,基础化工,801036.SI,塑料,850355.SI,膜材料,000859.SZ,国风新材,20210730,,Y
801120.SI,食品饮料,801125.SI,白酒Ⅱ,851251.SI,白酒Ⅲ,000860.SZ,顺鑫农业,19981104,,Y
801200.SI,商贸零售,801203.SI,一般零售,852034.SI,商业物业经营,000861.SZ,海印股份,20120702,,Y
801160.SI,公用事业,801161.SI,电力,851617.SI,风力发电,000862.SZ,银星能源,19980915,,Y
801180.SI,房地产,801181.SI,房地产开发,851811.SI,住宅开发,000863.SZ,三湘印象,20190724,,Y
801170.SI,交通运输,801992.SI,航运港口,851711.SI,港口,000866.SZ,扬子石化(退市),19980512,,Y
801880.SI,汽车,801096.SI,商用车,850913.SI,商用载客车,000868.SZ,安凯客车,20210730,,Y
801120.SI,食品饮料,801126.SI,非白酒,851233.SI,其他酒类,000869.SZ,张裕A,20070702,,Y
801160.SI,公用事业,801161.SI,电力,851610.SI,电能综合服务,000875.SZ,吉电股份,20190724,,Y
801010.SI,农林牧渔,801017.SI,养殖业,850172.SI,生猪养殖,000876.SZ,新希望,19980311,,Y
801710.SI,建筑材料,801711.SI,水泥,857111.SI,水泥制造,000877.SZ,天山股份,19990107,,Y
801050.SI,有色金属,801055.SI,工业金属,850552.SI,铜,000878.SZ,云南铜业,19980602,,Y
801880.SI,汽车,801093.SI,汽车零部件,850923.SI,底盘与发动机系统,000880.SZ,潍柴重机,19980402,,Y
801030.SI,基础化工,801034.SI,化学制品,850339.SI,其他化学制品,000881.SZ,中广核技,20190724,,Y
801200.SI,商贸零售,801203.SI,一般零售,852031.SI,百货,000882.SZ,华联股份,19980616,,Y
801160.SI,公用事业,801161.SI,电力,851610.SI,电能综合服务,000883.SZ,湖北能源,20210730,,Y
801970.SI,环保,801971.SI,环境治理,859713.SI,固废治理,000885.SZ,城发环境,20240517,,Y
801180.SI,房地产,801181.SI,房地产开发,851811.SI,住宅开发,000886.SZ,海南高速,20220729,,Y
801880.SI,汽车,801093.SI,汽车零部件,850925.SI,其他汽车零部件,000887.SZ,中鼎股份,19981203,,Y
801210.SI,社会服务,801993.SI,旅游及景区,852112.SI,自然景区,000888.SZ,峨眉山A,20210730,,Y
801770.SI,通信,801223.SI,通信服务,852213.SI,通信工程及服务,000889.SZ,ST中嘉,20070702,,Y
801970.SI,环保,801972.SI,环保设备Ⅱ,859721.SI,环保设备Ⅲ,000890.SZ,法尔胜,20220729,,Y
801760.SI,传媒,801766.SI,影视院线,857661.SI,影视动漫制作,000892.SZ,欢瑞世纪,20171211,,Y
801030.SI,基础化工,801038.SI,农化制品,850336.SI,钾肥,000893.SZ,亚钾国际,20210730,,Y
801120.SI,食品饮料,801124.SI,食品加工,851241.SI,肉制品,000895.SZ,双汇发展,19981210,,Y
801180.SI,房地产,801181.SI,房地产开发,851811.SI,住宅开发,000897.SZ,津滨发展,19990104,,Y
801040.SI,钢铁,801044.SI,普钢,850442.SI,板材,000898.SZ,鞍钢股份,19971225,,Y
801160.SI,公用事业,801161.SI,电力,851611.SI,火力发电,000899.SZ,赣能股份,19971126,,Y
801170.SI,交通运输,801179.SI,铁路公路,851731.SI,高速公路,000900.SZ,现代投资,20210730,,Y
801880.SI,汽车,801093.SI,汽车零部件,850926.SI,汽车电子电气系统,000901.SZ,航天科技,20220729,,Y
801030.SI,基础化工,801038.SI,农化制品,850381.SI,复合肥,000902.SZ,新洋丰,20210730,,Y
801880.SI,汽车,801093.SI,汽车零部件,850923.SI,底盘与发动机系统,000903.SZ,云内动力,19990104,,Y
801170.SI,交通运输,801992.SI,航运港口,851711.SI,港口,000905.SZ,厦门港务,20210730,,Y
801170.SI,交通运输,801178.SI,物流,851782.SI,原材料供应链服务,000906.SZ,浙商中拓,20210615,,Y
801150.SI,医药生物,801151.SI,化学制药,851512.SI,化学制剂,000908.SZ,*ST景峰,20150701,,Y
801180.SI,房地产,801181.SI,房地产开发,851811.SI,住宅开发,000909.SZ,ST数源,20090105,,Y
801140.SI,轻工制造,801142.SI,家居用品,851436.SI,瓷砖地板,000910.SZ,大亚圣象,19990630,,Y
801010.SI,农林牧渔,801012.SI,农产品加工,850154.SI,其他农产品加工,000911.SZ,广农糖业,19990104,,Y
801030.SI,基础化工,801038.SI,农化制品,850331.SI,氮肥,000912.SZ,泸天化,20210730,,Y
801880.SI,汽车,801881.SI,摩托车及其他,858812.SI,摩托车,000913.SZ,钱江摩托,20210730,,Y
801150.SI,医药生物,801151.SI,化学制药,851512.SI,化学制剂,000915.SZ,华特达因,20110110,,Y
801170.SI,交通运输,801179.SI,铁路公路,851731.SI,高速公路,000916.SZ,华北高速(退市),19990927,,Y
801760.SI,传媒,801995.SI,电视广播Ⅱ,859951.SI,电视广播Ⅲ,000917.SZ,电广传媒,19990325,,Y
801180.SI,房地产,801181.SI,房地产开发,851811.SI,住宅开发,000918.SZ,*ST嘉凯(退市),20100118,,Y
801150.SI,医药生物,801151.SI,化学制药,851512.SI,化学制剂,000919.SZ,金陵药业,20220729,,Y
801030.SI,基础化工,801036.SI,塑料,850355.SI,膜材料,000920.SZ,沃顿科技,20220729,,Y
801110.SI,家用电器,801111.SI,白色家电,851112.SI,空调,000921.SZ,海信家电,19990713,,Y
801730.SI,电力设备,801731.SI,电机Ⅱ,850741.SI,电机Ⅲ,000922.SZ,佳电股份,19990618,,Y
801040.SI,钢铁,801043.SI,冶钢原料,850431.SI,铁矿石,000923.SZ,河钢资源,19990714,,Y
801890.SI,机械设备,801076.SI,轨交设备Ⅱ,850936.SI,轨交设备Ⅲ,000925.SZ,众合科技,20111230,,Y
801180.SI,房地产,801181.SI,房地产开发,851811.SI,住宅开发,000926.SZ,福星股份,19990618,,Y
801890.SI,机械设备,801076.SI,轨交设备Ⅱ,850936.SI,轨交设备Ⅲ,000927.SZ,中国铁物,20220325,,Y
801720.SI,建筑装饰,801724.SI,专业工程,857243.SI,国际工程,000928.SZ,中钢国际,20150701,,Y
801120.SI,食品饮料,801126.SI,非白酒,851232.SI,啤酒,000929.SZ,兰州黄河,20210730,,Y
801010.SI,农林牧渔,801012.SI,农产品加工,850154.SI,其他农产品加工,000930.SZ,中粮科技,20110110,,Y
801150.SI,医药生物,801151.SI,化学制药,851512.SI,化学制剂,000931.SZ,中关村,20190724,,Y
801040.SI,钢铁,801044.SI,普钢,850442.SI,板材,000932.SZ,华菱钢铁,19990803,,Y
801050.SI,有色金属,801055.SI,工业金属,850551.SI,铝,000933.SZ,神火股份,20180619,,Y
801790.SI,非银金融,801191.SI,多元金融,851927.SI,资产管理,000935.SZ,四川双马,20230704,,Y
801030.SI,基础化工,801032.SI,化学纤维,850341.SI,涤纶,000936.SZ,华西股份,19990810,,Y
801950.SI,煤炭,801951.SI,煤炭开采,859512.SI,焦煤,000937.SZ,冀中能源,19990909,,Y
801750.SI,计算机,801103.SI,IT服务Ⅱ,852226.SI,IT服务Ⅲ,000938.SZ,紫光股份,20210730,,Y
801160.SI,公用事业,801161.SI,电力,851617.SI,风力发电,000939.SZ,凯迪退(退市),20170522,,Y
801750.SI,计算机,801104.SI,软件开发,851041.SI,垂直应用软件,000948.SZ,南天信息,19991014,,Y
801030.SI,基础化工,801032.SI,化学纤维,850345.SI,氨纶,000949.SZ,新乡化纤,20210730,,Y
801150.SI,医药生物,801154.SI,医药商业,851542.SI,医药流通,000950.SZ,重药控股,20190724,,Y
801880.SI,汽车,801096.SI,商用车,850912.SI,商用载货车,000951.SZ,中国重汽,20210730,,Y
801150.SI,医药生物,801151.SI,化学制药,851511.SI,原料药,000952.SZ,广济药业,19991112,,Y
801150.SI,医药生物,801151.SI,化学制药,851511.SI,原料药,000953.SZ,河化股份,20220729,,Y
801130.SI,纺织服饰,801131.SI,纺织制造,851316.SI,其他纺织,000955.SZ,欣龙控股,20110110,,Y
801760.SI,传媒,801767.SI,数字媒体,857671.SI,视频媒体,000956.SZ,中原油气(退市),19991110,,Y
801880.SI,汽车,801096.SI,商用车,850913.SI,商用载客车,000957.SZ,中通客车,20210730,,Y
801790.SI,非银金融,801191.SI,多元金融,851928.SI,其他多元金融,000958.SZ,电投产融,20220729,,Y
801040.SI,钢铁,801044.SI,普钢,850442.SI,板材,000959.SZ,首钢股份,19991216,,Y
801050.SI,有色金属,801054.SI,小金属,850544.SI,其他小金属,000960.SZ,锡业股份,20000221,,Y
801180.SI,房地产,801181.SI,房地产开发,851811.SI,住宅开发,000961.SZ,ST中南(退市),20080102,,Y
801050.SI,有色金属,801054.SI,小金属,850544.SI,其他小金属,000962.SZ,东方钽业,20210730,,Y
801150.SI,医药生物,801151.SI,化学制药,851512.SI,化学制剂,000963.SZ,华东医药,20000127,,Y
801180.SI,房地产,801181.SI,房地产开发,851811.SI,住宅开发,000965.SZ,天保基建,20000406,,Y
801160.SI,公用事业,801161.SI,电力,851611.SI,火力发电,000966.SZ,长源电力,20000224,,Y
801970.SI,环保,801972.SI,环保设备Ⅱ,859721.SI,环保设备Ⅲ,000967.SZ,盈峰环境,20000328,,Y
801960.SI,石油石化,801961.SI,油气开采Ⅱ,859611.SI,油气开采Ⅲ,000968.SZ,蓝焰控股,20000622,,Y
801050.SI,有色金属,801051.SI,金属新材料,850521.SI,其他金属新材料,000969.SZ,安泰科技,20110110,,Y
801050.SI,有色金属,801051.SI,金属新材料,850522.SI,磁性材料,000970.SZ,中科三环,20100104,,Y
801770.SI,通信,801223.SI,通信服务,852214.SI,通信应用增值服务,000971.SZ,*ST高升(退市),20170526,,Y
801010.SI,农林牧渔,801012.SI,农产品加工,850151.SI,果蔬加工,000972.SZ,中基健康,20000512,,Y
801030.SI,基础化工,801036.SI,塑料,850355.SI,膜材料,000973.SZ,佛塑科技,20210730,,Y
801050.SI,有色金属,801053.SI,贵金属,850531.SI,黄金,000975.SZ,山金国际,20190724,,Y
801890.SI,机械设备,801076.SI,轨交设备Ⅱ,850936.SI,轨交设备Ⅲ,000976.SZ,*ST华铁,20170629,,Y
801750.SI,计算机,801101.SI,计算机设备,850703.SI,其他计算机设备,000977.SZ,浪潮信息,20000608,,Y
801210.SI,社会服务,801993.SI,旅游及景区,852112.SI,自然景区,000978.SZ,桂林旅游,20210730,,Y
801180.SI,房地产,801181.SI,房地产开发,851811.SI,住宅开发,000979.SZ,中弘退(退市),20000616,,Y
801880.SI,汽车,801093.SI,汽车零部件,850926.SI,汽车电子电气系统,000980.SZ,众泰汽车,20000616,,Y
801880.SI,汽车,801093.SI,汽车零部件,850923.SI,底盘与发动机系统,000981.SZ,山子高科,20220729,,Y
801950.SI,煤炭,801951.SI,煤炭开采,859512.SI,焦煤,000983.SZ,山西焦煤,20000726,,Y
801960.SI,石油石化,801963.SI,炼化及贸易,859633.SI,其他石化,000985.SZ,大庆华科,20210730,,Y
801790.SI,非银金融,801191.SI,多元金融,851922.SI,金融控股,000987.SZ,越秀资本,20210730,,Y
801890.SI,机械设备,801078.SI,自动化设备,850783.SI,激光设备,000988.SZ,华工科技,20210730,,Y
801150.SI,医药生物,801155.SI,中药Ⅱ,851521.SI,中药Ⅲ,000989.SZ,ST九芝,20000628,,Y
801030.SI,基础化工,801033.SI,化学原料,850325.SI,煤化工,000990.SZ,诚志股份,20210730,,Y
801080.SI,电子,801084.SI,光学光电子,850831.SI,面板,000991.SZ,通海高科(IPO终止),20160823,,Y
801160.SI,公用事业,801161.SI,电力,851612.SI,水力发电,000993.SZ,闽东电力,20000731,,Y
801120.SI,食品饮料,801125.SI,白酒Ⅱ,851251.SI,白酒Ⅲ,000995.SZ,皇台酒业,20000807,,Y
801880.SI,汽车,801092.SI,汽车服务,850232.SI,汽车经销商,000996.SZ,中期退(退市),20000718,,Y
801750.SI,计算机,801101.SI,计算机设备,850703.SI,其他计算机设备,000997.SZ,新大陆,20000801,,Y
801010.SI,农林牧渔,801016.SI,种植业,850111.SI,种子,000998.SZ,隆平高科,20000629,,Y
801150.SI,医药生物,801155.SI,中药Ⅱ,851521.SI,中药Ⅲ,000999.SZ,华润三九,20000309,,Y
801010.SI,农林牧渔,801017.SI,养殖业,850172.SI,生猪养殖,001201.SZ,东瑞股份,20210415,,Y
801170.SI,交通运输,801178.SI,物流,851782.SI,原材料供应链服务,001202.SZ,炬申股份,20210415,,Y
801040.SI,钢铁,801043.SI,冶钢原料,850431.SI,铁矿石,001203.SZ,大中矿业,20210421,,Y
801170.SI,交通运输,801992.SI,航运港口,851761.SI,航运,001205.SZ,盛航股份,20210730,,Y
801980.SI,美容护理,801981.SI,个护用品,859811.SI,生活用纸,001206.SZ,依依股份,20210510,,Y
801030.SI,基础化工,801037.SI,橡胶,850363.SI,炭黑,001207.SZ,联科科技,20210607,,Y
801730.SI,电力设备,801738.SI,电网设备,857344.SI,线缆部件及其他,001208.SZ,华菱线缆,20210607,,Y
801130.SI,纺织服饰,801132.SI,服装家纺,851329.SI,非运动服装,001209.SZ,洪兴股份,20210609,,Y
801160.SI,公用事业,801161.SI,电力,851614.SI,热力服务,001210.SZ,金房能源,20210622,,Y
801140.SI,轻工制造,801142.SI,家居用品,851491.SI,其他家居用品,001211.SZ,双枪科技,20210727,,Y
801710.SI,建筑材料,801713.SI,装修建材,850614.SI,其他建材,001212.SZ,中旗新材,20210723,,Y
801170.SI,交通运输,801179.SI,铁路公路,851771.SI,铁路运输,001213.SZ,中铁特货,20210820,,Y
801120.SI,食品饮料,801124.SI,食品加工,851246.SI,预加工食品,001215.SZ,千味央厨,20210820,,Y
801140.SI,轻工制造,801142.SI,家居用品,851491.SI,其他家居用品,001216.SZ,华瓷股份,20210903,,Y
801030.SI,基础化工,801033.SI,化学原料,850324.SI,其他化学原料,001217.SZ,华尔泰,20210913,,Y
801030.SI,基础化工,801034.SI,化学制品,850339.SI,其他化学制品,001218.SZ,丽臣实业,20210917,,Y
801120.SI,食品饮料,801128.SI,休闲食品,851282.SI,烘焙食品,001219.SZ,青岛食品,20210924,,Y
801140.SI,轻工制造,801145.SI,文娱用品,851452.SI,娱乐用品,001222.SZ,源飞宠物,20220801,,Y
801890.SI,机械设备,801078.SI,自动化设备,850784.SI,其他自动化设备,001223.SZ,欧克科技,20221125,,Y
801890.SI,机械设备,801074.SI,专用设备,850725.SI,能源及重型设备,001225.SZ,和泰机电,20230213,,Y
801890.SI,机械设备,801077.SI,工程机械,850772.SI,工程机械器件,001226.SZ,拓山重工,20220520,,Y
801780.SI,银行,801784.SI,城商行Ⅱ,857841.SI,城商行Ⅲ,001227.SZ,兰州银行,20211210,,Y
801170.SI,交通运输,801178.SI,物流,851785.SI,跨境物流,001228.SZ,永泰运,20220415,,Y
801750.SI,计算机,801101.SI,计算机设备,850703.SI,其他计算机设备,001229.SZ,魅视科技,20220725,,Y
801970.SI,环保,801971.SI,环境治理,859713.SI,固废治理,001230.SZ,劲旅环境,20220701,,Y
801030.SI,基础化工,801038.SI,农化制品,850333.SI,农药,001231.SZ,农心科技,20220715,,Y
801130.SI,纺织服饰,801131.SI,纺织制造,851316.SI,其他纺织,001234.SZ,泰慕士,20211203,,Y
801790.SI,非银金融,801191.SI,多元金融,851923.SI,期货,001236.SZ,弘业期货,20220701,,Y
801140.SI,轻工制造,801145.SI,文娱用品,851452.SI,娱乐用品,001238.SZ,浙江正特,20220902,,Y
801890.SI,机械设备,801077.SI,工程机械,850772.SI,工程机械器件,001239.SZ,永达股份,20231201,,Y
801030.SI,基础化工,801036.SI,塑料,850354.SI,合成树脂,001255.SZ,博菲电气,20220826,,Y
801890.SI,机械设备,801074.SI,专用设备,850726.SI,印刷包装机械,001256.SZ,炜冈科技,20221121,,Y
801160.SI,公用事业,801161.SI,电力,851617.SI,风力发电,001258.SZ,立新能源,20220708,,Y
801110.SI,家用电器,801113.SI,小家电,851131.SI,厨房小家电,001259.SZ,利仁科技,20220819,,Y
801880.SI,汽车,801093.SI,汽车零部件,850922.SI,车身附件及饰件,001260.SZ,坤泰股份,20230213,,Y
801890.SI,机械设备,801078.SI,自动化设备,850782.SI,工控设备,001266.SZ,宏英智能,20220211,,Y
801720.SI,建筑装饰,801723.SI,基础建设,857251.SI,园林工程,001267.SZ,汇绿生态,20211117,,Y
801110.SI,家用电器,801116.SI,家电零部件Ⅱ,851161.SI,家电零部件Ⅲ,001268.SZ,联合精密,20220617,,Y
801730.SI,电力设备,801735.SI,光伏设备,857354.SI,光伏辅材,001269.SZ,欧晶科技,20220826,,Y
801740.SI,国防军工,801745.SI,军工电子Ⅱ,857451.SI,军工电子Ⅲ,001270.SZ,铖昌科技,20220520,,Y
801880.SI,汽车,801093.SI,汽车零部件,850922.SI,车身附件及饰件,001278.SZ,一彬科技,20230213,,Y
801880.SI,汽车,801093.SI,汽车零部件,850923.SI,底盘与发动机系统,001282.SZ,三联锻造,20230504,,Y
801730.SI,电力设备,801737.SI,电池,857371.SI,锂电池,001283.SZ,豪鹏科技,20220826,,Y
801160.SI,公用事业,801161.SI,电力,851611.SI,火力发电,001286.SZ,陕西能源,20230504,,Y
801080.SI,电子,801082.SI,其他电子Ⅱ,850841.SI,其他电子Ⅲ,001287.SZ,中电港,20230327,,Y
801890.SI,机械设备,801074.SI,专用设备,850725.SI,能源及重型设备,001288.SZ,运机集团,20211015,,Y
801160.SI,公用事业,801161.SI,电力,851617.SI,风力发电,001289.SZ,龙源电力,20220218,,Y
801030.SI,基础化工,801039.SI,非金属材料Ⅱ,850523.SI,非金属材料Ⅲ,001296.SZ,长江材料,20211119,,Y
801080.SI,电子,801082.SI,其他电子Ⅱ,850841.SI,其他电子Ⅲ,001298.SZ,好上好,20220916,,Y
801160.SI,公用事业,801163.SI,燃气Ⅱ,851631.SI,燃气Ⅲ,001299.SZ,美能能源,20220923,,Y
801140.SI,轻工制造,801145.SI,文娱用品,851452.SI,娱乐用品,001300.SZ,三柏硕,20220923,,Y
801730.SI,电力设备,801737.SI,电池,857372.SI,电池化学品,001301.SZ,尚太科技,20221121,,Y
801890.SI,机械设备,801072.SI,通用设备,850751.SI,金属制品,001306.SZ,夏厦精密,20231027,,Y
801080.SI,电子,801084.SI,光学光电子,850831.SI,面板,001308.SZ,康冠科技,20220304,,Y
801750.SI,计算机,801101.SI,计算机设备,850703.SI,其他计算机设备,001309.SZ,德明利,20220624,,Y
801880.SI,汽车,801093.SI,汽车零部件,850925.SI,其他汽车零部件,001311.SZ,多利科技,20230213,,Y
801010.SI,农林牧渔,801014.SI,饲料,850143.SI,水产饲料,001313.SZ,粤海饲料,20220121,,Y
801080.SI,电子,801085.SI,消费电子,850854.SI,消费电子零部件及组装,001314.SZ,亿道信息,20230120,,Y
801960.SI,石油石化,801963.SI,炼化及贸易,859632.SI,油品石化贸易,001316.SZ,润贝航科,20220617,,Y
801170.SI,交通运输,801179.SI,铁路公路,851771.SI,铁路运输,001317.SZ,三羊马,20211022,,Y
801120.SI,食品饮料,801127.SI,饮料乳品,851243.SI,乳品,001318.SZ,阳光乳业,20220429,,Y
801880.SI,汽车,801093.SI,汽车零部件,850922.SI,车身附件及饰件,001319.SZ,铭科精技,20221202,,Y
801140.SI,轻工制造,801142.SI,家居用品,851439.SI,卫浴制品,001322.SZ,箭牌家居,20220909,,Y
801140.SI,轻工制造,801142.SI,家居用品,851437.SI,成品家居,001323.SZ,慕思股份,20220805,,Y
801890.SI,机械设备,801076.SI,轨交设备Ⅱ,850936.SI,轨交设备Ⅲ,001324.SZ,长青科技,20230504,,Y
801110.SI,家用电器,801115.SI,照明设备Ⅱ,851151.SI,照明设备Ⅲ,001326.SZ,联域股份,20231027,,Y
801980.SI,美容护理,801981.SI,个护用品,859812.SI,洗护用品,001328.SZ,登康口腔,20230327,,Y
801760.SI,传媒,801766.SI,影视院线,857661.SI,影视动漫制作,001330.SZ,博纳影业,20220805,,Y
801160.SI,公用事业,801163.SI,燃气Ⅱ,851631.SI,燃气Ⅲ,001331.SZ,胜通能源,20220805,,Y
801890.SI,机械设备,801074.SI,专用设备,850725.SI,能源及重型设备,001332.SZ,锡装股份,20220909,,Y
801030.SI,基础化工,801036.SI,塑料,850354.SI,合成树脂,001333.SZ,光华股份,20221028,,Y
801970.SI,环保,801972.SI,环保设备Ⅱ,859721.SI,环保设备Ⅲ,001336.SZ,楚环科技,20220708,,Y
801050.SI,有色金属,801053.SI,贵金属,850531.SI,黄金,001337.SZ,四川黄金,20230224,,Y
801010.SI,农林牧渔,801012.SI,农产品加工,850154.SI,其他农产品加工,001338.SZ,永顺泰,20221028,,Y
801750.SI,计算机,801101.SI,计算机设备,850703.SI,其他计算机设备,001339.SZ,智微智能,20220805,,Y
801030.SI,基础化工,801034.SI,化学制品,850339.SI,其他化学制品,001358.SZ,兴欣新材,20231201,,Y
801030.SI,基础化工,801036.SI,塑料,850355.SI,膜材料,001359.SZ,平安电工,20240318,,Y
801890.SI,机械设备,801074.SI,专用设备,850725.SI,能源及重型设备,001360.SZ,南矿集团,20230327,,Y
801010.SI,农林牧渔,801014.SI,饲料,850142.SI,畜禽饲料,001366.SZ,播恩集团,20230224,,Y
801150.SI,医药生物,801151.SI,化学制药,851511.SI,原料药,001367.SZ,海森药业,20230327,,Y
801140.SI,轻工制造,801145.SI,文娱用品,851452.SI,娱乐用品,001368.SZ,通达创智,20230224,,Y
801080.SI,电子,801084.SI,光学光电子,850833.SI,光学元件,001373.SZ,翔腾新材,20230526,,Y
801160.SI,公用事业,801161.SI,电力,851614.SI,热力服务,001376.SZ,百通能源,20231027,,Y
801030.SI,基础化工,801036.SI,塑料,850355.SI,膜材料,001378.SZ,德冠新材,20231013,,Y
801890.SI,机械设备,801072.SI,通用设备,850751.SI,金属制品,001379.SZ,腾达科技,20231229,,Y
801880.SI,汽车,801093.SI,汽车零部件,850923.SI,底盘与发动机系统,001380.SZ,华纬科技,20230504,,Y
801110.SI,家用电器,801111.SI,白色家电,851116.SI,冰洗,001387.SZ,雪祺电气,20231222,,Y
801080.SI,电子,801083.SI,元件,850822.SI,印制电路板,001389.SZ,广合科技,20240318,,Y
801890.SI,机械设备,801072.SI,通用设备,850716.SI,其他通用设备,001696.SZ,宗申动力,20140701,,Y
801170.SI,交通运输,801992.SI,航运港口,851711.SI,港口,001872.SZ,招商港口,20210730,,Y
801160.SI,公用事业,801161.SI,电力,851611.SI,火力发电,001896.SZ,豫能控股,19980122,,Y
801180.SI,房地产,801183.SI,房地产服务,851831.SI,物业管理,001914.SZ,招商积余,20210730,,Y
801170.SI,交通运输,801179.SI,铁路公路,851731.SI,高速公路,001965.SZ,招商公路,20210730,,Y
801180.SI,房地产,801181.SI,房地产开发,851812.SI,商业地产,001979.SZ,招商蛇口,20210730,,Y
801150.SI,医药生物,801151.SI,化学制药,851511.SI,原料药,002001.SZ,新和成,20040618,,Y
801030.SI,基础化工,801033.SI,化学原料,850322.SI,氯碱,002002.SZ,ST鸿达(退市),20170629,,Y
801130.SI,纺织服饰,801131.SI,纺织制造,851315.SI,辅料,002003.SZ,伟星股份,20040622,,Y
801150.SI,医药生物,801151.SI,化学制药,851512.SI,化学制剂,002004.SZ,华邦健康,20210730,,Y
801110.SI,家用电器,801113.SI,小家电,851131.SI,厨房小家电,002005.SZ,ST德豪,20210730,,Y
801890.SI,机械设备,801074.SI,专用设备,850727.SI,其他专用设备,002006.SZ,精工科技,20170629,,Y
801150.SI,医药生物,801152.SI,生物制品,851523.SI,疫苗,002007.SZ,华兰生物,20220729,,Y
801890.SI,机械设备,801078.SI,自动化设备,850783.SI,激光设备,002008.SZ,大族激光,20210730,,Y
801890.SI,机械设备,801074.SI,专用设备,850727.SI,其他专用设备,002009.SZ,天奇股份,20040624,,Y
801170.SI,交通运输,801178.SI,物流,851787.SI,公路货运,002010.SZ,传化智联,20180420,,Y
801110.SI,家用电器,801116.SI,家电零部件Ⅱ,851161.SI,家电零部件Ⅲ,002011.SZ,盾安环境,20110110,,Y
801140.SI,轻工制造,801143.SI,造纸,851413.SI,特种纸,002012.SZ,凯恩股份,20040702,,Y
801740.SI,国防军工,801742.SI,航空装备Ⅱ,857421.SI,航空装备Ⅲ,002013.SZ,中航机电(退市),20040630,,Y
801140.SI,轻工制造,801141.SI,包装印刷,851424.SI,塑料包装,002014.SZ,永新股份,20040707,,Y
801160.SI,公用事业,801161.SI,电力,851614.SI,热力服务,002015.SZ,协鑫能科,20200722,,Y
801180.SI,房地产,801181.SI,房地产开发,851811.SI,住宅开发,002016.SZ,世荣兆业,20040708,,Y
801770.SI,通信,801102.SI,通信设备,851026.SI,通信终端及配件,002017.SZ,东信和平,20050901,,Y
801230.SI,综合,801231.SI,综合Ⅱ,852311.SI,综合Ⅲ,002018.SZ,华信退(退市),20170629,,Y
801150.SI,医药生物,801151.SI,化学制药,851512.SI,化学制剂,002019.SZ,亿帆医药,20210730,,Y
801150.SI,医药生物,801151.SI,化学制药,851512.SI,化学制剂,002020.SZ,京新药业,20190724,,Y
801890.SI,机械设备,801074.SI,专用设备,850721.SI,纺织服装设备,002021.SZ,中捷资源,20040714,,Y
801150.SI,医药生物,801153.SI,医疗器械,851534.SI,体外诊断,002022.SZ,科华生物,20040719,,Y
801740.SI,国防军工,801742.SI,航空装备Ⅱ,857421.SI,航空装备Ⅲ,002023.SZ,海特高新,20040719,,Y
801200.SI,商贸零售,801206.SI,互联网电商,852061.SI,综合电商,002024.SZ,ST易购,20210730,,Y
801740.SI,国防军工,801745.SI,军工电子Ⅱ,857451.SI,军工电子Ⅲ,002025.SZ,航天电器,20210730,,Y
801890.SI,机械设备,801072.SI,通用设备,850751.SI,金属制品,002026.SZ,山东威达,20040726,,Y
801760.SI,传媒,801765.SI,广告营销,857652.SI,广告媒体,002027.SZ,分众传媒,20040803,,Y
801730.SI,电力设备,801738.SI,电网设备,857381.SI,输变电设备,002028.SZ,思源电气,20190724,,Y
801130.SI,纺织服饰,801132.SI,服装家纺,851329.SI,非运动服装,002029.SZ,七匹狼,20040805,,Y
801150.SI,医药生物,801153.SI,医疗器械,851534.SI,体外诊断,002030.SZ,达安基因,20040806,,Y
801890.SI,机械设备,801074.SI,专用设备,850727.SI,其他专用设备,002031.SZ,巨轮智能,20170629,,Y
801110.SI,家用电器,801113.SI,小家电,851131.SI,厨房小家电,002032.SZ,苏泊尔,20040816,,Y
801210.SI,社会服务,801993.SI,旅游及景区,852112.SI,自然景区,002033.SZ,丽江股份,20210730,,Y
801970.SI,环保,801971.SI,环境治理,859713.SI,固废治理,002034.SZ,旺能环境,20190724,,Y
801110.SI,家用电器,801114.SI,厨卫电器,851141.SI,厨房电器,002035.SZ,华帝股份,20040827,,Y
801080.SI,电子,801084.SI,光学光电子,850833.SI,光学元件,002036.SZ,联创电子,20210730,,Y
801030.SI,基础化工,801034.SI,化学制品,850337.SI,民爆制品,002037.SZ,保利联合,20040907,,Y
801150.SI,医药生物,801152.SI,生物制品,851524.SI,其他生物制品,002038.SZ,双鹭药业,20040907,,Y
801160.SI,公用事业,801161.SI,电力,851612.SI,水力发电,002039.SZ,黔源电力,20050302,,Y
801170.SI,交通运输,801992.SI,航运港口,851711.SI,港口,002040.SZ,南京港,20210730,,Y
801010.SI,农林牧渔,801016.SI,种植业,850111.SI,种子,002041.SZ,登海种业,20050324,,Y
801130.SI,纺织服饰,801131.SI,纺织制造,851312.SI,棉纺,002042.SZ,华孚时尚,20050330,,Y
801710.SI,建筑材料,801713.SI,装修建材,850614.SI,其他建材,002043.SZ,兔宝宝,20050406,,Y
801150.SI,医药生物,801156.SI,医疗服务,851564.SI,医院,002044.SZ,美年健康,20050411,,Y
801080.SI,电子,801085.SI,消费电子,850853.SI,品牌消费电子,002045.SZ,国光电器,20110110,,Y
801890.SI,机械设备,801072.SI,通用设备,850713.SI,磨具磨料,002046.SZ,国机精工,20220729,,Y
801720.SI,建筑装饰,801722.SI,装修装饰Ⅱ,857221.SI,装修装饰Ⅲ,002047.SZ,宝鹰股份,20050530,,Y
801880.SI,汽车,801093.SI,汽车零部件,850922.SI,车身附件及饰件,002048.SZ,宁波华翔,20050601,,Y
801080.SI,电子,801081.SI,半导体,850814.SI,数字芯片设计,002049.SZ,紫光国微,20050530,,Y
801110.SI,家用电器,801116.SI,家电零部件Ⅱ,851161.SI,家电零部件Ⅲ,002050.SZ,三花智控,20111230,,Y
801720.SI,建筑装饰,801724.SI,专业工程,857243.SI,国际工程,002051.SZ,中工国际,20060616,,Y
801110.SI,家用电器,801112.SI,黑色家电,851122.SI,其他黑色家电,002052.SZ,*ST同洲,20060206,,Y
801030.SI,基础化工,801033.SI,化学原料,850323.SI,无机盐,002053.SZ,云南能投,20180713,,Y
801030.SI,基础化工,801034.SI,化学制品,850338.SI,纺织化学制品,002054.SZ,德美化工,20080102,,Y
801080.SI,电子,801085.SI,消费电子,850854.SI,消费电子零部件及组装,002055.SZ,得润电子,20110110,,Y
801730.SI,电力设备,801735.SI,光伏设备,857352.SI,光伏电池组件,002056.SZ,横店东磁,20230704,,Y
801210.SI,社会服务,801218.SI,专业服务,852182.SI,检测服务,002057.SZ,中钢天源,20230704,,Y
801890.SI,机械设备,801072.SI,通用设备,850731.SI,仪器仪表,002058.SZ,威尔泰,20220729,,Y
801210.SI,社会服务,801993.SI,旅游及景区,852111.SI,人工景区,002059.SZ,云南旅游,20210730,,Y
801160.SI,公用事业,801161.SI,电力,851610.SI,电能综合服务,002060.SZ,广东建工,20220729,,Y
801720.SI,建筑装饰,801723.SI,基础建设,857236.SI,基建市政工程,002061.SZ,浙江交科,20180713,,Y
801720.SI,建筑装饰,801723.SI,基础建设,857236.SI,基建市政工程,002062.SZ,宏润建设,20060808,,Y
801750.SI,计算机,801104.SI,软件开发,851041.SI,垂直应用软件,002063.SZ,远光软件,20060823,,Y
801030.SI,基础化工,801032.SI,化学纤维,850345.SI,氨纶,002064.SZ,华峰化学,20080102,,Y
801750.SI,计算机,801103.SI,IT服务Ⅱ,852226.SI,IT服务Ⅲ,002065.SZ,东华软件,20210730,,Y
801710.SI,建筑材料,801713.SI,装修建材,850615.SI,耐火材料,002066.SZ,瑞泰科技,20060823,,Y
801140.SI,轻工制造,801143.SI,造纸,851412.SI,大宗用纸,002067.SZ,景兴纸业,20060915,,Y
801030.SI,基础化工,801037.SI,橡胶,850363.SI,炭黑,002068.SZ,黑猫股份,20060915,,Y
801010.SI,农林牧渔,801015.SI,渔业,850122.SI,水产养殖,002069.SZ,獐子岛,20060919,,Y
801050.SI,有色金属,801056.SI,能源金属,850543.SI,锂,002070.SZ,众和退(退市),20170629,,Y
801760.SI,传媒,801766.SI,影视院线,857661.SI,影视动漫制作,002071.SZ,长城退(退市),20060919,,Y
801200.SI,商贸零售,801202.SI,贸易Ⅱ,852021.SI,贸易Ⅲ,002072.SZ,凯瑞德,20230704,,Y
801890.SI,机械设备,801074.SI,专用设备,850727.SI,其他专用设备,002073.SZ,软控股份,20061018,,Y
801730.SI,电力设备,801737.SI,电池,857371.SI,锂电池,002074.SZ,国轩高科,20061018,,Y
801040.SI,钢铁,801045.SI,特钢Ⅱ,850412.SI,特钢Ⅲ,002075.SZ,沙钢股份,20210730,,Y
801110.SI,家用电器,801115.SI,照明设备Ⅱ,851151.SI,照明设备Ⅲ,002076.SZ,星光股份,20210730,,Y
801080.SI,电子,801081.SI,半导体,850817.SI,集成电路封测,002077.SZ,大港股份,20150701,,Y
801140.SI,轻工制造,801143.SI,造纸,851412.SI,大宗用纸,002078.SZ,太阳纸业,20061026,,Y
801080.SI,电子,801081.SI,半导体,850812.SI,分立器件,002079.SZ,苏州固锝,20061026,,Y
801710.SI,建筑材料,801712.SI,玻璃玻纤,857122.SI,玻纤制造,002080.SZ,中材科技,20061120,,Y
801720.SI,建筑装饰,801722.SI,装修装饰Ⅱ,857221.SI,装修装饰Ⅲ,002081.SZ,金螳螂,20061120,,Y
801150.SI,医药生物,801155.SI,中药Ⅱ,851521.SI,中药Ⅲ,002082.SZ,万邦德,20220729,,Y
801130.SI,纺织服饰,801131.SI,纺织制造,851312.SI,棉纺,002083.SZ,孚日股份,20061121,,Y
801140.SI,轻工制造,801142.SI,家居用品,851439.SI,卫浴制品,002084.SZ,海鸥住工,20061121,,Y
801880.SI,汽车,801093.SI,汽车零部件,850924.SI,轮胎轮毂,002085.SZ,万丰奥威,20061127,,Y
801150.SI,医药生物,801153.SI,医疗器械,851534.SI,体外诊断,002086.SZ,东方海洋,20220729,,Y
801130.SI,纺织服饰,801131.SI,纺织制造,851312.SI,棉纺,002087.SZ,新纺退(退市),20061129,,Y
801710.SI,建筑材料,801713.SI,装修建材,850615.SI,耐火材料,002088.SZ,鲁阳节能,20061129,,Y
801770.SI,通信,801102.SI,通信设备,851024.SI,通信网络设备及器件,002089.SZ,新海退(退市),20061129,,Y
801730.SI,电力设备,801738.SI,电网设备,857321.SI,电网自动化设备,002090.SZ,金智科技,20210730,,Y
801200.SI,商贸零售,801202.SI,贸易Ⅱ,852021.SI,贸易Ⅲ,002091.SZ,江苏国泰,20070702,,Y
801030.SI,基础化工,801033.SI,化学原料,850322.SI,氯碱,002092.SZ,ST中泰,20061207,,Y
801770.SI,通信,801223.SI,通信服务,852213.SI,通信工程及服务,002093.SZ,国脉科技,20061214,,Y
801980.SI,美容护理,801982.SI,化妆品,859821.SI,化妆品制造及其他,002094.SZ,青岛金王,20180713,,Y
801760.SI,传媒,801767.SI,数字媒体,857674.SI,门户网站,002095.SZ,生意宝,20061214,,Y
801030.SI,基础化工,801034.SI,化学制品,850337.SI,民爆制品,002096.SZ,易普力,20061220,,Y
801890.SI,机械设备,801077.SI,工程机械,850771.SI,工程机械整机,002097.SZ,山河智能,20061220,,Y
801130.SI,纺织服饰,801131.SI,纺织制造,851315.SI,辅料,002098.SZ,浔兴股份,20061220,,Y
801150.SI,医药生物,801151.SI,化学制药,851511.SI,原料药,002099.SZ,海翔药业,20061226,,Y
801010.SI,农林牧渔,801014.SI,饲料,850142.SI,畜禽饲料,002100.SZ,天康生物,20150701,,Y
801880.SI,汽车,801093.SI,汽车零部件,850925.SI,其他汽车零部件,002101.SZ,广东鸿图,20061228,,Y
801150.SI,医药生物,801151.SI,化学制药,851511.SI,原料药,002102.SZ,能特科技,20140701,,Y
801140.SI,轻工制造,801145.SI,文娱用品,851451.SI,文化用品,002103.SZ,广博股份,20220729,,Y
801770.SI,通信,801102.SI,通信设备,851026.SI,通信终端及配件,002104.SZ,恒宝股份,20080602,,Y
801880.SI,汽车,801881.SI,摩托车及其他,858811.SI,其他运输设备,002105.SZ,信隆健康,20070112,,Y
801080.SI,电子,801084.SI,光学光电子,850831.SI,面板,002106.SZ,莱宝高科,20070112,,Y
801150.SI,医药生物,801155.SI,中药Ⅱ,851521.SI,中药Ⅲ,002107.SZ,沃华医药,20070124,,Y
801030.SI,基础化工,801036.SI,塑料,850351.SI,其他塑料制品,002108.SZ,沧州明珠,20070124,,Y
801030.SI,基础化工,801033.SI,化学原料,850324.SI,其他化学原料,002109.SZ,兴化股份,20210730,,Y
801040.SI,钢铁,801044.SI,普钢,850441.SI,长材,002110.SZ,三钢闽光,20070125,,Y
801740.SI,国防军工,801742.SI,航空装备Ⅱ,857421.SI,航空装备Ⅲ,002111.SZ,威海广泰,20230704,,Y
801730.SI,电力设备,801738.SI,电网设备,857381.SI,输变电设备,002112.SZ,三变科技,20070207,,Y
801760.SI,传媒,801764.SI,游戏Ⅱ,857641.SI,游戏Ⅲ,002113.SZ,*ST天润(退市),20170629,,Y
801050.SI,有色金属,801055.SI,工业金属,850553.SI,铅锌,002114.SZ,罗平锌电,20070214,,Y
801770.SI,通信,801223.SI,通信服务,852213.SI,通信工程及服务,002115.SZ,三维通信,20070214,,Y
801720.SI,建筑装饰,801724.SI,专业工程,857244.SI,其他专业工程,002116.SZ,中国海诚,20070214,,Y
801140.SI,轻工制造,801141.SI,包装印刷,851422.SI,印刷,002117.SZ,东港股份,20070301,,Y
801150.SI,医药生物,801155.SI,中药Ⅱ,851521.SI,中药Ⅲ,002118.SZ,*ST紫鑫(退市),20070301,,Y
801080.SI,电子,801081.SI,半导体,850813.SI,半导体材料,002119.SZ,康强电子,20070302,,Y
801170.SI,交通运输,801178.SI,物流,851784.SI,快递,002120.SZ,韵达股份,20070306,,Y
801730.SI,电力设备,801738.SI,电网设备,857323.SI,电工仪器仪表,002121.SZ,科陆电子,20210730,,Y
801890.SI,机械设备,801072.SI,通用设备,850711.SI,机床工具,002122.SZ,汇洲智能,20220729,,Y
801770.SI,通信,801223.SI,通信服务,852214.SI,通信应用增值服务,002123.SZ,梦网科技,20070328,,Y
801010.SI,农林牧渔,801017.SI,养殖业,850172.SI,生猪养殖,002124.SZ,ST天邦,20070402,,Y
801730.SI,电力设备,801737.SI,电池,857372.SI,电池化学品,002125.SZ,湘潭电化,20220729,,Y
801880.SI,汽车,801093.SI,汽车零部件,850923.SI,底盘与发动机系统,002126.SZ,银轮股份,20070418,,Y
801200.SI,商贸零售,801206.SI,互联网电商,852063.SI,电商服务,002127.SZ,南极电商,20210730,,Y
801950.SI,煤炭,801951.SI,煤炭开采,859511.SI,动力煤,002128.SZ,电投能源,20070418,,Y
801730.SI,电力设备,801735.SI,光伏设备,857351.SI,硅料硅片,002129.SZ,TCL中环,20170629,,Y
801080.SI,电子,801082.SI,其他电子Ⅱ,850841.SI,其他电子Ⅲ,002130.SZ,沃尔核材,20210730,,Y
801890.SI,机械设备,801072.SI,通用设备,850751.SI,金属制品,002131.SZ,利欧股份,20230704,,Y
801890.SI,机械设备,801072.SI,通用设备,850751.SI,金属制品,002132.SZ,恒星科技,20210730,,Y
801180.SI,房地产,801181.SI,房地产开发,851811.SI,住宅开发,002133.SZ,广宇集团,20070427,,Y
801080.SI,电子,801083.SI,元件,850822.SI,印制电路板,002134.SZ,天津普林,20070515,,Y
801720.SI,建筑装饰,801724.SI,专业工程,857241.SI,钢结构,002135.SZ,东南网架,20070528,,Y
801030.SI,基础化工,801033.SI,化学原料,850326.SI,钛白粉,002136.SZ,安纳达,20210730,,Y
801080.SI,电子,801084.SI,光学光电子,850832.SI,LED,002137.SZ,实益达,20220729,,Y
801080.SI,电子,801083.SI,元件,850823.SI,被动元件,002138.SZ,顺络电子,20080602,,Y
801080.SI,电子,801085.SI,消费电子,850854.SI,消费电子零部件及组装,002139.SZ,拓邦股份,20110110,,Y
801720.SI,建筑装饰,801724.SI,专业工程,857242.SI,化学工程,002140.SZ,东华科技,20070711,,Y
801080.SI,电子,801082.SI,其他电子Ⅱ,850841.SI,其他电子Ⅲ,002141.SZ,*ST贤丰,20070719,,Y
801780.SI,银行,801784.SI,城商行Ⅱ,857841.SI,城商行Ⅲ,002142.SZ,宁波银行,20070718,,Y
801760.SI,传媒,801765.SI,广告营销,857651.SI,营销代理,002143.SZ,印纪退(退市),20070718,,Y
801130.SI,纺织服饰,801131.SI,纺织制造,851316.SI,其他纺织,002144.SZ,宏达高科,20110110,,Y
801030.SI,基础化工,801033.SI,化学原料,850326.SI,钛白粉,002145.SZ,中核钛白,20210730,,Y
801180.SI,房地产,801181.SI,房地产开发,851811.SI,住宅开发,002146.SZ,荣盛发展,20070807,,Y
801890.SI,机械设备,801072.SI,通用设备,850716.SI,其他通用设备,002147.SZ,新光退(退市),20210730,,Y
801770.SI,通信,801223.SI,通信服务,852214.SI,通信应用增值服务,002148.SZ,北纬科技,20220805,,Y
801050.SI,有色金属,801054.SI,小金属,850544.SI,其他小金属,002149.SZ,西部材料,20190724,,Y
801890.SI,机械设备,801072.SI,通用设备,850751.SI,金属制品,002150.SZ,通润装备,20210730,,Y
801740.SI,国防军工,801745.SI,军工电子Ⅱ,857451.SI,军工电子Ⅲ,002151.SZ,北斗星通,20210730,,Y
801750.SI,计算机,801101.SI,计算机设备,850703.SI,其他计算机设备,002152.SZ,广电运通,20070810,,Y
801750.SI,计算机,801104.SI,软件开发,851041.SI,垂直应用软件,002153.SZ,石基信息,20070810,,Y
801130.SI,纺织服饰,801132.SI,服装家纺,851329.SI,非运动服装,002154.SZ,报喜鸟,20070815,,Y
801050.SI,有色金属,801053.SI,贵金属,850531.SI,黄金,002155.SZ,湖南黄金,20070815,,Y
801080.SI,电子,801081.SI,半导体,850817.SI,集成电路封测,002156.SZ,通富微电,20070815,,Y
801010.SI,农林牧渔,801017.SI,养殖业,850172.SI,生猪养殖,002157.SZ,正邦科技,20070816,,Y
801890.SI,机械设备,801072.SI,通用设备,850715.SI,制冷空调设备,002158.SZ,汉钟精机,20070816,,Y
801210.SI,社会服务,801993.SI,旅游及景区,852112.SI,自然景区,002159.SZ,三特索道,20210730,,Y
801050.SI,有色金属,801055.SI,工业金属,850551.SI,铝,002160.SZ,常铝股份,20070820,,Y
801080.SI,电子,801082.SI,其他电子Ⅱ,850841.SI,其他电子Ⅲ,002161.SZ,远望谷,20070820,,Y
801140.SI,轻工制造,801142.SI,家居用品,851436.SI,瓷砖地板,002162.SZ,悦心健康,20210730,,Y
801720.SI,建筑装饰,801722.SI,装修装饰Ⅱ,857221.SI,装修装饰Ⅲ,002163.SZ,海南发展,20220729,,Y
801890.SI,机械设备,801072.SI,通用设备,850751.SI,金属制品,002164.SZ,宁波东力,20070822,,Y
801030.SI,基础化工,801034.SI,化学制品,850372.SI,聚氨酯,002165.SZ,红宝丽,20070822,,Y
801030.SI,基础化工,801034.SI,化学制品,850135.SI,食品及饲料添加剂,002166.SZ,莱茵生物,20220729,,Y
801050.SI,有色金属,801054.SI,小金属,850544.SI,其他小金属,002167.SZ,东方锆业,20070912,,Y
801730.SI,电力设备,801738.SI,电网设备,857382.SI,配电设备,002168.SZ,惠程科技,20230704,,Y
801730.SI,电力设备,801738.SI,电网设备,857321.SI,电网自动化设备,002169.SZ,智光电气,20070918,,Y
801030.SI,基础化工,801038.SI,农化制品,850381.SI,复合肥,002170.SZ,芭田股份,20210730,,Y
801050.SI,有色金属,801055.SI,工业金属,850552.SI,铜,002171.SZ,楚江新材,20070920,,Y
801150.SI,医药生物,801156.SI,医疗服务,851564.SI,医院,002172.SZ,澳洋健康,20220729,,Y
801150.SI,医药生物,801156.SI,医疗服务,851564.SI,医院,002173.SZ,创新医疗,20180713,,Y
801760.SI,传媒,801764.SI,游戏Ⅱ,857641.SI,游戏Ⅲ,002174.SZ,游族网络,20070924,,Y
801890.SI,机械设备,801072.SI,通用设备,850731.SI,仪器仪表,002175.SZ,东方智造,20220729,,Y
801050.SI,有色金属,801056.SI,能源金属,850543.SI,锂,002176.SZ,江特电机,20220729,,Y
801750.SI,计算机,801101.SI,计算机设备,850703.SI,其他计算机设备,002177.SZ,御银股份,20071031,,Y
801750.SI,计算机,801104.SI,软件开发,851041.SI,垂直应用软件,002178.SZ,延华智能,20210730,,Y
801740.SI,国防军工,801745.SI,军工电子Ⅱ,857451.SI,军工电子Ⅲ,002179.SZ,中航光电,20210730,,Y
801750.SI,计算机,801101.SI,计算机设备,850703.SI,其他计算机设备,002180.SZ,纳思达,20230317,,Y
801760.SI,传媒,801769.SI,出版,857692.SI,大众出版,002181.SZ,粤传媒,20071115,,Y
801050.SI,有色金属,801054.SI,小金属,850544.SI,其他小金属,002182.SZ,宝武镁业,20210730,,Y
801170.SI,交通运输,801178.SI,物流,851783.SI,中间产品及消费品供应链服务,002183.SZ,怡亚通,20071112,,Y
801890.SI,机械设备,801078.SI,自动化设备,850782.SI,工控设备,002184.SZ,海得控制,20071115,,Y
801080.SI,电子,801081.SI,半导体,850817.SI,集成电路封测,002185.SZ,华天科技,20071119,,Y
801210.SI,社会服务,801219.SI,酒店餐饮,852141.SI,餐饮,002186.SZ,全聚德,20210730,,Y
801200.SI,商贸零售,801203.SI,一般零售,852031.SI,百货,002187.SZ,广百股份,20071120,,Y
801180.SI,房地产,801183.SI,房地产服务,851831.SI,物业管理,002188.SZ,中天服务,20220729,,Y
801740.SI,国防军工,801745.SI,军工电子Ⅱ,857451.SI,军工电子Ⅲ,002189.SZ,中光学,20210730,,Y
801880.SI,汽车,801093.SI,汽车零部件,850925.SI,其他汽车零部件,002190.SZ,成飞集成,20220729,,Y
801140.SI,轻工制造,801141.SI,包装印刷,851425.SI,纸包装,002191.SZ,劲嘉股份,20071204,,Y
801050.SI,有色金属,801056.SI,能源金属,850543.SI,锂,002192.SZ,融捷股份,20220401,,Y
801130.SI,纺织服饰,801131.SI,纺织制造,851316.SI,其他纺织,002193.SZ,如意集团,20071206,,Y
801770.SI,通信,801102.SI,通信设备,851024.SI,通信网络设备及器件,002194.SZ,武汉凡谷,20071206,,Y
801750.SI,计算机,801103.SI,IT服务Ⅱ,852226.SI,IT服务Ⅲ,002195.SZ,岩山科技,20210730,,Y
801730.SI,电力设备,801731.SI,电机Ⅱ,850741.SI,电机Ⅲ,002196.SZ,方正电机,20071211,,Y
801750.SI,计算机,801101.SI,计算机设备,850703.SI,其他计算机设备,002197.SZ,ST证通,20071217,,Y
801150.SI,医药生物,801155.SI,中药Ⅱ,851521.SI,中药Ⅲ,002198.SZ,嘉应制药,20071217,,Y
801080.SI,电子,801083.SI,元件,850823.SI,被动元件,002199.SZ,东晶电子,20071220,,Y
801720.SI,建筑装饰,801723.SI,基础建设,857251.SI,园林工程,002200.SZ,ST交投,20210730,,Y
801710.SI,建筑材料,801712.SI,玻璃玻纤,857122.SI,玻纤制造,002201.SZ,正威新材,20071225,,Y
801730.SI,电力设备,801736.SI,风电设备,857361.SI,风电整机,002202.SZ,金风科技,20071225,,Y
801050.SI,有色金属,801055.SI,工业金属,850552.SI,铜,002203.SZ,海亮股份,20080116,,Y
801890.SI,机械设备,801074.SI,专用设备,850725.SI,能源及重型设备,002204.SZ,大连重工,20080116,,Y
801710.SI,建筑材料,801711.SI,水泥,857112.SI,水泥制品,002205.SZ,国统股份,20230704,,Y
801030.SI,基础化工,801032.SI,化学纤维,850341.SI,涤纶,002206.SZ,海利得,20080102,,Y
801960.SI,石油石化,801962.SI,油服工程,859621.SI,油田服务,002207.SZ,准油股份,20080125,,Y
801180.SI,房地产,801181.SI,房地产开发,851811.SI,住宅开发,002208.SZ,合肥城建,20080102,,Y
801890.SI,机械设备,801074.SI,专用设备,850726.SI,印刷包装机械,002209.SZ,达意隆,20080129,,Y
801970.SI,环保,801971.SI,环境治理,859713.SI,固废治理,002210.SZ,飞马国际,20220729,,Y
801030.SI,基础化工,801034.SI,化学制品,850136.SI,有机硅,002211.SZ,宏达新材,20210730,,Y
801750.SI,计算机,801104.SI,软件开发,851042.SI,横向通用软件,002212.SZ,天融信,20210730,,Y
801080.SI,电子,801081.SI,半导体,850814.SI,数字芯片设计,002213.SZ,大为股份,20230704,,Y
801740.SI,国防军工,801745.SI,军工电子Ⅱ,857451.SI,军工电子Ⅲ,002214.SZ,大立科技,20210730,,Y
801030.SI,基础化工,801038.SI,农化制品,850333.SI,农药,002215.SZ,诺普信,20210730,,Y
801120.SI,食品饮料,801124.SI,食品加工,851246.SI,预加工食品,002216.SZ,三全食品,20210730,,Y
801080.SI,电子,801084.SI,光学光电子,850831.SI,面板,002217.SZ,*ST合泰,20151102,,Y
801730.SI,电力设备,801735.SI,光伏设备,857354.SI,光伏辅材,002218.SZ,拓日新能,20080226,,Y
801150.SI,医药生物,801156.SI,医疗服务,851564.SI,医院,002219.SZ,新里程,20151102,,Y
801010.SI,农林牧渔,801012.SI,农产品加工,850154.SI,其他农产品加工,002220.SZ,天宝退(退市),20090601,,Y
801960.SI,石油石化,801963.SI,炼化及贸易,859633.SI,其他石化,002221.SZ,东华能源,20080102,,Y
801080.SI,电子,801084.SI,光学光电子,850833.SI,光学元件,002222.SZ,福晶科技,20210730,,Y
801150.SI,医药生物,801153.SI,医疗器械,851532.SI,医疗设备,002223.SZ,鱼跃医疗,20080102,,Y
801030.SI,基础化工,801037.SI,橡胶,850362.SI,其他橡胶制品,002224.SZ,三力士,20080407,,Y
801710.SI,建筑材料,801713.SI,装修建材,850615.SI,耐火材料,002225.SZ,濮耐股份,20080407,,Y
801030.SI,基础化工,801034.SI,化学制品,850337.SI,民爆制品,002226.SZ,江南化工,20080414,,Y
801730.SI,电力设备,801733.SI,其他电源设备Ⅱ,857336.SI,其他电源设备Ⅲ,002227.SZ,奥特迅,20220729,,Y
801140.SI,轻工制造,801141.SI,包装印刷,851425.SI,纸包装,002228.SZ,合兴包装,20080102,,Y
801140.SI,轻工制造,801141.SI,包装印刷,851422.SI,印刷,002229.SZ,鸿博股份,20080102,,Y
801750.SI,计算机,801104.SI,软件开发,851042.SI,横向通用软件,002230.SZ,科大讯飞,20080417,,Y
801740.SI,国防军工,801745.SI,军工电子Ⅱ,857451.SI,军工电子Ⅲ,002231.SZ,奥维通信,20211029,,Y
801750.SI,计算机,801103.SI,IT服务Ⅱ,852226.SI,IT服务Ⅲ,002232.SZ,启明信息,20210730,,Y
801710.SI,建筑材料,801711.SI,水泥,857111.SI,水泥制造,002233.SZ,塔牌集团,20080424,,Y
801010.SI,农林牧渔,801017.SI,养殖业,850173.SI,肉鸡养殖,002234.SZ,民和股份,20080424,,Y
801140.SI,轻工制造,801143.SI,造纸,851413.SI,特种纸,002235.SZ,安妮股份,20080102,,Y
801750.SI,计算机,801101.SI,计算机设备,850702.SI,安防设备,002236.SZ,大华股份,20080520,,Y
801050.SI,有色金属,801053.SI,贵金属,850531.SI,黄金,002237.SZ,恒邦股份,20080428,,Y
801760.SI,传媒,801995.SI,电视广播Ⅱ,859951.SI,电视广播Ⅲ,002238.SZ,天威视讯,20080430,,Y
801880.SI,汽车,801093.SI,汽车零部件,850926.SI,汽车电子电气系统,002239.SZ,奥特佳,20080430,,Y
801050.SI,有色金属,801056.SI,能源金属,850543.SI,锂,002240.SZ,盛新锂能,20080505,,Y
801080.SI,电子,801085.SI,消费电子,850854.SI,消费电子零部件及组装,002241.SZ,歌尔股份,20080505,,Y
801110.SI,家用电器,801113.SI,小家电,851131.SI,厨房小家电,002242.SZ,九阳股份,20080108,,Y
801980.SI,美容护理,801982.SI,化妆品,859821.SI,化妆品制造及其他,002243.SZ,力合科创,20110110,,Y
801180.SI,房地产,801181.SI,房地产开发,851811.SI,住宅开发,002244.SZ,滨江集团,20080108,,Y
801730.SI,电力设备,801737.SI,电池,857371.SI,锂电池,002245.SZ,蔚蓝锂芯,20080116,,Y
801030.SI,基础化工,801034.SI,化学制品,850337.SI,民爆制品,002246.SZ,北化股份,20170629,,Y
801710.SI,建筑材料,801713.SI,装修建材,850614.SI,其他建材,002247.SZ,聚力文化,20220729,,Y
801890.SI,机械设备,801072.SI,通用设备,850711.SI,机床工具,002248.SZ,华东数控,20080526,,Y
801730.SI,电力设备,801731.SI,电机Ⅱ,850741.SI,电机Ⅲ,002249.SZ,大洋电机,20080528,,Y
801030.SI,基础化工,801038.SI,农化制品,850333.SI,农药,002250.SZ,联化科技,20210730,,Y
801200.SI,商贸零售,801203.SI,一般零售,852032.SI,超市,002251.SZ,*ST步高,20080619,,Y
801150.SI,医药生物,801152.SI,生物制品,851522.SI,血液制品,002252.SZ,上海莱士,20080102,,Y
801750.SI,计算机,801104.SI,软件开发,851041.SI,垂直应用软件,002253.SZ,川大智胜,20080602,,Y
801030.SI,基础化工,801032.SI,化学纤维,850344.SI,其他化学纤维,002254.SZ,泰和新材,20230704,,Y
801730.SI,电力设备,801733.SI,其他电源设备Ⅱ,857334.SI,火电设备,002255.SZ,海陆重工,20210730,,Y
801160.SI,公用事业,801161.SI,电力,851616.SI,光伏发电,002256.SZ,兆新股份,20190724,,Y
801080.SI,电子,801081.SI,半导体,850813.SI,半导体材料,002257.SZ,立立电子(IPO终止),20080125,,Y
801030.SI,基础化工,801038.SI,农化制品,850333.SI,农药,002258.SZ,利尔化学,20210730,,Y
801160.SI,公用事业,801163.SI,燃气Ⅱ,851631.SI,燃气Ⅲ,002259.SZ,ST升达,20080125,,Y
801110.SI,家用电器,801113.SI,小家电,851131.SI,厨房小家电,002260.SZ,德奥退(退市),20080125,,Y
801750.SI,计算机,801104.SI,软件开发,851041.SI,垂直应用软件,002261.SZ,拓维信息,20220121,,Y
801150.SI,医药生物,801151.SI,化学制药,851512.SI,化学制剂,002262.SZ,恩华药业,20081007,,Y
801030.SI,基础化工,801036.SI,塑料,850355.SI,膜材料,002263.SZ,大东南,20210730,,Y
801760.SI,传媒,801765.SI,广告营销,857651.SI,营销代理,002264.SZ,新华都,20231208,,Y
801880.SI,汽车,801093.SI,汽车零部件,850923.SI,底盘与发动机系统,002265.SZ,建设工业,20080717,,Y
801970.SI,环保,801971.SI,环境治理,859713.SI,固废治理,002266.SZ,浙富控股,20200902,,Y
801160.SI,公用事业,801163.SI,燃气Ⅱ,851631.SI,燃气Ⅲ,002267.SZ,陕天然气,20080122,,Y
801750.SI,计算机,801101.SI,计算机设备,850703.SI,其他计算机设备,002268.SZ,电科网安,20080722,,Y
801130.SI,纺织服饰,801132.SI,服装家纺,851329.SI,非运动服装,002269.SZ,美邦服饰,20080813,,Y
801730.SI,电力设备,801738.SI,电网设备,857381.SI,输变电设备,002270.SZ,华明装备,20170629,,Y
801710.SI,建筑材料,801713.SI,装修建材,850617.SI,防水材料,002271.SZ,东方雨虹,20210730,,Y
801890.SI,机械设备,801072.SI,通用设备,850716.SI,其他通用设备,002272.SZ,川润股份,20230704,,Y
801080.SI,电子,801084.SI,光学光电子,850833.SI,光学元件,002273.SZ,水晶光电,20080919,,Y
801030.SI,基础化工,801033.SI,化学原料,850325.SI,煤化工,002274.SZ,华昌化工,20220729,,Y
801150.SI,医药生物,801155.SI,中药Ⅱ,851521.SI,中药Ⅲ,002275.SZ,桂林三金,20090202,,Y
801730.SI,电力设备,801738.SI,电网设备,857344.SI,线缆部件及其他,002276.SZ,万马股份,20090629,,Y
801200.SI,商贸零售,801203.SI,一般零售,852031.SI,百货,002277.SZ,友阿股份,20090630,,Y
801890.SI,机械设备,801074.SI,专用设备,850725.SI,能源及重型设备,002278.SZ,神开股份,20090721,,Y
801750.SI,计算机,801104.SI,软件开发,851042.SI,横向通用软件,002279.SZ,久其软件,20090723,,Y
801200.SI,商贸零售,801206.SI,互联网电商,852062.SI,跨境电商,002280.SZ,ST联络,20210730,,Y
801770.SI,通信,801102.SI,通信设备,851024.SI,通信网络设备及器件,002281.SZ,光迅科技,20090803,,Y
801890.SI,机械设备,801072.SI,通用设备,850713.SI,磨具磨料,002282.SZ,博深股份,20090804,,Y
801880.SI,汽车,801093.SI,汽车零部件,850923.SI,底盘与发动机系统,002283.SZ,天润工业,20090804,,Y
801880.SI,汽车,801093.SI,汽车零部件,850923.SI,底盘与发动机系统,002284.SZ,亚太股份,20090810,,Y
801180.SI,房地产,801183.SI,房地产服务,851832.SI,房产租赁经纪,002285.SZ,世联行,20210730,,Y
801010.SI,农林牧渔,801012.SI,农产品加工,850154.SI,其他农产品加工,002286.SZ,保龄宝,20090812,,Y
801150.SI,医药生物,801155.SI,中药Ⅱ,851521.SI,中药Ⅲ,002287.SZ,奇正藏药,20090112,,Y
801080.SI,电子,801083.SI,元件,850822.SI,印制电路板,002288.SZ,*ST超华,20090817,,Y
801080.SI,电子,801084.SI,光学光电子,850831.SI,面板,002289.SZ,ST宇顺,20090119,,Y
801110.SI,家用电器,801116.SI,家电零部件Ⅱ,851161.SI,家电零部件Ⅲ,002290.SZ,禾盛新材,20090120,,Y
801760.SI,传媒,801765.SI,广告营销,857651.SI,营销代理,002291.SZ,遥望科技,20210730,,Y
801760.SI,传媒,801766.SI,影视院线,857661.SI,影视动漫制作,002292.SZ,奥飞娱乐,20090820,,Y
801130.SI,纺织服饰,801132.SI,服装家纺,851326.SI,家纺,002293.SZ,罗莱生活,20090826,,Y
801150.SI,医药生物,801151.SI,化学制药,851512.SI,化学制剂,002294.SZ,信立泰,20110110,,Y
801050.SI,有色金属,801055.SI,工业金属,850552.SI,铜,002295.SZ,精艺股份,20090908,,Y
801770.SI,通信,801102.SI,通信设备,851024.SI,通信网络设备及器件,002296.SZ,辉煌科技,20170629,,Y
801740.SI,国防军工,801742.SI,航空装备Ⅱ,857421.SI,航空装备Ⅲ,002297.SZ,博云新材,20111010,,Y
801750.SI,计算机,801104.SI,软件开发,851041.SI,垂直应用软件,002298.SZ,中电兴发,20210730,,Y
801010.SI,农林牧渔,801017.SI,养殖业,850173.SI,肉鸡养殖,002299.SZ,圣农发展,20090922,,Y
801730.SI,电力设备,801738.SI,电网设备,857344.SI,线缆部件及其他,002300.SZ,太阳电缆,20090922,,Y
801140.SI,轻工制造,801145.SI,文娱用品,851451.SI,文化用品,002301.SZ,齐心集团,20090924,,Y
801710.SI,建筑材料,801711.SI,水泥,857112.SI,水泥制品,002302.SZ,西部建设,20210730,,Y
801140.SI,轻工制造,801141.SI,包装印刷,851425.SI,纸包装,002303.SZ,美盈森,20090112,,Y
801120.SI,食品饮料,801125.SI,白酒Ⅱ,851251.SI,白酒Ⅲ,002304.SZ,洋河股份,20090122,,Y
801180.SI,房地产,801181.SI,房地产开发,851812.SI,商业地产,002305.SZ,南国置业,20210730,,Y
801210.SI,社会服务,801219.SI,酒店餐饮,852141.SI,餐饮,002306.SZ,中科云网,20230704,,Y
801720.SI,建筑装饰,801723.SI,基础建设,857236.SI,基建市政工程,002307.SZ,北新路桥,20091027,,Y
801750.SI,计算机,801101.SI,计算机设备,850703.SI,其他计算机设备,002308.SZ,*ST威创,20091109,,Y
801730.SI,电力设备,801738.SI,电网设备,857344.SI,线缆部件及其他,002309.SZ,*ST中利,20220729,,Y
801720.SI,建筑装饰,801723.SI,基础建设,857251.SI,园林工程,002310.SZ,*ST东园,20210730,,Y
801010.SI,农林牧渔,801014.SI,饲料,850143.SI,水产饲料,002311.SZ,海大集团,20090112,,Y
801030.SI,基础化工,801038.SI,农化制品,850332.SI,磷肥及磷化工,002312.SZ,川发龙蟒,20210730,,Y
801770.SI,通信,801102.SI,通信设备,851026.SI,通信终端及配件,002313.SZ,日海智能,20091116,,Y
801180.SI,房地产,801181.SI,房地产开发,851811.SI,住宅开发,002314.SZ,南山控股,20180713,,Y
801200.SI,商贸零售,801206.SI,互联网电商,852062.SI,跨境电商,002315.SZ,焦点科技,20091123,,Y
801790.SI,非银金融,801191.SI,多元金融,851926.SI,金融信息服务,002316.SZ,亚联发展,20210730,,Y
801150.SI,医药生物,801155.SI,中药Ⅱ,851521.SI,中药Ⅲ,002317.SZ,众生药业,20090123,,Y
801040.SI,钢铁,801045.SI,特钢Ⅱ,850412.SI,特钢Ⅲ,002318.SZ,久立特材,20210730,,Y
801030.SI,基础化工,801034.SI,化学制品,850335.SI,涂料油墨,002319.SZ,乐通股份,20090123,,Y
801170.SI,交通运输,801992.SI,航运港口,851761.SI,航运,002320.SZ,海峡股份,20210730,,Y
801010.SI,农林牧渔,801017.SI,养殖业,850174.SI,其他养殖,002321.SZ,华英农业,20091130,,Y
801750.SI,计算机,801104.SI,软件开发,851041.SI,垂直应用软件,002322.SZ,理工能科,20210730,,Y
801720.SI,建筑装饰,801724.SI,专业工程,857244.SI,其他专业工程,002323.SZ,雅博股份,20220701,,Y
801030.SI,基础化工,801036.SI,塑料,850353.SI,改性塑料,002324.SZ,普利特,20110110,,Y
801720.SI,建筑装饰,801722.SI,装修装饰Ⅱ,857221.SI,装修装饰Ⅲ,002325.SZ,*ST洪涛,20091204,,Y
801030.SI,基础化工,801034.SI,化学制品,850382.SI,氟化工,002326.SZ,永太科技,20091204,,Y
801130.SI,纺织服饰,801132.SI,服装家纺,851326.SI,家纺,002327.SZ,富安娜,20091210,,Y
801880.SI,汽车,801093.SI,汽车零部件,850925.SI,其他汽车零部件,002328.SZ,新朋股份,20091210,,Y
801120.SI,食品饮料,801127.SI,饮料乳品,851243.SI,乳品,002329.SZ,皇氏集团,20210730,,Y
801120.SI,食品饮料,801124.SI,食品加工,851241.SI,肉制品,002330.SZ,得利斯,20091216,,Y
801750.SI,计算机,801103.SI,IT服务Ⅱ,852226.SI,IT服务Ⅲ,002331.SZ,皖通科技,20210730,,Y
801150.SI,医药生物,801151.SI,化学制药,851511.SI,原料药,002332.SZ,仙琚制药,20220729,,Y
801710.SI,建筑材料,801713.SI,装修建材,850614.SI,其他建材,002333.SZ,罗普斯金,20091221,,Y
801890.SI,机械设备,801078.SI,自动化设备,850782.SI,工控设备,002334.SZ,英威腾,20091224,,Y
801730.SI,电力设备,801733.SI,其他电源设备Ⅱ,857336.SI,其他电源设备Ⅲ,002335.SZ,科华数据,20091224,,Y
801200.SI,商贸零售,801203.SI,一般零售,852032.SI,超市,002336.SZ,*ST人乐,20091224,,Y
801890.SI,机械设备,801074.SI,专用设备,850727.SI,其他专用设备,002337.SZ,赛象科技,20091231,,Y
801740.SI,国防军工,801745.SI,军工电子Ⅱ,857451.SI,军工电子Ⅲ,002338.SZ,奥普光电,20210730,,Y
801730.SI,电力设备,801738.SI,电网设备,857321.SI,电网自动化设备,002339.SZ,积成电子,20210730,,Y
801730.SI,电力设备,801737.SI,电池,857372.SI,电池化学品,002340.SZ,格林美,20210730,,Y
801030.SI,基础化工,801036.SI,塑料,850355.SI,膜材料,002341.SZ,ST新纶,20210730,,Y
801890.SI,机械设备,801072.SI,通用设备,850751.SI,金属制品,002342.SZ,巨力索具,20210730,,Y
801760.SI,传媒,801766.SI,影视院线,857661.SI,影视动漫制作,002343.SZ,慈文传媒,20110110,,Y
801200.SI,商贸零售,801203.SI,一般零售,852034.SI,商业物业经营,002344.SZ,海宁皮城,20100106,,Y
801130.SI,纺织服饰,801133.SI,饰品,851331.SI,钟表珠宝,002345.SZ,潮宏基,20100112,,Y
801730.SI,电力设备,801738.SI,电网设备,857382.SI,配电设备,002346.SZ,柘中股份,20220729,,Y
801890.SI,机械设备,801072.SI,通用设备,850751.SI,金属制品,002347.SZ,泰尔股份,20100112,,Y
801140.SI,轻工制造,801145.SI,文娱用品,851452.SI,娱乐用品,002348.SZ,高乐股份,20100114,,Y
801150.SI,医药生物,801155.SI,中药Ⅱ,851521.SI,中药Ⅲ,002349.SZ,精华制药,20100114,,Y
801730.SI,电力设备,801738.SI,电网设备,857382.SI,配电设备,002350.SZ,北京科锐,20100114,,Y
801080.SI,电子,801085.SI,消费电子,850853.SI,品牌消费电子,002351.SZ,漫步者,20110110,,Y
801170.SI,交通运输,801178.SI,物流,851784.SI,快递,002352.SZ,顺丰控股,20170301,,Y
801890.SI,机械设备,801074.SI,专用设备,850725.SI,能源及重型设备,002353.SZ,杰瑞股份,20100118,,Y
801760.SI,传媒,801765.SI,广告营销,857651.SI,营销代理,002354.SZ,天娱数科,20230704,,Y
801880.SI,汽车,801093.SI,汽车零部件,850924.SI,轮胎轮毂,002355.SZ,兴民智通,20100118,,Y
801200.SI,商贸零售,801203.SI,一般零售,852033.SI,多业态零售,002356.SZ,赫美集团,20170629,,Y
801170.SI,交通运输,801179.SI,铁路公路,851721.SI,公交,002357.SZ,富临运业,20100125,,Y
801730.SI,电力设备,801738.SI,电网设备,857381.SI,输变电设备,002358.SZ,森源电气,20100125,,Y
801770.SI,通信,801223.SI,通信服务,852212.SI,电信运营商,002359.SZ,北讯退(退市),20100125,,Y
801030.SI,基础化工,801034.SI,化学制品,850337.SI,民爆制品,002360.SZ,同德化工,20100104,,Y
801030.SI,基础化工,801036.SI,塑料,850354.SI,合成树脂,002361.SZ,神剑股份,20210730,,Y
801750.SI,计算机,801104.SI,软件开发,851041.SI,垂直应用软件,002362.SZ,汉王科技,20100203,,Y
801880.SI,汽车,801093.SI,汽车零部件,850923.SI,底盘与发动机系统,002363.SZ,隆基机械,20100208,,Y
801730.SI,电力设备,801733.SI,其他电源设备Ⅱ,857336.SI,其他电源设备Ⅲ,002364.SZ,中恒电气,20100210,,Y
801150.SI,医药生物,801151.SI,化学制药,851511.SI,原料药,002365.SZ,永安药业,20100111,,Y
801730.SI,电力设备,801733.SI,其他电源设备Ⅱ,857336.SI,其他电源设备Ⅲ,002366.SZ,融发核电,20210730,,Y
801890.SI,机械设备,801074.SI,专用设备,850728.SI,楼宇设备,002367.SZ,康力电梯,20100222,,Y
801750.SI,计算机,801103.SI,IT服务Ⅱ,852226.SI,IT服务Ⅲ,002368.SZ,太极股份,20210730,,Y
801080.SI,电子,801085.SI,消费电子,850854.SI,消费电子零部件及组装,002369.SZ,卓翼科技,20110110,,Y
801150.SI,医药生物,801151.SI,化学制药,851512.SI,化学制剂,002370.SZ,亚太药业,20100125,,Y
801080.SI,电子,801081.SI,半导体,850818.SI,半导体设备,002371.SZ,北方华创,20210730,,Y
801710.SI,建筑材料,801713.SI,装修建材,850616.SI,管材,002372.SZ,伟星新材,20100301,,Y
801750.SI,计算机,801103.SI,IT服务Ⅱ,852226.SI,IT服务Ⅲ,002373.SZ,千方科技,20210730,,Y
801140.SI,轻工制造,801141.SI,包装印刷,851423.SI,金属包装,002374.SZ,中锐股份,20210730,,Y
801720.SI,建筑装饰,801722.SI,装修装饰Ⅱ,857221.SI,装修装饰Ⅲ,002375.SZ,亚厦股份,20100305,,Y
801750.SI,计算机,801101.SI,计算机设备,850703.SI,其他计算机设备,002376.SZ,新北洋,20100305,,Y
801180.SI,房地产,801183.SI,房地产服务,851832.SI,房产租赁经纪,002377.SZ,国创高新,20210730,,Y
801050.SI,有色金属,801054.SI,小金属,850542.SI,钨,002378.SZ,章源钨业,20100312,,Y
801050.SI,有色金属,801055.SI,工业金属,850551.SI,铝,002379.SZ,宏创控股,20100312,,Y
801750.SI,计算机,801103.SI,IT服务Ⅱ,852226.SI,IT服务Ⅲ,002380.SZ,科远智慧,20210730,,Y
801030.SI,基础化工,801037.SI,橡胶,850362.SI,其他橡胶制品,002381.SZ,双箭股份,20100118,,Y
801150.SI,医药生物,801153.SI,医疗器械,851533.SI,医疗耗材,002382.SZ,蓝帆医疗,20190121,,Y
801740.SI,国防军工,801745.SI,军工电子Ⅱ,857451.SI,军工电子Ⅲ,002383.SZ,合众思壮,20100317,,Y
801080.SI,电子,801083.SI,元件,850822.SI,印制电路板,002384.SZ,东山精密,20100322,,Y
801010.SI,农林牧渔,801014.SI,饲料,850142.SI,畜禽饲料,002385.SZ,大北农,20100129,,Y
801030.SI,基础化工,801033.SI,化学原料,850322.SI,氯碱,002386.SZ,天原股份,20100122,,Y
801080.SI,电子,801084.SI,光学光电子,850831.SI,面板,002387.SZ,维信诺,20190724,,Y
801080.SI,电子,801082.SI,其他电子Ⅱ,850841.SI,其他电子Ⅲ,002388.SZ,新亚制程,20100125,,Y
801740.SI,国防军工,801742.SI,航空装备Ⅱ,857421.SI,航空装备Ⅲ,002389.SZ,航天彩虹,20190724,,Y
801150.SI,医药生物,801155.SI,中药Ⅱ,851521.SI,中药Ⅲ,002390.SZ,信邦制药,20131231,,Y
801030.SI,基础化工,801038.SI,农化制品,850333.SI,农药,002391.SZ,长青股份,20210730,,Y
801710.SI,建筑材料,801713.SI,装修建材,850615.SI,耐火材料,002392.SZ,北京利尔,20100407,,Y
801150.SI,医药生物,801151.SI,化学制药,851512.SI,化学制剂,002393.SZ,力生制药,20100106,,Y
801130.SI,纺织服饰,801131.SI,纺织制造,851312.SI,棉纺,002394.SZ,联发股份,20100106,,Y
801030.SI,基础化工,801036.SI,塑料,850354.SI,合成树脂,002395.SZ,双象股份,20210730,,Y
801770.SI,通信,801102.SI,通信设备,851024.SI,通信网络设备及器件,002396.SZ,星网锐捷,20100412,,Y
801130.SI,纺织服饰,801132.SI,服装家纺,851326.SI,家纺,002397.SZ,梦洁股份,20100412,,Y
801710.SI,建筑材料,801713.SI,装修建材,850614.SI,其他建材,002398.SZ,垒知集团,20100422,,Y
801150.SI,医药生物,801151.SI,化学制药,851511.SI,原料药,002399.SZ,海普瑞,20100421,,Y
801760.SI,传媒,801765.SI,广告营销,857651.SI,营销代理,002400.SZ,省广集团,20100426,,Y
801750.SI,计算机,801103.SI,IT服务Ⅱ,852226.SI,IT服务Ⅲ,002401.SZ,中远海科,20210730,,Y
801080.SI,电子,801085.SI,消费电子,850854.SI,消费电子零部件及组装,002402.SZ,和而泰,20100511,,Y
801110.SI,家用电器,801113.SI,小家电,851131.SI,厨房小家电,002403.SZ,爱仕达,20100111,,Y
801130.SI,纺织服饰,801131.SI,纺织制造,851316.SI,其他纺织,002404.SZ,嘉欣丝绸,20100111,,Y
801750.SI,计算机,801104.SI,软件开发,851041.SI,垂直应用软件,002405.SZ,四维图新,20100512,,Y
801880.SI,汽车,801093.SI,汽车零部件,850923.SI,底盘与发动机系统,002406.SZ,远东传动,20100518,,Y
801030.SI,基础化工,801034.SI,化学制品,850382.SI,氟化工,002407.SZ,多氟多,20110110,,Y
801960.SI,石油石化,801963.SI,炼化及贸易,859633.SI,其他石化,002408.SZ,齐翔腾达,20210730,,Y
801080.SI,电子,801081.SI,半导体,850813.SI,半导体材料,002409.SZ,雅克科技,20200608,,Y
801750.SI,计算机,801104.SI,软件开发,851041.SI,垂直应用软件,002410.SZ,广联达,20100512,,Y
801150.SI,医药生物,801155.SI,中药Ⅱ,851521.SI,中药Ⅲ,002412.SZ,汉森制药,20100112,,Y
801740.SI,国防军工,801745.SI,军工电子Ⅱ,857451.SI,军工电子Ⅲ,002413.SZ,雷科防务,20210730,,Y
801740.SI,国防军工,801745.SI,军工电子Ⅱ,857451.SI,军工电子Ⅲ,002414.SZ,高德红外,20210730,,Y
801750.SI,计算机,801101.SI,计算机设备,850702.SI,安防设备,002415.SZ,海康威视,20100512,,Y
801200.SI,商贸零售,801204.SI,专业连锁Ⅱ,852041.SI,专业连锁Ⅲ,002416.SZ,爱施德,20100510,,Y
801750.SI,计算机,801103.SI,IT服务Ⅱ,852226.SI,IT服务Ⅲ,002417.SZ,深南退(退市),20210730,,Y
801110.SI,家用电器,801116.SI,家电零部件Ⅱ,851161.SI,家电零部件Ⅲ,002418.SZ,康盛股份,20110110,,Y
801200.SI,商贸零售,801203.SI,一般零售,852031.SI,百货,002419.SZ,天虹股份,20170629,,Y
801110.SI,家用电器,801116.SI,家电零部件Ⅱ,851161.SI,家电零部件Ⅲ,002420.SZ,毅昌科技,20210730,,Y
801750.SI,计算机,801103.SI,IT服务Ⅱ,852226.SI,IT服务Ⅲ,002421.SZ,达实智能,20210730,,Y
801150.SI,医药生物,801151.SI,化学制药,851512.SI,化学制剂,002422.SZ,科伦药业,20100120,,Y
801790.SI,非银金融,801191.SI,多元金融,851922.SI,金融控股,002423.SZ,中粮资本,20100520,,Y
801150.SI,医药生物,801155.SI,中药Ⅱ,851521.SI,中药Ⅲ,002424.SZ,ST百灵,20100120,,Y
801760.SI,传媒,801764.SI,游戏Ⅱ,857641.SI,游戏Ⅲ,002425.SZ,凯撒文化,20100607,,Y
801080.SI,电子,801085.SI,消费电子,850854.SI,消费电子零部件及组装,002426.SZ,胜利精密,20220729,,Y
801030.SI,基础化工,801032.SI,化学纤维,850341.SI,涤纶,002427.SZ,尤夫股份,20100107,,Y
801050.SI,有色金属,801054.SI,小金属,850544.SI,其他小金属,002428.SZ,云南锗业,20100601,,Y
801110.SI,家用电器,801112.SI,黑色家电,851121.SI,彩电,002429.SZ,兆驰股份,20100609,,Y
801890.SI,机械设备,801074.SI,专用设备,850727.SI,其他专用设备,002430.SZ,杭氧股份,20100525,,Y
801720.SI,建筑装饰,801723.SI,基础建设,857251.SI,园林工程,002431.SZ,棕榈股份,20210730,,Y
801150.SI,医药生物,801153.SI,医疗器械,851534.SI,体外诊断,002432.SZ,九安医疗,20220729,,Y
801150.SI,医药生物,801155.SI,中药Ⅱ,851521.SI,中药Ⅲ,002433.SZ,太安退(退市),20100128,,Y
801880.SI,汽车,801093.SI,汽车零部件,850923.SI,底盘与发动机系统,002434.SZ,万里扬,20100528,,Y
801150.SI,医药生物,801151.SI,化学制药,851512.SI,化学制剂,002435.SZ,ST长康,20180713,,Y
801080.SI,电子,801083.SI,元件,850822.SI,印制电路板,002436.SZ,兴森科技,20110110,,Y
801150.SI,医药生物,801151.SI,化学制药,851512.SI,化学制剂,002437.SZ,誉衡药业,20100104,,Y
801890.SI,机械设备,801072.SI,通用设备,850751.SI,金属制品,002438.SZ,江苏神通,20100601,,Y
801750.SI,计算机,801104.SI,软件开发,851042.SI,横向通用软件,002439.SZ,启明星辰,20100602,,Y
801030.SI,基础化工,801034.SI,化学制品,850338.SI,纺织化学制品,002440.SZ,闰土股份,20100111,,Y
801730.SI,电力设备,801738.SI,电网设备,857382.SI,配电设备,002441.SZ,众业达,20100618,,Y
801030.SI,基础化工,801037.SI,橡胶,850363.SI,炭黑,002442.SZ,龙星化工,20100610,,Y
801040.SI,钢铁,801045.SI,特钢Ⅱ,850412.SI,特钢Ⅲ,002443.SZ,金洲管道,20210730,,Y
801890.SI,机械设备,801072.SI,通用设备,850716.SI,其他通用设备,002444.SZ,巨星科技,20100712,,Y
801890.SI,机械设备,801072.SI,通用设备,850751.SI,金属制品,002445.SZ,中南文化,20220729,,Y
801740.SI,国防军工,801745.SI,军工电子Ⅱ,857451.SI,军工电子Ⅲ,002446.SZ,盛路通信,20100712,,Y
801760.SI,传媒,801764.SI,游戏Ⅱ,857641.SI,游戏Ⅲ,002447.SZ,晨鑫退(退市),20180713,,Y
801880.SI,汽车,801093.SI,汽车零部件,850923.SI,底盘与发动机系统,002448.SZ,中原内配,20100712,,Y
801080.SI,电子,801084.SI,光学光电子,850832.SI,LED,002449.SZ,国星光电,20110110,,Y
801030.SI,基础化工,801036.SI,塑料,850355.SI,膜材料,002450.SZ,康得退(退市),20210730,,Y
801730.SI,电力设备,801738.SI,电网设备,857344.SI,线缆部件及其他,002451.SZ,摩恩电气,20100712,,Y
801730.SI,电力设备,801738.SI,电网设备,857381.SI,输变电设备,002452.SZ,长高电新,20100712,,Y
801030.SI,基础化工,801034.SI,化学制品,850339.SI,其他化学制品,002453.SZ,华软科技,20100118,,Y
801880.SI,汽车,801093.SI,汽车零部件,850926.SI,汽车电子电气系统,002454.SZ,松芝股份,20100712,,Y
801030.SI,基础化工,801034.SI,化学制品,850339.SI,其他化学制品,002455.SZ,百川股份,20100104,,Y
801080.SI,电子,801084.SI,光学光电子,850833.SI,光学元件,002456.SZ,欧菲光,20110110,,Y
801710.SI,建筑材料,801713.SI,装修建材,850616.SI,管材,002457.SZ,青龙管业,20100716,,Y
801010.SI,农林牧渔,801017.SI,养殖业,850173.SI,肉鸡养殖,002458.SZ,益生股份,20100729,,Y
801730.SI,电力设备,801735.SI,光伏设备,857352.SI,光伏电池组件,002459.SZ,晶澳科技,20100809,,Y
801050.SI,有色金属,801056.SI,能源金属,850543.SI,锂,002460.SZ,赣锋锂业,20210730,,Y
801120.SI,食品饮料,801126.SI,非白酒,851232.SI,啤酒,002461.SZ,珠江啤酒,20210730,,Y
801150.SI,医药生物,801154.SI,医药商业,851542.SI,医药流通,002462.SZ,嘉事堂,20100105,,Y
801080.SI,电子,801083.SI,元件,850822.SI,印制电路板,002463.SZ,沪电股份,20100809,,Y
801760.SI,传媒,801764.SI,游戏Ⅱ,857641.SI,游戏Ⅲ,002464.SZ,众应退(退市),20170629,,Y
801740.SI,国防军工,801745.SI,军工电子Ⅱ,857451.SI,军工电子Ⅲ,002465.SZ,海格通信,20210730,,Y
801050.SI,有色金属,801056.SI,能源金属,850543.SI,锂,002466.SZ,天齐锂业,20210730,,Y
801770.SI,通信,801223.SI,通信服务,852214.SI,通信应用增值服务,002467.SZ,二六三,20100818,,Y
801170.SI,交通运输,801178.SI,物流,851784.SI,快递,002468.SZ,申通快递,20170703,,Y
801720.SI,建筑装饰,801724.SI,专业工程,857242.SI,化学工程,002469.SZ,三维化学,20100830,,Y
801030.SI,基础化工,801038.SI,农化制品,850381.SI,复合肥,002470.SZ,金正大,20210730,,Y
801730.SI,电力设备,801738.SI,电网设备,857344.SI,线缆部件及其他,002471.SZ,中超控股,20100901,,Y
801880.SI,汽车,801093.SI,汽车零部件,850923.SI,底盘与发动机系统,002472.SZ,双环传动,20100820,,Y
801110.SI,家用电器,801113.SI,小家电,851131.SI,厨房小家电,002473.SZ,圣莱退(退市),20100201,,Y
801750.SI,计算机,801103.SI,IT服务Ⅱ,852226.SI,IT服务Ⅲ,002474.SZ,榕基软件,20210730,,Y
801080.SI,电子,801085.SI,消费电子,850854.SI,消费电子零部件及组装,002475.SZ,立讯精密,20100914,,Y
801960.SI,石油石化,801963.SI,炼化及贸易,859633.SI,其他石化,002476.SZ,宝莫股份,20210730,,Y
801010.SI,农林牧渔,801017.SI,养殖业,850172.SI,生猪养殖,002477.SZ,雏鹰退(退市),20111010,,Y
801040.SI,钢铁,801045.SI,特钢Ⅱ,850412.SI,特钢Ⅲ,002478.SZ,常宝股份,20210730,,Y
801160.SI,公用事业,801161.SI,电力,851614.SI,热力服务,002479.SZ,富春环保,20100120,,Y
801160.SI,公用事业,801161.SI,电力,851616.SI,光伏发电,002480.SZ,新筑股份,20230704,,Y
801010.SI,农林牧渔,801012.SI,农产品加工,850154.SI,其他农产品加工,002481.SZ,双塔食品,20210730,,Y
801720.SI,建筑装饰,801722.SI,装修装饰Ⅱ,857221.SI,装修装饰Ⅲ,002482.SZ,广田集团,20100908,,Y
801890.SI,机械设备,801074.SI,专用设备,850725.SI,能源及重型设备,002483.SZ,润邦股份,20100917,,Y
801080.SI,电子,801083.SI,元件,850823.SI,被动元件,002484.SZ,江海股份,20100927,,Y
801130.SI,纺织服饰,801132.SI,服装家纺,851329.SI,非运动服装,002485.SZ,ST雪发,20100917,,Y
801130.SI,纺织服饰,801131.SI,纺织制造,851316.SI,其他纺织,002486.SZ,嘉麟杰,20100927,,Y
801730.SI,电力设备,801736.SI,风电设备,857362.SI,风电零部件,002487.SZ,大金重工,20210730,,Y
801880.SI,汽车,801093.SI,汽车零部件,850924.SI,轮胎轮毂,002488.SZ,金固股份,20101012,,Y
801140.SI,轻工制造,801142.SI,家居用品,851437.SI,成品家居,002489.SZ,浙江永强,20100111,,Y
801890.SI,机械设备,801074.SI,专用设备,850725.SI,能源及重型设备,002490.SZ,ST墨龙,20101011,,Y
801770.SI,通信,801102.SI,通信设备,851025.SI,通信线缆及配套,002491.SZ,通鼎互联,20101008,,Y
801170.SI,交通运输,801178.SI,物流,851786.SI,仓储物流,002492.SZ,恒基达鑫,20100120,,Y
801960.SI,石油石化,801963.SI,炼化及贸易,859631.SI,炼油化工,002493.SZ,荣盛石化,20210730,,Y
801130.SI,纺织服饰,801132.SI,服装家纺,851329.SI,非运动服装,002494.SZ,华斯股份,20101020,,Y
801120.SI,食品饮料,801129.SI,调味发酵品Ⅱ,851242.SI,调味发酵品Ⅲ,002495.SZ,佳隆股份,20210730,,Y
801030.SI,基础化工,801038.SI,农化制品,850333.SI,农药,002496.SZ,辉丰股份,20210730,,Y
801050.SI,有色金属,801056.SI,能源金属,850543.SI,锂,002497.SZ,雅化集团,20220729,,Y
801730.SI,电力设备,801738.SI,电网设备,857344.SI,线缆部件及其他,002498.SZ,汉缆股份,20101027,,Y
801200.SI,商贸零售,801206.SI,互联网电商,852063.SI,电商服务,002499.SZ,科林退(退市),20220729,,Y
801790.SI,非银金融,801193.SI,证券Ⅱ,851931.SI,证券Ⅲ,002500.SZ,山西证券,20101101,,Y
801050.SI,有色金属,801055.SI,工业金属,850551.SI,铝,002501.SZ,利源股份,20101103,,Y
801050.SI,有色金属,801054.SI,小金属,850544.SI,其他小金属,002502.SZ,ST鼎龙,20230704,,Y
801130.SI,纺织服饰,801132.SI,服装家纺,851329.SI,非运动服装,002503.SZ,*ST搜特(退市),20101103,,Y
801720.SI,建筑装饰,801722.SI,装修装饰Ⅱ,857221.SI,装修装饰Ⅲ,002504.SZ,*ST弘高(退市),20150701,,Y
801010.SI,农林牧渔,801017.SI,养殖业,850174.SI,其他养殖,002505.SZ,鹏都农牧,20210730,,Y
801730.SI,电力设备,801735.SI,光伏设备,857352.SI,光伏电池组件,002506.SZ,协鑫集成,20111010,,Y
801120.SI,食品饮料,801129.SI,调味发酵品Ⅱ,851242.SI,调味发酵品Ⅲ,002507.SZ,涪陵榨菜,20210730,,Y
801110.SI,家用电器,801114.SI,厨卫电器,851141.SI,厨房电器,002508.SZ,老板电器,20100111,,Y
801890.SI,机械设备,801074.SI,专用设备,850728.SI,楼宇设备,002509.SZ,天茂退(退市),20101110,,Y
801880.SI,汽车,801093.SI,汽车零部件,850925.SI,其他汽车零部件,002510.SZ,天汽模,20170629,,Y
801980.SI,美容护理,801981.SI,个护用品,859811.SI,生活用纸,002511.SZ,中顺洁柔,20100115,,Y
801750.SI,计算机,801101.SI,计算机设备,850703.SI,其他计算机设备,002512.SZ,达华智能,20180619,,Y
801030.SI,基础化工,801038.SI,农化制品,850333.SI,农药,002513.SZ,蓝丰生化,20210730,,Y
801890.SI,机械设备,801072.SI,通用设备,850751.SI,金属制品,002514.SZ,宝馨科技,20101122,,Y
801120.SI,食品饮料,801124.SI,食品加工,851241.SI,肉制品,002515.SZ,金字火腿,20101122,,Y
801880.SI,汽车,801093.SI,汽车零部件,850922.SI,车身附件及饰件,002516.SZ,旷达科技,20190724,,Y
801760.SI,传媒,801764.SI,游戏Ⅱ,857641.SI,游戏Ⅲ,002517.SZ,恺英网络,20111010,,Y
801730.SI,电力设备,801733.SI,其他电源设备Ⅱ,857336.SI,其他电源设备Ⅲ,002518.SZ,科士达,20101124,,Y
801740.SI,国防军工,801743.SI,地面兵装Ⅱ,857431.SI,地面兵装Ⅲ,002519.SZ,银河电子,20230821,,Y
801890.SI,机械设备,801072.SI,通用设备,850711.SI,机床工具,002520.SZ,日发精机,20101201,,Y
801140.SI,轻工制造,801143.SI,造纸,851413.SI,特种纸,002521.SZ,齐峰新材,20100104,,Y
801030.SI,基础化工,801036.SI,塑料,850355.SI,膜材料,002522.SZ,浙江众成,20100104,,Y
801890.SI,机械设备,801074.SI,专用设备,850725.SI,能源及重型设备,002523.SZ,天桥起重,20101201,,Y
801150.SI,医药生物,801156.SI,医疗服务,851564.SI,医院,002524.SZ,光正眼科,20190724,,Y
801120.SI,食品饮料,801126.SI,非白酒,851233.SI,其他酒类,002525.SZ,胜景山河(IPO终止),20100108,,Y
801890.SI,机械设备,801074.SI,专用设备,850725.SI,能源及重型设备,002526.SZ,山东矿机,20101208,,Y
801890.SI,机械设备,801078.SI,自动化设备,850781.SI,机器人,002527.SZ,新时达,20101215,,Y
801750.SI,计算机,801101.SI,计算机设备,850702.SI,安防设备,002528.SZ,ST英飞拓,20101215,,Y
801890.SI,机械设备,801074.SI,专用设备,850727.SI,其他专用设备,002529.SZ,海源复材,20101215,,Y
801750.SI,计算机,801103.SI,IT服务Ⅱ,852226.SI,IT服务Ⅲ,002530.SZ,金财互联,20210730,,Y
801730.SI,电力设备,801736.SI,风电设备,857362.SI,风电零部件,002531.SZ,天顺风能,20101222,,Y
801050.SI,有色金属,801055.SI,工业金属,850551.SI,铝,002532.SZ,天山铝业,20210730,,Y
801730.SI,电力设备,801738.SI,电网设备,857344.SI,线缆部件及其他,002533.SZ,金杯电工,20101222,,Y
801730.SI,电力设备,801733.SI,其他电源设备Ⅱ,857334.SI,火电设备,002534.SZ,西子洁能,20210730,,Y
801890.SI,机械设备,801074.SI,专用设备,850725.SI,能源及重型设备,002535.SZ,林州重机,20101229,,Y
801880.SI,汽车,801093.SI,汽车零部件,850923.SI,底盘与发动机系统,002536.SZ,飞龙股份,20101229,,Y
801880.SI,汽车,801093.SI,汽车零部件,850922.SI,车身附件及饰件,002537.SZ,海联金汇,20210730,,Y
801030.SI,基础化工,801038.SI,农化制品,850381.SI,复合肥,002538.SZ,司尔特,20210730,,Y
801030.SI,基础化工,801038.SI,农化制品,850381.SI,复合肥,002539.SZ,云图控股,20210730,,Y
801050.SI,有色金属,801055.SI,工业金属,850551.SI,铝,002540.SZ,亚太科技,20110106,,Y
801720.SI,建筑装饰,801724.SI,专业工程,857241.SI,钢结构,002541.SZ,鸿路钢构,20110106,,Y
801720.SI,建筑装饰,801724.SI,专业工程,857244.SI,其他专业工程,002542.SZ,中化岩土,20110119,,Y
801110.SI,家用电器,801114.SI,厨卫电器,851142.SI,卫浴电器,002543.SZ,万和电气,20110119,,Y
801770.SI,通信,801223.SI,通信服务,852213.SI,通信工程及服务,002544.SZ,普天科技,20110119,,Y
801030.SI,基础化工,801038.SI,农化制品,850336.SI,钾肥,002545.SZ,东方铁塔,20220729,,Y
801730.SI,电力设备,801738.SI,电网设备,857323.SI,电工仪器仪表,002546.SZ,新联电子,20210730,,Y
801880.SI,汽车,801093.SI,汽车零部件,850925.SI,其他汽车零部件,002547.SZ,春兴精工,20220729,,Y
801010.SI,农林牧渔,801014.SI,饲料,850142.SI,畜禽饲料,002548.SZ,金新农,20110110,,Y
801030.SI,基础化工,801034.SI,化学制品,850339.SI,其他化学制品,002549.SZ,凯美特气,20111010,,Y
801150.SI,医药生物,801151.SI,化学制药,851512.SI,化学制剂,002550.SZ,千红制药,20190724,,Y
801150.SI,医药生物,801153.SI,医疗器械,851533.SI,医疗耗材,002551.SZ,尚荣医疗,20110117,,Y
801890.SI,机械设备,801072.SI,通用设备,850751.SI,金属制品,002552.SZ,宝鼎科技,20110216,,Y
801880.SI,汽车,801093.SI,汽车零部件,850923.SI,底盘与发动机系统,002553.SZ,南方精工,20110216,,Y
801960.SI,石油石化,801962.SI,油服工程,859622.SI,油气及炼化工程,002554.SZ,惠博普,20110110,,Y
801760.SI,传媒,801764.SI,游戏Ⅱ,857641.SI,游戏Ⅲ,002555.SZ,三七互娱,20110221,,Y
801010.SI,农林牧渔,801019.SI,农业综合Ⅱ,850191.SI,农业综合Ⅲ,002556.SZ,辉隆股份,20210730,,Y
801120.SI,食品饮料,801128.SI,休闲食品,851281.SI,零食,002557.SZ,洽洽食品,20210730,,Y
801760.SI,传媒,801764.SI,游戏Ⅱ,857641.SI,游戏Ⅲ,002558.SZ,巨人网络,20170522,,Y
801890.SI,机械设备,801072.SI,通用设备,850711.SI,机床工具,002559.SZ,亚威股份,20110223,,Y
801730.SI,电力设备,801738.SI,电网设备,857344.SI,线缆部件及其他,002560.SZ,通达股份,20110223,,Y
801200.SI,商贸零售,801203.SI,一般零售,852031.SI,百货,002561.SZ,徐家汇,20110223,,Y
801030.SI,基础化工,801034.SI,化学制品,850135.SI,食品及饲料添加剂,002562.SZ,兄弟科技,20210730,,Y
801130.SI,纺织服饰,801132.SI,服装家纺,851329.SI,非运动服装,002563.SZ,森马服饰,20110110,,Y
801720.SI,建筑装饰,801724.SI,专业工程,857244.SI,其他专业工程,002564.SZ,*ST天沃,20220729,,Y
801140.SI,轻工制造,801141.SI,包装印刷,851425.SI,纸包装,002565.SZ,顺灏股份,20110110,,Y
801150.SI,医药生物,801155.SI,中药Ⅱ,851521.SI,中药Ⅲ,002566.SZ,益盛药业,20110110,,Y
801010.SI,农林牧渔,801014.SI,饲料,850142.SI,畜禽饲料,002567.SZ,唐人神,20110117,,Y
801120.SI,食品饮料,801126.SI,非白酒,851233.SI,其他酒类,002568.SZ,百润股份,20210730,,Y
801130.SI,纺织服饰,801132.SI,服装家纺,851329.SI,非运动服装,002569.SZ,ST步森,20110110,,Y
801120.SI,食品饮料,801127.SI,饮料乳品,851243.SI,乳品,002570.SZ,贝因美,20210730,,Y
801140.SI,轻工制造,801142.SI,家居用品,851491.SI,其他家居用品,002571.SZ,德力股份,20110131,,Y
801140.SI,轻工制造,801142.SI,家居用品,851438.SI,定制家居,002572.SZ,索菲亚,20110131,,Y
801970.SI,环保,801971.SI,环境治理,859712.SI,水务及水治理,002573.SZ,清新环境,20230704,,Y
801130.SI,纺织服饰,801133.SI,饰品,851331.SI,钟表珠宝,002574.SZ,明牌珠宝,20110110,,Y
801140.SI,轻工制造,801145.SI,文娱用品,851452.SI,娱乐用品,002575.SZ,群兴玩具,20110110,,Y
801730.SI,电力设备,801731.SI,电机Ⅱ,850741.SI,电机Ⅲ,002576.SZ,通达动力,20110420,,Y
801750.SI,计算机,801101.SI,计算机设备,850703.SI,其他计算机设备,002577.SZ,雷柏科技,20110420,,Y
801050.SI,有色金属,801055.SI,工业金属,850551.SI,铝,002578.SZ,闽发铝业,20110420,,Y
801080.SI,电子,801083.SI,元件,850822.SI,印制电路板,002579.SZ,中京电子,20110426,,Y
801730.SI,电力设备,801737.SI,电池,857375.SI,蓄电池及其他电池,002580.SZ,圣阳股份,20110426,,Y
801150.SI,医药生物,801152.SI,生物制品,851524.SI,其他生物制品,002581.SZ,未名医药,20170526,,Y
801120.SI,食品饮料,801128.SI,休闲食品,851281.SI,零食,002582.SZ,好想你,20210730,,Y
801770.SI,通信,801102.SI,通信设备,851024.SI,通信网络设备及器件,002583.SZ,海能达,20110518,,Y
801080.SI,电子,801086.SI,电子化学品Ⅱ,850861.SI,电子化学品Ⅲ,002584.SZ,西陇科学,20210730,,Y
801030.SI,基础化工,801036.SI,塑料,850355.SI,膜材料,002585.SZ,双星新材,20110125,,Y
801720.SI,建筑装饰,801723.SI,基础建设,857236.SI,基建市政工程,002586.SZ,*ST围海,20110525,,Y
801080.SI,电子,801084.SI,光学光电子,850832.SI,LED,002587.SZ,奥拓电子,20111010,,Y
801030.SI,基础化工,801038.SI,农化制品,850381.SI,复合肥,002588.SZ,史丹利,20210730,,Y
801150.SI,医药生物,801154.SI,医药商业,851542.SI,医药流通,002589.SZ,瑞康医药,20110104,,Y
801880.SI,汽车,801093.SI,汽车零部件,850923.SI,底盘与发动机系统,002590.SZ,万安科技,20110601,,Y
801030.SI,基础化工,801034.SI,化学制品,850339.SI,其他化学制品,002591.SZ,恒大高新,20220729,,Y
801880.SI,汽车,801093.SI,汽车零部件,850923.SI,底盘与发动机系统,002592.SZ,ST八菱,20110609,,Y
801720.SI,建筑装饰,801724.SI,专业工程,857241.SI,钢结构,002593.SZ,日上集团,20110616,,Y
801880.SI,汽车,801095.SI,乘用车,850951.SI,电动乘用车,002594.SZ,比亚迪,20110621,,Y
801890.SI,机械设备,801074.SI,专用设备,850727.SI,其他专用设备,002595.SZ,豪迈科技,20170629,,Y
801710.SI,建筑材料,801711.SI,水泥,857112.SI,水泥制品,002596.SZ,海南瑞泽,20210730,,Y
801030.SI,基础化工,801034.SI,化学制品,850135.SI,食品及饲料添加剂,002597.SZ,金禾实业,20210730,,Y
801890.SI,机械设备,801072.SI,通用设备,850716.SI,其他通用设备,002598.SZ,山东章鼓,20110629,,Y
801140.SI,轻工制造,801141.SI,包装印刷,851422.SI,印刷,002599.SZ,盛通股份,20110106,,Y
801080.SI,电子,801085.SI,消费电子,850854.SI,消费电子零部件及组装,002600.SZ,领益智造,20180713,,Y
801030.SI,基础化工,801033.SI,化学原料,850326.SI,钛白粉,002601.SZ,龙佰集团,20210730,,Y
801760.SI,传媒,801764.SI,游戏Ⅱ,857641.SI,游戏Ⅲ,002602.SZ,世纪华通,20110713,,Y
801150.SI,医药生物,801155.SI,中药Ⅱ,851521.SI,中药Ⅲ,002603.SZ,以岭药业,20110119,,Y
801010.SI,农林牧渔,801012.SI,农产品加工,850154.SI,其他农产品加工,002604.SZ,龙力退(退市),20110720,,Y
801760.SI,传媒,801764.SI,游戏Ⅱ,857641.SI,游戏Ⅲ,002605.SZ,姚记科技,20210916,,Y
801730.SI,电力设备,801738.SI,电网设备,857344.SI,线缆部件及其他,002606.SZ,大连电瓷,20110728,,Y
801210.SI,社会服务,801994.SI,教育,859852.SI,培训教育,002607.SZ,中公教育,20110729,,Y
801160.SI,公用事业,801161.SI,电力,851611.SI,火力发电,002608.SZ,江苏国信,20180713,,Y
801750.SI,计算机,801103.SI,IT服务Ⅱ,852226.SI,IT服务Ⅲ,002609.SZ,捷顺科技,20210730,,Y
801890.SI,机械设备,801074.SI,专用设备,850726.SI,印刷包装机械,002611.SZ,东方精工,20180713,,Y
801130.SI,纺织服饰,801132.SI,服装家纺,851329.SI,非运动服装,002612.SZ,朗姿股份,20110110,,Y
801710.SI,建筑材料,801712.SI,玻璃玻纤,857121.SI,玻璃制造,002613.SZ,北玻股份,20210730,,Y
801110.SI,家用电器,801117.SI,其他家电Ⅱ,851171.SI,其他家电Ⅲ,002614.SZ,奥佳华,20170922,,Y
801140.SI,轻工制造,801142.SI,家居用品,851491.SI,其他家居用品,002615.SZ,哈尔斯,20110104,,Y
801160.SI,公用事业,801161.SI,电力,851619.SI,其他能源发电,002616.SZ,长青集团,20110110,,Y
801160.SI,公用事业,801161.SI,电力,851616.SI,光伏发电,002617.SZ,露笑科技,20110908,,Y
801080.SI,电子,801083.SI,元件,850822.SI,印制电路板,002618.SZ,丹邦退(退市),20110907,,Y
801760.SI,传媒,801764.SI,游戏Ⅱ,857641.SI,游戏Ⅲ,002619.SZ,*ST艾格(退市),20210730,,Y
801720.SI,建筑装饰,801722.SI,装修装饰Ⅱ,857221.SI,装修装饰Ⅲ,002620.SZ,瑞和股份,20110920,,Y
801150.SI,医药生物,801156.SI,医疗服务,851564.SI,医院,002622.SZ,皓宸医疗,20230704,,Y
801730.SI,电力设备,801735.SI,光伏设备,857354.SI,光伏辅材,002623.SZ,亚玛顿,20210730,,Y
801760.SI,传媒,801764.SI,游戏Ⅱ,857641.SI,游戏Ⅲ,002624.SZ,完美世界,20150701,,Y
801740.SI,国防军工,801742.SI,航空装备Ⅱ,857421.SI,航空装备Ⅲ,002625.SZ,光启技术,20111026,,Y
801120.SI,食品饮料,801124.SI,食品加工,851247.SI,保健品,002626.SZ,金达威,20210730,,Y
801170.SI,交通运输,801179.SI,铁路公路,851721.SI,公交,002627.SZ,三峡旅游,20110121,,Y
801720.SI,建筑装饰,801723.SI,基础建设,857236.SI,基建市政工程,002628.SZ,成都路桥,20111025,,Y
801960.SI,石油石化,801962.SI,油服工程,859621.SI,油田服务,002629.SZ,仁智股份,20110126,,Y
801730.SI,电力设备,801733.SI,其他电源设备Ⅱ,857334.SI,火电设备,002630.SZ,华西能源,20111104,,Y
801140.SI,轻工制造,801142.SI,家居用品,851438.SI,定制家居,002631.SZ,德尔未来,20110104,,Y
801030.SI,基础化工,801036.SI,塑料,850355.SI,膜材料,002632.SZ,道明光学,20210730,,Y
801890.SI,机械设备,801072.SI,通用设备,850751.SI,金属制品,002633.SZ,申科股份,20111111,,Y
801130.SI,纺织服饰,801132.SI,服装家纺,851325.SI,鞋帽及其他,002634.SZ,棒杰股份,20110125,,Y
801080.SI,电子,801085.SI,消费电子,850854.SI,消费电子零部件及组装,002635.SZ,安洁科技,20110117,,Y
801080.SI,电子,801083.SI,元件,850822.SI,印制电路板,002636.SZ,金安国纪,20110117,,Y
801030.SI,基础化工,801034.SI,化学制品,850339.SI,其他化学制品,002637.SZ,赞宇科技,20110117,,Y
801210.SI,社会服务,801994.SI,教育,859852.SI,培训教育,002638.SZ,勤上股份,20180713,,Y
801890.SI,机械设备,801072.SI,通用设备,850715.SI,制冷空调设备,002639.SZ,雪人股份,20111118,,Y
801200.SI,商贸零售,801206.SI,互联网电商,852062.SI,跨境电商,002640.SZ,跨境通,20210730,,Y
801710.SI,建筑材料,801713.SI,装修建材,850616.SI,管材,002641.SZ,公元股份,20111130,,Y
801750.SI,计算机,801103.SI,IT服务Ⅱ,852226.SI,IT服务Ⅲ,002642.SZ,荣联科技,20210730,,Y
801080.SI,电子,801086.SI,电子化学品Ⅱ,850861.SI,电子化学品Ⅲ,002643.SZ,万润股份,20210730,,Y
801150.SI,医药生物,801155.SI,中药Ⅱ,851521.SI,中药Ⅲ,002644.SZ,佛慈制药,20110113,,Y
801970.SI,环保,801972.SI,环保设备Ⅱ,859721.SI,环保设备Ⅲ,002645.SZ,华宏科技,20210730,,Y
801120.SI,食品饮料,801125.SI,白酒Ⅱ,851251.SI,白酒Ⅲ,002646.SZ,天佑德酒,20210730,,Y
801790.SI,非银金融,801191.SI,多元金融,851926.SI,金融信息服务,002647.SZ,仁东控股,20180713,,Y
801030.SI,基础化工,801033.SI,化学原料,850324.SI,其他化学原料,002648.SZ,卫星化学,20220729,,Y
801750.SI,计算机,801103.SI,IT服务Ⅱ,852226.SI,IT服务Ⅲ,002649.SZ,博彦科技,20210730,,Y
801120.SI,食品饮料,801129.SI,调味发酵品Ⅱ,851242.SI,调味发酵品Ⅲ,002650.SZ,ST加加,20210730,,Y
801740.SI,国防军工,801742.SI,航空装备Ⅱ,857421.SI,航空装备Ⅲ,002651.SZ,利君股份,20220729,,Y
801710.SI,建筑材料,801713.SI,装修建材,850614.SI,其他建材,002652.SZ,扬子新材,20120111,,Y
801150.SI,医药生物,801151.SI,化学制药,851512.SI,化学制剂,002653.SZ,海思科,20120109,,Y
801080.SI,电子,801084.SI,光学光电子,850832.SI,LED,002654.SZ,万润科技,20170629,,Y
801080.SI,电子,801085.SI,消费电子,850854.SI,消费电子零部件及组装,002655.SZ,共达电声,20120109,,Y
801130.SI,纺织服饰,801132.SI,服装家纺,851329.SI,非运动服装,002656.SZ,ST摩登,20120117,,Y
801750.SI,计算机,801103.SI,IT服务Ⅱ,852226.SI,IT服务Ⅲ,002657.SZ,中科金财,20210730,,Y
801970.SI,环保,801972.SI,环保设备Ⅱ,859721.SI,环保设备Ⅲ,002658.SZ,雪迪龙,20151012,,Y
801210.SI,社会服务,801994.SI,教育,859851.SI,学历教育,002659.SZ,凯文教育,20180713,,Y
801080.SI,电子,801085.SI,消费电子,850854.SI,消费电子零部件及组装,002660.SZ,茂硕电源,20120109,,Y
801120.SI,食品饮料,801124.SI,食品加工,851246.SI,预加工食品,002661.SZ,克明食品,20230331,,Y
801880.SI,汽车,801093.SI,汽车零部件,850922.SI,车身附件及饰件,002662.SZ,京威股份,20120229,,Y
801720.SI,建筑装饰,801723.SI,基础建设,857251.SI,园林工程,002663.SZ,普邦股份,20210730,,Y
801880.SI,汽车,801093.SI,汽车零部件,850926.SI,汽车电子电气系统,002664.SZ,信质集团,20210730,,Y
801030.SI,基础化工,801034.SI,化学制品,850339.SI,其他化学制品,002666.SZ,德联集团,20120116,,Y
801890.SI,机械设备,801074.SI,专用设备,850725.SI,能源及重型设备,002667.SZ,威领股份,20120321,,Y
801110.SI,家用电器,801111.SI,白色家电,851116.SI,冰洗,002668.SZ,TCL智家,20120130,,Y
801030.SI,基础化工,801034.SI,化学制品,850137.SI,胶黏剂及胶带,002669.SZ,康达新材,20210730,,Y
801790.SI,非银金融,801193.SI,证券Ⅱ,851931.SI,证券Ⅲ,002670.SZ,国盛金控,20120106,,Y
801710.SI,建筑材料,801711.SI,水泥,857112.SI,水泥制品,002671.SZ,龙泉股份,20210730,,Y
801970.SI,环保,801971.SI,环境治理,859713.SI,固废治理,002672.SZ,东江环保,20120117,,Y
801790.SI,非银金融,801193.SI,证券Ⅱ,851931.SI,证券Ⅲ,002673.SZ,西部证券,20120423,,Y
801130.SI,纺织服饰,801131.SI,纺织制造,851315.SI,辅料,002674.SZ,兴业科技,20120702,,Y
801150.SI,医药生物,801151.SI,化学制药,851512.SI,化学制剂,002675.SZ,东诚药业,20170629,,Y
801110.SI,家用电器,801116.SI,家电零部件Ⅱ,851161.SI,家电零部件Ⅲ,002676.SZ,顺威股份,20120116,,Y
801110.SI,家用电器,801114.SI,厨卫电器,851141.SI,厨房电器,002677.SZ,浙江美大,20120116,,Y
801140.SI,轻工制造,801145.SI,文娱用品,851452.SI,娱乐用品,002678.SZ,珠江钢琴,20120130,,Y
801010.SI,农林牧渔,801011.SI,林业Ⅱ,850131.SI,林业Ⅲ,002679.SZ,福建金森,20120130,,Y
801150.SI,医药生物,801152.SI,生物制品,851523.SI,疫苗,002680.SZ,长生退(退市),20170522,,Y
801080.SI,电子,801085.SI,消费电子,850854.SI,消费电子零部件及组装,002681.SZ,奋达科技,20120130,,Y
801170.SI,交通运输,801178.SI,物流,851787.SI,公路货运,002682.SZ,龙洲股份,20120104,,Y
801030.SI,基础化工,801034.SI,化学制品,850337.SI,民爆制品,002683.SZ,广东宏大,20120130,,Y
801880.SI,汽车,801092.SI,汽车服务,850233.SI,汽车综合服务,002684.SZ,猛狮退(退市),20180713,,Y
801890.SI,机械设备,801072.SI,通用设备,850711.SI,机床工具,002685.SZ,华东重机,20120530,,Y
801890.SI,机械设备,801072.SI,通用设备,850715.SI,制冷空调设备,002686.SZ,亿利达,20210730,,Y
801130.SI,纺织服饰,801132.SI,服装家纺,851329.SI,非运动服装,002687.SZ,乔治白,20120104,,Y
801010.SI,农林牧渔,801018.SI,动物保健Ⅱ,850181.SI,动物保健Ⅲ,002688.SZ,金河生物,20120105,,Y
801890.SI,机械设备,801074.SI,专用设备,850728.SI,楼宇设备,002689.SZ,远大智能,20120709,,Y
801890.SI,机械设备,801074.SI,专用设备,850727.SI,其他专用设备,002690.SZ,美亚光电,20120720,,Y
801890.SI,机械设备,801074.SI,专用设备,850725.SI,能源及重型设备,002691.SZ,冀凯股份,20120723,,Y
801730.SI,电力设备,801738.SI,电网设备,857344.SI,线缆部件及其他,002692.SZ,远程股份,20120730,,Y
801150.SI,医药生物,801151.SI,化学制药,851512.SI,化学制剂,002693.SZ,双成药业,20220729,,Y
801710.SI,建筑材料,801713.SI,装修建材,850616.SI,管材,002694.SZ,顾地科技,20120808,,Y
801120.SI,食品饮料,801128.SI,休闲食品,851283.SI,熟食,002695.SZ,煌上煌,20210730,,Y
801010.SI,农林牧渔,801014.SI,饲料,850143.SI,水产饲料,002696.SZ,百洋股份,20220729,,Y
801200.SI,商贸零售,801203.SI,一般零售,852032.SI,超市,002697.SZ,红旗连锁,20120828,,Y
801890.SI,机械设备,801078.SI,自动化设备,850781.SI,机器人,002698.SZ,博实股份,20210730,,Y
801760.SI,传媒,801766.SI,影视院线,857661.SI,影视动漫制作,002699.SZ,*ST美盛(退市),20120104,,Y
801160.SI,公用事业,801163.SI,燃气Ⅱ,851631.SI,燃气Ⅲ,002700.SZ,ST浩源,20120111,,Y
801140.SI,轻工制造,801141.SI,包装印刷,851423.SI,金属包装,002701.SZ,奥瑞金,20120130,,Y
801120.SI,食品饮料,801124.SI,食品加工,851246.SI,预加工食品,002702.SZ,海欣食品,20210730,,Y
801880.SI,汽车,801093.SI,汽车零部件,850923.SI,底盘与发动机系统,002703.SZ,浙江世宝,20121026,,Y
801110.SI,家用电器,801113.SI,小家电,851131.SI,厨房小家电,002705.SZ,新宝股份,20140108,,Y
801730.SI,电力设备,801738.SI,电网设备,857382.SI,配电设备,002706.SZ,良信股份,20140108,,Y
801210.SI,社会服务,801993.SI,旅游及景区,852131.SI,旅游综合,002707.SZ,众信旅游,20210730,,Y
801880.SI,汽车,801093.SI,汽车零部件,850923.SI,底盘与发动机系统,002708.SZ,光洋股份,20140108,,Y
801730.SI,电力设备,801737.SI,电池,857372.SI,电池化学品,002709.SZ,天赐材料,20210730,,Y
801170.SI,交通运输,801178.SI,物流,851782.SI,原材料供应链服务,002711.SZ,欧浦退(退市),20140108,,Y
801760.SI,传媒,801765.SI,广告营销,857651.SI,营销代理,002712.SZ,思美传媒,20140108,,Y
801720.SI,建筑装饰,801722.SI,装修装饰Ⅱ,857221.SI,装修装饰Ⅲ,002713.SZ,东易日盛,20140108,,Y
801010.SI,农林牧渔,801017.SI,养殖业,850172.SI,生猪养殖,002714.SZ,牧原股份,20140122,,Y
801880.SI,汽车,801093.SI,汽车零部件,850923.SI,底盘与发动机系统,002715.SZ,登云股份,20140108,,Y
801050.SI,有色金属,801053.SI,贵金属,850532.SI,白银,002716.SZ,湖南白银,20210730,,Y
801720.SI,建筑装饰,801723.SI,基础建设,857251.SI,园林工程,002717.SZ,岭南股份,20210730,,Y
801710.SI,建筑材料,801713.SI,装修建材,850614.SI,其他建材,002718.SZ,友邦吊顶,20140122,,Y
801120.SI,食品饮料,801127.SI,饮料乳品,851243.SI,乳品,002719.SZ,麦趣尔,20210730,,Y
801130.SI,纺织服饰,801131.SI,纺织制造,851315.SI,辅料,002720.SZ,宏良股份(IPO终止),20140122,,Y
801130.SI,纺织服饰,801133.SI,饰品,851331.SI,钟表珠宝,002721.SZ,ST金一,20140122,,Y
801130.SI,纺织服饰,801131.SI,纺织制造,851316.SI,其他纺织,002722.SZ,物产金轮,20210730,,Y
801110.SI,家用电器,801115.SI,照明设备Ⅱ,851151.SI,照明设备Ⅲ,002723.SZ,小崧股份,20140122,,Y
801080.SI,电子,801082.SI,其他电子Ⅱ,850841.SI,其他电子Ⅲ,002724.SZ,海洋王,20140124,,Y
801880.SI,汽车,801093.SI,汽车零部件,850924.SI,轮胎轮毂,002725.SZ,跃岭股份,20140122,,Y
801120.SI,食品饮料,801124.SI,食品加工,851241.SI,肉制品,002726.SZ,龙大美食,20140120,,Y
801150.SI,医药生物,801154.SI,医药商业,851543.SI,线下药店,002727.SZ,一心堂,20140120,,Y
801150.SI,医药生物,801155.SI,中药Ⅱ,851521.SI,中药Ⅲ,002728.SZ,特一药业,20190724,,Y
801080.SI,电子,801082.SI,其他电子Ⅱ,850841.SI,其他电子Ⅲ,002729.SZ,好利科技,20140116,,Y
801890.SI,机械设备,801074.SI,专用设备,850725.SI,能源及重型设备,002730.SZ,电光科技,20140127,,Y
801130.SI,纺织服饰,801133.SI,饰品,851331.SI,钟表珠宝,002731.SZ,萃华珠宝,20140124,,Y
801120.SI,食品饮料,801127.SI,饮料乳品,851243.SI,乳品,002732.SZ,燕塘乳业,20210730,,Y
801730.SI,电力设备,801737.SI,电池,857375.SI,蓄电池及其他电池,002733.SZ,雄韬股份,20140127,,Y
801030.SI,基础化工,801038.SI,农化制品,850333.SI,农药,002734.SZ,利民股份,20210730,,Y
801140.SI,轻工制造,801141.SI,包装印刷,851424.SI,塑料包装,002735.SZ,王子新材,20140127,,Y
801790.SI,非银金融,801193.SI,证券Ⅱ,851931.SI,证券Ⅲ,002736.SZ,国信证券,20140120,,Y
801150.SI,医药生物,801155.SI,中药Ⅱ,851521.SI,中药Ⅲ,002737.SZ,葵花药业,20140120,,Y
801050.SI,有色金属,801054.SI,小金属,850544.SI,其他小金属,002738.SZ,中矿资源,20210730,,Y
801760.SI,传媒,801766.SI,影视院线,857662.SI,院线,002739.SZ,万达电影,20150115,,Y
801130.SI,纺织服饰,801133.SI,饰品,851331.SI,钟表珠宝,002740.SZ,*ST爱迪(退市),20150115,,Y
801080.SI,电子,801086.SI,电子化学品Ⅱ,850861.SI,电子化学品Ⅲ,002741.SZ,光华科技,20210730,,Y
801150.SI,医药生物,801151.SI,化学制药,851512.SI,化学制剂,002742.SZ,ST三圣,20220729,,Y
801720.SI,建筑装饰,801724.SI,专业工程,857241.SI,钢结构,002743.SZ,富煌钢构,20150115,,Y
801080.SI,电子,801084.SI,光学光电子,850832.SI,LED,002745.SZ,木林森,20150115,,Y
801010.SI,农林牧渔,801017.SI,养殖业,850173.SI,肉鸡养殖,002746.SZ,仙坛股份,20150115,,Y
801890.SI,机械设备,801078.SI,自动化设备,850781.SI,机器人,002747.SZ,埃斯顿,20210730,,Y
801030.SI,基础化工,801033.SI,化学原料,850322.SI,氯碱,002748.SZ,ST世龙,20210730,,Y
801030.SI,基础化工,801038.SI,农化制品,850333.SI,农药,002749.SZ,国光股份,20210730,,Y
801150.SI,医药生物,801155.SI,中药Ⅱ,851521.SI,中药Ⅲ,002750.SZ,*ST龙津,20150116,,Y
801140.SI,轻工制造,801141.SI,包装印刷,851423.SI,金属包装,002752.SZ,昇兴股份,20150113,,Y
801030.SI,基础化工,801037.SI,橡胶,850363.SI,炭黑,002753.SZ,永东股份,20150106,,Y
801150.SI,医药生物,801151.SI,化学制药,851512.SI,化学制剂,002755.SZ,奥赛康,20190724,,Y
801050.SI,有色金属,801056.SI,能源金属,850543.SI,锂,002756.SZ,永兴材料,20220729,,Y
801890.SI,机械设备,801074.SI,专用设备,850727.SI,其他专用设备,002757.SZ,南兴股份,20150126,,Y
801230.SI,综合,801231.SI,综合Ⅱ,852311.SI,综合Ⅲ,002758.SZ,浙农股份,20230704,,Y
801730.SI,电力设备,801737.SI,电池,857372.SI,电池化学品,002759.SZ,天际股份,20150525,,Y
801890.SI,机械设备,801072.SI,通用设备,850713.SI,磨具磨料,002760.SZ,凤形股份,20150115,,Y
801720.SI,建筑装饰,801721.SI,房屋建设Ⅱ,850623.SI,房屋建设Ⅲ,002761.SZ,浙江建投,20200903,,Y
801130.SI,纺织服饰,801132.SI,服装家纺,851329.SI,非运动服装,002762.SZ,金发拉比,20150115,,Y
801130.SI,纺织服饰,801132.SI,服装家纺,851325.SI,鞋帽及其他,002763.SZ,汇洁股份,20150115,,Y
801080.SI,电子,801084.SI,光学光电子,850831.SI,面板,002765.SZ,蓝黛科技,20150115,,Y
801880.SI,汽车,801093.SI,汽车零部件,850926.SI,汽车电子电气系统,002766.SZ,索菱股份,20210730,,Y
801890.SI,机械设备,801072.SI,通用设备,850731.SI,仪器仪表,002767.SZ,先锋电子,20210730,,Y
801030.SI,基础化工,801036.SI,塑料,850353.SI,改性塑料,002768.SZ,国恩股份,20150119,,Y
801170.SI,交通运输,801178.SI,物流,851783.SI,中间产品及消费品供应链服务,002769.SZ,普路通,20150618,,Y
801120.SI,食品饮料,801127.SI,饮料乳品,851243.SI,乳品,002770.SZ,科迪退(退市),20210730,,Y
801750.SI,计算机,801103.SI,IT服务Ⅱ,852226.SI,IT服务Ⅲ,002771.SZ,真视通,20210730,,Y
801010.SI,农林牧渔,801016.SI,种植业,850114.SI,食用菌,002772.SZ,众兴菌业,20210730,,Y
801150.SI,医药生物,801151.SI,化学制药,851512.SI,化学制剂,002773.SZ,康弘药业,20150618,,Y
801890.SI,机械设备,801074.SI,专用设备,850728.SI,楼宇设备,002774.SZ,快意电梯,20170310,,Y
801720.SI,建筑装饰,801723.SI,基础建设,857251.SI,园林工程,002775.SZ,文科股份,20210730,,Y
801130.SI,纺织服饰,801132.SI,服装家纺,851329.SI,非运动服装,002776.SZ,*ST柏龙(退市),20150119,,Y
801750.SI,计算机,801103.SI,IT服务Ⅱ,852226.SI,IT服务Ⅲ,002777.SZ,久远银海,20210730,,Y
801970.SI,环保,801971.SI,环境治理,859714.SI,综合环境治理,002778.SZ,中晟高科,20220729,,Y
801890.SI,机械设备,801074.SI,专用设备,850727.SI,其他专用设备,002779.SZ,中坚科技,20170629,,Y
801130.SI,纺织服饰,801132.SI,服装家纺,851328.SI,运动服装,002780.SZ,三夫户外,20151123,,Y
801720.SI,建筑装饰,801722.SI,装修装饰Ⅱ,857221.SI,装修装饰Ⅲ,002781.SZ,奇信退(退市),20151105,,Y
801080.SI,电子,801082.SI,其他电子Ⅱ,850841.SI,其他电子Ⅲ,002782.SZ,可立克,20220729,,Y
801030.SI,基础化工,801034.SI,化学制品,850337.SI,民爆制品,002783.SZ,凯龙股份,20151209,,Y
801710.SI,建筑材料,801713.SI,装修建材,850614.SI,其他建材,002785.SZ,万里石,20151223,,Y
801890.SI,机械设备,801074.SI,专用设备,850727.SI,其他专用设备,002786.SZ,银宝山新,20170629,,Y
801140.SI,轻工制造,801141.SI,包装印刷,851423.SI,金属包装,002787.SZ,华源控股,20151231,,Y
801150.SI,医药生物,801154.SI,医药商业,851542.SI,医药流通,002788.SZ,鹭燕医药,20160125,,Y
801720.SI,建筑装饰,801722.SI,装修装饰Ⅱ,857221.SI,装修装饰Ⅲ,002789.SZ,建艺集团,20160311,,Y
801140.SI,轻工制造,801142.SI,家居用品,851439.SI,卫浴制品,002790.SZ,瑞尔特,20160304,,Y
801710.SI,建筑材料,801713.SI,装修建材,850614.SI,其他建材,002791.SZ,坚朗五金,20160329,,Y
801770.SI,通信,801102.SI,通信设备,851024.SI,通信网络设备及器件,002792.SZ,通宇通讯,20160328,,Y
801150.SI,医药生物,801151.SI,化学制药,851512.SI,化学制剂,002793.SZ,罗欣药业,20200601,,Y
801890.SI,机械设备,801072.SI,通用设备,850751.SI,金属制品,002795.SZ,永和智控,20190724,,Y
801770.SI,通信,801102.SI,通信设备,851024.SI,通信网络设备及器件,002796.SZ,世嘉科技,20220729,,Y
801790.SI,非银金融,801193.SI,证券Ⅱ,851931.SI,证券Ⅲ,002797.SZ,第一创业,20160426,,Y
801140.SI,轻工制造,801142.SI,家居用品,851436.SI,瓷砖地板,002798.SZ,帝欧家居,20210730,,Y
801140.SI,轻工制造,801141.SI,包装印刷,851425.SI,纸包装,002799.SZ,环球印务,20160525,,Y
801170.SI,交通运输,801178.SI,物流,851787.SI,公路货运,002800.SZ,天顺股份,20160525,,Y
801730.SI,电力设备,801731.SI,电机Ⅱ,850741.SI,电机Ⅲ,002801.SZ,微光股份,20160622,,Y
801030.SI,基础化工,801034.SI,化学制品,850339.SI,其他化学制品,002802.SZ,洪汇新材,20160624,,Y
801200.SI,商贸零售,801206.SI,互联网电商,852062.SI,跨境电商,002803.SZ,吉宏股份,20160624,,Y
801730.SI,电力设备,801737.SI,电池,857372.SI,电池化学品,002805.SZ,丰元股份,20220729,,Y
801880.SI,汽车,801093.SI,汽车零部件,850923.SI,底盘与发动机系统,002806.SZ,华锋股份,20230704,,Y
801780.SI,银行,801785.SI,农商行Ⅱ,857851.SI,农商行Ⅲ,002807.SZ,江阴银行,20160804,,Y
801080.SI,电子,801084.SI,光学光电子,850833.SI,光学元件,002808.SZ,ST恒久,20170629,,Y
801030.SI,基础化工,801034.SI,化学制品,850339.SI,其他化学制品,002809.SZ,红墙股份,20160823,,Y
801030.SI,基础化工,801034.SI,化学制品,850339.SI,其他化学制品,002810.SZ,山东赫达,20160823,,Y
801720.SI,建筑装饰,801722.SI,装修装饰Ⅱ,857221.SI,装修装饰Ⅲ,002811.SZ,郑中设计,20160823,,Y
801730.SI,电力设备,801737.SI,电池,857372.SI,电池化学品,002812.SZ,恩捷股份,20210730,,Y
801880.SI,汽车,801093.SI,汽车零部件,850926.SI,汽车电子电气系统,002813.SZ,路畅科技,20161012,,Y
801080.SI,电子,801083.SI,元件,850822.SI,印制电路板,002815.SZ,崇达技术,20161012,,Y
801890.SI,机械设备,801074.SI,专用设备,850727.SI,其他专用设备,002816.SZ,*ST和科,20161017,,Y
801150.SI,医药生物,801151.SI,化学制药,851511.SI,原料药,002817.SZ,黄山胶囊,20220729,,Y
801200.SI,商贸零售,801203.SI,一般零售,852034.SI,商业物业经营,002818.SZ,富森美,20161107,,Y
801890.SI,机械设备,801072.SI,通用设备,850731.SI,仪器仪表,002819.SZ,东方中科,20210730,,Y
801120.SI,食品饮料,801128.SI,休闲食品,851282.SI,烘焙食品,002820.SZ,桂发祥,20210730,,Y
801150.SI,医药生物,801156.SI,医疗服务,851563.SI,医疗研发外包,002821.SZ,凯莱英,20210730,,Y
801720.SI,建筑装饰,801722.SI,装修装饰Ⅱ,857221.SI,装修装饰Ⅲ,002822.SZ,ST中装,20161129,,Y
801730.SI,电力设备,801731.SI,电机Ⅱ,850741.SI,电机Ⅲ,002823.SZ,凯中精密,20161124,,Y
801050.SI,有色金属,801055.SI,工业金属,850551.SI,铝,002824.SZ,和胜股份,20161226,,Y
801030.SI,基础化工,801036.SI,塑料,850351.SI,其他塑料制品,002825.SZ,纳尔股份,20161129,,Y
801150.SI,医药生物,801151.SI,化学制药,851512.SI,化学制剂,002826.SZ,易明医药,20210730,,Y
801030.SI,基础化工,801034.SI,化学制品,850337.SI,民爆制品,002827.SZ,高争民爆,20161201,,Y
801960.SI,石油石化,801962.SI,油服工程,859621.SI,油田服务,002828.SZ,贝肯能源,20161201,,Y
801740.SI,国防军工,801741.SI,航天装备Ⅱ,857411.SI,航天装备Ⅲ,002829.SZ,星网宇达,20161212,,Y
801720.SI,建筑装饰,801722.SI,装修装饰Ⅱ,857221.SI,装修装饰Ⅲ,002830.SZ,名雕股份,20161212,,Y
801140.SI,轻工制造,801141.SI,包装印刷,851425.SI,纸包装,002831.SZ,裕同科技,20161201,,Y
801130.SI,纺织服饰,801132.SI,服装家纺,851329.SI,非运动服装,002832.SZ,比音勒芬,20161212,,Y
801890.SI,机械设备,801074.SI,专用设备,850727.SI,其他专用设备,002833.SZ,弘亚数控,20161212,,Y
801750.SI,计算机,801101.SI,计算机设备,850702.SI,安防设备,002835.SZ,同为股份,20161212,,Y
801140.SI,轻工制造,801141.SI,包装印刷,851425.SI,纸包装,002836.SZ,新宏泽,20161226,,Y
801890.SI,机械设备,801074.SI,专用设备,850727.SI,其他专用设备,002837.SZ,英维克,20161219,,Y
801030.SI,基础化工,801036.SI,塑料,850353.SI,改性塑料,002838.SZ,道恩股份,20161219,,Y
801780.SI,银行,801785.SI,农商行Ⅱ,857851.SI,农商行Ⅲ,002839.SZ,张家港行,20161219,,Y
801120.SI,食品饮料,801124.SI,食品加工,851241.SI,肉制品,002840.SZ,华统股份,20161219,,Y
801080.SI,电子,801085.SI,消费电子,850853.SI,品牌消费电子,002841.SZ,视源股份,20220729,,Y
801050.SI,有色金属,801054.SI,小金属,850542.SI,钨,002842.SZ,翔鹭钨业,20161228,,Y
801890.SI,机械设备,801072.SI,通用设备,850751.SI,金属制品,002843.SZ,泰嘉股份,20210730,,Y
801080.SI,电子,801084.SI,光学光电子,850831.SI,面板,002845.SZ,同兴达,20170116,,Y
801140.SI,轻工制造,801141.SI,包装印刷,851423.SI,金属包装,002846.SZ,英联股份,20170116,,Y
801120.SI,食品饮料,801128.SI,休闲食品,851281.SI,零食,002847.SZ,盐津铺子,20210730,,Y
801110.SI,家用电器,801112.SI,黑色家电,851122.SI,其他黑色家电,002848.SZ,高斯贝尔,20170119,,Y
801890.SI,机械设备,801072.SI,通用设备,850731.SI,仪器仪表,002849.SZ,威星智能,20210730,,Y
801730.SI,电力设备,801737.SI,电池,857371.SI,锂电池,002850.SZ,科达利,20170214,,Y
801730.SI,电力设备,801733.SI,其他电源设备Ⅱ,857336.SI,其他电源设备Ⅲ,002851.SZ,麦格米特,20170224,,Y
801010.SI,农林牧渔,801012.SI,农产品加工,850152.SI,粮油加工,002852.SZ,道道全,20170224,,Y
801140.SI,轻工制造,801142.SI,家居用品,851438.SI,定制家居,002853.SZ,皮阿诺,20170224,,Y
801080.SI,电子,801085.SI,消费电子,850854.SI,消费电子零部件及组装,002855.SZ,捷荣技术,20170301,,Y
801720.SI,建筑装饰,801722.SI,装修装饰Ⅱ,857221.SI,装修装饰Ⅲ,002856.SZ,美芝股份,20170301,,Y
801730.SI,电力设备,801738.SI,电网设备,857323.SI,电工仪器仪表,002857.SZ,三晖电气,20210730,,Y
801210.SI,社会服务,801216.SI,体育Ⅱ,852161.SI,体育Ⅲ,002858.SZ,力盛体育,20170320,,Y
801080.SI,电子,801082.SI,其他电子Ⅱ,850841.SI,其他电子Ⅲ,002859.SZ,洁美科技,20180713,,Y
801110.SI,家用电器,801116.SI,家电零部件Ⅱ,851161.SI,家电零部件Ⅲ,002860.SZ,星帅尔,20170330,,Y
801080.SI,电子,801085.SI,消费电子,850854.SI,消费电子零部件及组装,002861.SZ,瀛通通讯,20170330,,Y
801140.SI,轻工制造,801145.SI,文娱用品,851452.SI,娱乐用品,002862.SZ,实丰文化,20170330,,Y
801880.SI,汽车,801093.SI,汽车零部件,850924.SI,轮胎轮毂,002863.SZ,今飞凯达,20170330,,Y
801150.SI,医药生物,801155.SI,中药Ⅱ,851521.SI,中药Ⅲ,002864.SZ,盘龙药业,20171108,,Y
801730.SI,电力设备,801735.SI,光伏设备,857352.SI,光伏电池组件,002865.SZ,钧达股份,20220729,,Y
801080.SI,电子,801085.SI,消费电子,850854.SI,消费电子零部件及组装,002866.SZ,传艺科技,20210730,,Y
801130.SI,纺织服饰,801133.SI,饰品,851331.SI,钟表珠宝,002867.SZ,周大生,20170419,,Y
801010.SI,农林牧渔,801018.SI,动物保健Ⅱ,850181.SI,动物保健Ⅲ,002868.SZ,绿康生化,20170419,,Y
801080.SI,电子,801082.SI,其他电子Ⅱ,850841.SI,其他电子Ⅲ,002869.SZ,金溢科技,20170504,,Y
801880.SI,汽车,801093.SI,汽车零部件,850926.SI,汽车电子电气系统,002870.SZ,香山股份,20220729,,Y
801890.SI,机械设备,801072.SI,通用设备,850751.SI,金属制品,002871.SZ,伟隆股份,20170504,,Y
801150.SI,医药生物,801151.SI,化学制药,851512.SI,化学制剂,002872.SZ,ST天圣,20220729,,Y
801150.SI,医药生物,801155.SI,中药Ⅱ,851521.SI,中药Ⅲ,002873.SZ,新天药业,20170511,,Y
801130.SI,纺织服饰,801132.SI,服装家纺,851329.SI,非运动服装,002875.SZ,安奈儿,20170511,,Y
801080.SI,电子,801084.SI,光学光电子,850831.SI,面板,002876.SZ,三利谱,20170522,,Y
801890.SI,机械设备,801072.SI,通用设备,850751.SI,金属制品,002877.SZ,智能自控,20170522,,Y
801760.SI,传媒,801765.SI,广告营销,857651.SI,营销代理,002878.SZ,元隆雅图,20220729,,Y
801730.SI,电力设备,801738.SI,电网设备,857344.SI,线缆部件及其他,002879.SZ,长缆科技,20170605,,Y
801150.SI,医药生物,801152.SI,生物制品,851522.SI,血液制品,002880.SZ,卫光生物,20170605,,Y
801080.SI,电子,801085.SI,消费电子,850854.SI,消费电子零部件及组装,002881.SZ,美格智能,20170605,,Y
801730.SI,电力设备,801738.SI,电网设备,857344.SI,线缆部件及其他,002882.SZ,金龙羽,20170605,,Y
801720.SI,建筑装饰,801726.SI,工程咨询服务Ⅱ,857261.SI,工程咨询服务Ⅲ,002883.SZ,中设股份,20170619,,Y
801890.SI,机械设备,801072.SI,通用设备,850716.SI,其他通用设备,002884.SZ,凌霄泵业,20170711,,Y
801080.SI,电子,801082.SI,其他电子Ⅱ,850841.SI,其他电子Ⅲ,002885.SZ,京泉华,20220729,,Y
801030.SI,基础化工,801036.SI,塑料,850353.SI,改性塑料,002886.SZ,沃特股份,20170620,,Y
801970.SI,环保,801971.SI,环境治理,859714.SI,综合环境治理,002887.SZ,绿茵生态,20190724,,Y
801080.SI,电子,801085.SI,消费电子,850853.SI,品牌消费电子,002888.SZ,惠威科技,20170712,,Y
801170.SI,交通运输,801178.SI,物流,851783.SI,中间产品及消费品供应链服务,002889.SZ,东方嘉盛,20170712,,Y
801890.SI,机械设备,801074.SI,专用设备,850723.SI,农用机械,002890.SZ,弘宇股份,20170726,,Y
801010.SI,农林牧渔,801014.SI,饲料,850144.SI,宠物食品,002891.SZ,中宠股份,20170825,,Y
801730.SI,电力设备,801731.SI,电机Ⅱ,850741.SI,电机Ⅲ,002892.SZ,科力尔,20170807,,Y
801160.SI,公用事业,801161.SI,电力,851614.SI,热力服务,002893.SZ,京能热力,20170815,,Y
801030.SI,基础化工,801038.SI,农化制品,850332.SI,磷肥及磷化工,002895.SZ,川恒股份,20170815,,Y
801890.SI,机械设备,801072.SI,通用设备,850751.SI,金属制品,002896.SZ,中大力德,20170828,,Y
801770.SI,通信,801102.SI,通信设备,851024.SI,通信网络设备及器件,002897.SZ,意华股份,20170828,,Y
801150.SI,医药生物,801151.SI,化学制药,851512.SI,化学制剂,002898.SZ,赛隆药业,20170828,,Y
801140.SI,轻工制造,801145.SI,文娱用品,851452.SI,娱乐用品,002899.SZ,英派斯,20170907,,Y
801150.SI,医药生物,801151.SI,化学制药,851512.SI,化学制剂,002900.SZ,哈三联,20170907,,Y
801150.SI,医药生物,801153.SI,医疗器械,851533.SI,医疗耗材,002901.SZ,大博医疗,20170907,,Y
801770.SI,通信,801102.SI,通信设备,851024.SI,通信网络设备及器件,002902.SZ,铭普光磁,20170921,,Y
801890.SI,机械设备,801072.SI,通用设备,850711.SI,机床工具,002903.SZ,宇环数控,20170925,,Y
801760.SI,传媒,801766.SI,影视院线,857662.SI,院线,002905.SZ,金逸影视,20170921,,Y
801880.SI,汽车,801093.SI,汽车零部件,850926.SI,汽车电子电气系统,002906.SZ,华阳集团,20170925,,Y
801150.SI,医药生物,801155.SI,中药Ⅱ,851521.SI,中药Ⅲ,002907.SZ,华森制药,20171010,,Y
801750.SI,计算机,801103.SI,IT服务Ⅱ,852226.SI,IT服务Ⅲ,002908.SZ,德生科技,20230522,,Y
801030.SI,基础化工,801034.SI,化学制品,850136.SI,有机硅,002909.SZ,集泰股份,20210730,,Y
801120.SI,食品饮料,801127.SI,饮料乳品,851243.SI,乳品,002910.SZ,庄园牧场,20210730,,Y
801160.SI,公用事业,801163.SI,燃气Ⅱ,851631.SI,燃气Ⅲ,002911.SZ,佛燃能源,20171108,,Y
801750.SI,计算机,801101.SI,计算机设备,850703.SI,其他计算机设备,002912.SZ,中新赛克,20171121,,Y
801080.SI,电子,801083.SI,元件,850822.SI,印制电路板,002913.SZ,奥士康,20171121,,Y
801030.SI,基础化工,801034.SI,化学制品,850382.SI,氟化工,002915.SZ,中欣氟材,20171121,,Y
801080.SI,电子,801083.SI,元件,850822.SI,印制电路板,002916.SZ,深南电路,20171208,,Y
801030.SI,基础化工,801034.SI,化学制品,850337.SI,民爆制品,002917.SZ,金奥博,20171208,,Y
801140.SI,轻工制造,801142.SI,家居用品,851436.SI,瓷砖地板,002918.SZ,蒙娜丽莎,20210730,,Y
801760.SI,传媒,801764.SI,游戏Ⅱ,857641.SI,游戏Ⅲ,002919.SZ,名臣健康,20230915,,Y
801750.SI,计算机,801104.SI,软件开发,851041.SI,垂直应用软件,002920.SZ,德赛西威,20171208,,Y
801880.SI,汽车,801093.SI,汽车零部件,850925.SI,其他汽车零部件,002921.SZ,联诚精密,20171220,,Y
801080.SI,电子,801082.SI,其他电子Ⅱ,850841.SI,其他电子Ⅲ,002922.SZ,伊戈尔,20171220,,Y
801150.SI,医药生物,801151.SI,化学制药,851512.SI,化学制剂,002923.SZ,润都股份,20171220,,Y
801080.SI,电子,801085.SI,消费电子,850854.SI,消费电子零部件及组装,002925.SZ,盈趣科技,20180108,,Y
801790.SI,非银金融,801193.SI,证券Ⅱ,851931.SI,证券Ⅲ,002926.SZ,华西证券,20180129,,Y
801730.SI,电力设备,801738.SI,电网设备,857382.SI,配电设备,002927.SZ,泰永长征,20180212,,Y
801170.SI,交通运输,801991.SI,航空机场,851741.SI,航空运输,002928.SZ,华夏航空,20210730,,Y
801770.SI,通信,801223.SI,通信服务,852213.SI,通信工程及服务,002929.SZ,润建股份,20180212,,Y
801170.SI,交通运输,801178.SI,物流,851786.SI,仓储物流,002930.SZ,宏川智慧,20180328,,Y
801890.SI,机械设备,801072.SI,通用设备,850751.SI,金属制品,002931.SZ,锋龙股份,20180403,,Y
801150.SI,医药生物,801153.SI,医疗器械,851534.SI,体外诊断,002932.SZ,明德生物,20180706,,Y
801740.SI,国防军工,801742.SI,航空装备Ⅱ,857421.SI,航空装备Ⅲ,002933.SZ,新兴装备,20180809,,Y
801740.SI,国防军工,801745.SI,军工电子Ⅱ,857451.SI,军工电子Ⅲ,002935.SZ,天奥电子,20210730,,Y
801780.SI,银行,801784.SI,城商行Ⅱ,857841.SI,城商行Ⅲ,002936.SZ,郑州银行,20180831,,Y
801080.SI,电子,801085.SI,消费电子,850854.SI,消费电子零部件及组装,002937.SZ,兴瑞科技,20180918,,Y
801080.SI,电子,801083.SI,元件,850822.SI,印制电路板,002938.SZ,鹏鼎控股,20180918,,Y
801790.SI,非银金融,801193.SI,证券Ⅱ,851931.SI,证券Ⅲ,002939.SZ,长城证券,20180918,,Y
801150.SI,医药生物,801151.SI,化学制药,851512.SI,化学制剂,002940.SZ,昂利康,20181012,,Y
801720.SI,建筑装饰,801723.SI,基础建设,857236.SI,基建市政工程,002941.SZ,新疆交建,20181030,,Y
801030.SI,基础化工,801038.SI,农化制品,850333.SI,农药,002942.SZ,新农股份,20210730,,Y
801890.SI,机械设备,801072.SI,通用设备,850711.SI,机床工具,002943.SZ,宇晶股份,20181128,,Y
801790.SI,非银金融,801193.SI,证券Ⅱ,851931.SI,证券Ⅲ,002945.SZ,华林证券,20181211,,Y
801120.SI,食品饮料,801127.SI,饮料乳品,851243.SI,乳品,002946.SZ,新乳业,20210730,,Y
801080.SI,电子,801085.SI,消费电子,850854.SI,消费电子零部件及组装,002947.SZ,恒铭达,20190124,,Y
801780.SI,银行,801784.SI,城商行Ⅱ,857841.SI,城商行Ⅲ,002948.SZ,青岛银行,20181211,,Y
801720.SI,建筑装饰,801726.SI,工程咨询服务Ⅱ,857261.SI,工程咨询服务Ⅲ,002949.SZ,华阳国际,20210730,,Y
801150.SI,医药生物,801153.SI,医疗器械,851533.SI,医疗耗材,002950.SZ,奥美医疗,20190306,,Y
801140.SI,轻工制造,801141.SI,包装印刷,851425.SI,纸包装,002951.SZ,*ST金时,20190306,,Y
801080.SI,电子,801084.SI,光学光电子,850831.SI,面板,002952.SZ,亚世光电,20190318,,Y
801730.SI,电力设备,801738.SI,电网设备,857344.SI,线缆部件及其他,002953.SZ,日丰股份,20190506,,Y
801080.SI,电子,801084.SI,光学光电子,850831.SI,面板,002955.SZ,鸿合科技,20190506,,Y
801120.SI,食品饮料,801128.SI,休闲食品,851282.SI,烘焙食品,002956.SZ,西麦食品,20210730,,Y
801890.SI,机械设备,801078.SI,自动化设备,850782.SI,工控设备,002957.SZ,科瑞技术,20210730,,Y
801780.SI,银行,801785.SI,农商行Ⅱ,857851.SI,农商行Ⅲ,002958.SZ,青农商行,20190218,,Y
801110.SI,家用电器,801113.SI,小家电,851131.SI,厨房小家电,002959.SZ,小熊电器,20190718,,Y
801890.SI,机械设备,801074.SI,专用设备,850728.SI,楼宇设备,002960.SZ,青鸟消防,20190724,,Y
801790.SI,非银金融,801191.SI,多元金融,851923.SI,期货,002961.SZ,瑞达期货,20190822,,Y
801080.SI,电子,801084.SI,光学光电子,850833.SI,光学元件,002962.SZ,五方光电,20190902,,Y
801720.SI,建筑装饰,801722.SI,装修装饰Ⅱ,857221.SI,装修装饰Ⅲ,002963.SZ,豪尔赛,20190919,,Y
801880.SI,汽车,801093.SI,汽车零部件,850925.SI,其他汽车零部件,002965.SZ,祥鑫科技,20220729,,Y
801780.SI,银行,801784.SI,城商行Ⅱ,857841.SI,城商行Ⅲ,002966.SZ,苏州银行,20190618,,Y
801210.SI,社会服务,801218.SI,专业服务,852182.SI,检测服务,002967.SZ,广电计量,20210730,,Y
801180.SI,房地产,801183.SI,房地产服务,851831.SI,物业管理,002968.SZ,新大正,20210730,,Y
801140.SI,轻工制造,801141.SI,包装印刷,851423.SI,金属包装,002969.SZ,嘉美包装,20191114,,Y
801750.SI,计算机,801101.SI,计算机设备,850703.SI,其他计算机设备,002970.SZ,锐明技术,20191129,,Y
801030.SI,基础化工,801034.SI,化学制品,850339.SI,其他化学制品,002971.SZ,和远气体,20191205,,Y
801890.SI,机械设备,801076.SI,轨交设备Ⅱ,850936.SI,轨交设备Ⅲ,002972.SZ,科安达,20191212,,Y
801970.SI,环保,801971.SI,环境治理,859713.SI,固废治理,002973.SZ,侨银股份,20191223,,Y
801890.SI,机械设备,801078.SI,自动化设备,850782.SI,工控设备,002975.SZ,博杰股份,20210730,,Y
801880.SI,汽车,801093.SI,汽车零部件,850925.SI,其他汽车零部件,002976.SZ,瑞玛精密,20220701,,Y
801740.SI,国防军工,801745.SI,军工电子Ⅱ,857451.SI,军工电子Ⅲ,002977.SZ,天箭科技,20210730,,Y
801050.SI,有色金属,801054.SI,小金属,850544.SI,其他小金属,002978.SZ,安宁股份,20200316,,Y
801890.SI,机械设备,801078.SI,自动化设备,850781.SI,机器人,002979.SZ,雷赛智能,20200325,,Y
801730.SI,电力设备,801738.SI,电网设备,857323.SI,电工仪器仪表,002980.SZ,华盛昌,20210730,,Y
801080.SI,电子,801085.SI,消费电子,850854.SI,消费电子零部件及组装,002981.SZ,朝阳科技,20200402,,Y
801010.SI,农林牧渔,801017.SI,养殖业,850173.SI,肉鸡养殖,002982.SZ,湘佳股份,20200408,,Y
801080.SI,电子,801084.SI,光学光电子,850832.SI,LED,002983.SZ,芯瑞达,20200413,,Y
801880.SI,汽车,801093.SI,汽车零部件,850924.SI,轮胎轮毂,002984.SZ,森麒麟,20200831,,Y
801740.SI,国防军工,801742.SI,航空装备Ⅱ,857421.SI,航空装备Ⅲ,002985.SZ,北摩高科,20200413,,Y
801960.SI,石油石化,801963.SI,炼化及贸易,859633.SI,其他石化,002986.SZ,宇新股份,20200427,,Y
801750.SI,计算机,801104.SI,软件开发,851041.SI,垂直应用软件,002987.SZ,京北方,20200416,,Y
801050.SI,有色金属,801055.SI,工业金属,850551.SI,铝,002988.SZ,豪美新材,20200506,,Y
801720.SI,建筑装饰,801722.SI,装修装饰Ⅱ,857221.SI,装修装饰Ⅲ,002989.SZ,中天精装,20200506,,Y
801750.SI,计算机,801101.SI,计算机设备,850703.SI,其他计算机设备,002990.SZ,盛视科技,20200513,,Y
801120.SI,食品饮料,801128.SI,休闲食品,851281.SI,零食,002991.SZ,甘源食品,20210730,,Y
801080.SI,电子,801084.SI,光学光电子,850832.SI,LED,002992.SZ,宝明科技,20220729,,Y
801080.SI,电子,801085.SI,消费电子,850854.SI,消费电子零部件及组装,002993.SZ,奥海科技,20200727,,Y
801760.SI,传媒,801765.SI,广告营销,857651.SI,营销代理,002995.SZ,天地在线,20200722,,Y
801050.SI,有色金属,801055.SI,工业金属,850551.SI,铝,002996.SZ,顺博合金,20200814,,Y
801880.SI,汽车,801093.SI,汽车零部件,850925.SI,其他汽车零部件,002997.SZ,瑞鹄模具,20200821,,Y
801030.SI,基础化工,801032.SI,化学纤维,850341.SI,涤纶,002998.SZ,优彩资源,20200821,,Y
801030.SI,基础化工,801038.SI,农化制品,850381.SI,复合肥,002999.SZ,天禾股份,20210730,,Y
801120.SI,食品饮料,801128.SI,休闲食品,851281.SI,零食,003000.SZ,劲仔食品,20210730,,Y
801720.SI,建筑装饰,801724.SI,专业工程,857244.SI,其他专业工程,003001.SZ,中岩大地,20200831,,Y
801030.SI,基础化工,801034.SI,化学制品,850337.SI,民爆制品,003002.SZ,壶化股份,20200904,,Y
801140.SI,轻工制造,801141.SI,包装印刷,851426.SI,综合包装,003003.SZ,天元股份,20200904,,Y
801750.SI,计算机,801101.SI,计算机设备,850702.SI,安防设备,003004.SZ,声迅股份,20201123,,Y
801750.SI,计算机,801103.SI,IT服务Ⅱ,852226.SI,IT服务Ⅲ,003005.SZ,竞业达,20210730,,Y
801980.SI,美容护理,801981.SI,个护用品,859811.SI,生活用纸,003006.SZ,百亚股份,20200904,,Y
801750.SI,计算机,801104.SI,软件开发,851041.SI,垂直应用软件,003007.SZ,直真科技,20200914,,Y
801210.SI,社会服务,801218.SI,专业服务,852182.SI,检测服务,003008.SZ,开普检测,20210730,,Y
801740.SI,国防军工,801741.SI,航天装备Ⅱ,857411.SI,航天装备Ⅲ,003009.SZ,中天火箭,20200909,,Y
801200.SI,商贸零售,801206.SI,互联网电商,852063.SI,电商服务,003010.SZ,若羽臣,20200914,,Y
801140.SI,轻工制造,801142.SI,家居用品,851436.SI,瓷砖地板,003011.SZ,海象新材,20200921,,Y
801140.SI,轻工制造,801142.SI,家居用品,851436.SI,瓷砖地板,003012.SZ,东鹏控股,20210730,,Y
801720.SI,建筑装饰,801726.SI,工程咨询服务Ⅱ,857261.SI,工程咨询服务Ⅲ,003013.SZ,地铁设计,20200930,,Y
801080.SI,电子,801084.SI,光学光电子,850833.SI,光学元件,003015.SZ,日久光电,20200930,,Y
801130.SI,纺织服饰,801132.SI,服装家纺,851329.SI,非运动服装,003016.SZ,欣贺股份,20201016,,Y
801030.SI,基础化工,801033.SI,化学原料,850323.SI,无机盐,003017.SZ,大洋生物,20201016,,Y
801140.SI,轻工制造,801141.SI,包装印刷,851424.SI,塑料包装,003018.SZ,金富科技,20201026,,Y
801080.SI,电子,801084.SI,光学光电子,850831.SI,面板,003019.SZ,宸展光电,20201029,,Y
801150.SI,医药生物,801151.SI,化学制药,851512.SI,化学制剂,003020.SZ,立方制药,20201110,,Y
801730.SI,电力设备,801731.SI,电机Ⅱ,850741.SI,电机Ⅲ,003021.SZ,兆威机电,20201125,,Y
801730.SI,电力设备,801735.SI,光伏设备,857354.SI,光伏辅材,003022.SZ,联泓新科,20210730,,Y
801110.SI,家用电器,801113.SI,小家电,851131.SI,厨房小家电,003023.SZ,彩虹集团,20201201,,Y
801890.SI,机械设备,801072.SI,通用设备,850711.SI,机床工具,003025.SZ,思进智能,20201201,,Y
801080.SI,电子,801081.SI,半导体,850813.SI,半导体材料,003026.SZ,中晶科技,20201207,,Y
801970.SI,环保,801971.SI,环境治理,859711.SI,大气治理,003027.SZ,同兴环保,20201207,,Y
801080.SI,电子,801085.SI,消费电子,850854.SI,消费电子零部件及组装,003028.SZ,振邦智能,20201214,,Y
801750.SI,计算机,801104.SI,软件开发,851041.SI,垂直应用软件,003029.SZ,吉大正元,20201214,,Y
801010.SI,农林牧渔,801012.SI,农产品加工,850154.SI,其他农产品加工,003030.SZ,祖名股份,20210730,,Y
801770.SI,通信,801102.SI,通信设备,851026.SI,通信终端及配件,003031.SZ,中瓷电子,20201223,,Y
801210.SI,社会服务,801994.SI,教育,859852.SI,培训教育,003032.SZ,传智教育,20210104,,Y
801880.SI,汽车,801881.SI,摩托车及其他,858812.SI,摩托车,003033.SZ,征和工业,20210104,,Y
801160.SI,公用事业,801161.SI,电力,851610.SI,电能综合服务,003035.SZ,南网能源,20210108,,Y
801890.SI,机械设备,801074.SI,专用设备,850721.SI,纺织服装设备,003036.SZ,泰坦股份,20210128,,Y
801710.SI,建筑材料,801711.SI,水泥,857112.SI,水泥制品,003037.SZ,三和管桩,20220729,,Y
801050.SI,有色金属,801055.SI,工业金属,850551.SI,铝,003038.SZ,鑫铂股份,20210129,,Y
801970.SI,环保,801971.SI,环境治理,859712.SI,水务及水治理,003039.SZ,顺控发展,20210219,,Y
801770.SI,通信,801102.SI,通信设备,851026.SI,通信终端及配件,003040.SZ,楚天龙,20210305,,Y
801130.SI,纺织服饰,801132.SI,服装家纺,851326.SI,家纺,003041.SZ,真爱美家,20210322,,Y
801030.SI,基础化工,801038.SI,农化制品,850333.SI,农药,003042.SZ,中农联合,20210730,,Y
801080.SI,电子,801081.SI,半导体,850818.SI,半导体设备,003043.SZ,华亚智能,20210730,,Y
801160.SI,公用事业,801161.SI,电力,851618.SI,核力发电,003816.SZ,中国广核,20190808,,Y
801730.SI,电力设备,801738.SI,电网设备,857381.SI,输变电设备,300001.SZ,特锐德,20091022,,Y
801760.SI,传媒,801764.SI,游戏Ⅱ,857641.SI,游戏Ⅲ,300002.SZ,神州泰岳,20210730,,Y
801150.SI,医药生物,801153.SI,医疗器械,851533.SI,医疗耗材,300003.SZ,乐普医疗,20090122,,Y
801890.SI,机械设备,801074.SI,专用设备,850727.SI,其他专用设备,300004.SZ,南风股份,20091022,,Y
801130.SI,纺织服饰,801132.SI,服装家纺,851328.SI,运动服装,300005.SZ,探路者,20091022,,Y
801150.SI,医药生物,801151.SI,化学制药,851512.SI,化学制剂,300006.SZ,莱美药业,20090122,,Y
801890.SI,机械设备,801072.SI,通用设备,850731.SI,仪器仪表,300007.SZ,汉威科技,20210730,,Y
801740.SI,国防军工,801744.SI,航海装备Ⅱ,850935.SI,航海装备Ⅲ,300008.SZ,天海防务,20091022,,Y
801150.SI,医药生物,801152.SI,生物制品,851524.SI,其他生物制品,300009.SZ,安科生物,20090122,,Y
801210.SI,社会服务,801994.SI,教育,859853.SI,教育运营及其他,300010.SZ,豆神教育,20220729,,Y
801890.SI,机械设备,801076.SI,轨交设备Ⅱ,850936.SI,轨交设备Ⅲ,300011.SZ,鼎汉技术,20091012,,Y
801210.SI,社会服务,801218.SI,专业服务,852182.SI,检测服务,300012.SZ,华测检测,20210730,,Y
801170.SI,交通运输,801178.SI,物流,851783.SI,中间产品及消费品供应链服务,300013.SZ,*ST新宁,20090112,,Y
801730.SI,电力设备,801737.SI,电池,857371.SI,锂电池,300014.SZ,亿纬锂能,20200724,,Y
801150.SI,医药生物,801156.SI,医疗服务,851564.SI,医院,300015.SZ,爱尔眼科,20090112,,Y
801150.SI,医药生物,801151.SI,化学制药,851512.SI,化学制剂,300016.SZ,北陆药业,20090112,,Y
801750.SI,计算机,801103.SI,IT服务Ⅱ,852226.SI,IT服务Ⅲ,300017.SZ,网宿科技,20091012,,Y
801730.SI,电力设备,801738.SI,电网设备,857321.SI,电网自动化设备,300018.SZ,中元股份,20210730,,Y
801030.SI,基础化工,801034.SI,化学制品,850136.SI,有机硅,300019.SZ,硅宝科技,20210730,,Y
801750.SI,计算机,801103.SI,IT服务Ⅱ,852226.SI,IT服务Ⅲ,300020.SZ,*ST银江,20210730,,Y
801010.SI,农林牧渔,801019.SI,农业综合Ⅱ,850191.SI,农业综合Ⅲ,300021.SZ,大禹节水,20090112,,Y
801200.SI,商贸零售,801204.SI,专业连锁Ⅱ,852041.SI,专业连锁Ⅲ,300022.SZ,吉峰科技,20091016,,Y
801790.SI,非银金融,801191.SI,多元金融,851922.SI,金融控股,300023.SZ,宝德退(退市),20170707,,Y
801890.SI,机械设备,801078.SI,自动化设备,850781.SI,机器人,300024.SZ,机器人,20210730,,Y
801770.SI,通信,801223.SI,通信服务,852213.SI,通信工程及服务,300025.SZ,华星创业,20091014,,Y
801150.SI,医药生物,801155.SI,中药Ⅱ,851521.SI,中药Ⅲ,300026.SZ,红日药业,20170629,,Y
801760.SI,传媒,801766.SI,影视院线,857661.SI,影视动漫制作,300027.SZ,华谊兄弟,20091016,,Y
801770.SI,通信,801102.SI,通信设备,851026.SI,通信终端及配件,300028.SZ,金亚退(退市),20111010,,Y
801720.SI,建筑装饰,801724.SI,专业工程,857244.SI,其他专业工程,300029.SZ,ST天龙,20220729,,Y
801150.SI,医药生物,801153.SI,医疗器械,851532.SI,医疗设备,300030.SZ,阳普医疗,20090112,,Y
801760.SI,传媒,801764.SI,游戏Ⅱ,857641.SI,游戏Ⅲ,300031.SZ,宝通科技,20170629,,Y
801080.SI,电子,801085.SI,消费电子,850854.SI,消费电子零部件及组装,300032.SZ,金龙机电,20210730,,Y
801750.SI,计算机,801104.SI,软件开发,851041.SI,垂直应用软件,300033.SZ,同花顺,20091210,,Y
801740.SI,国防军工,801742.SI,航空装备Ⅱ,857421.SI,航空装备Ⅲ,300034.SZ,钢研高纳,20210730,,Y
801730.SI,电力设备,801737.SI,电池,857372.SI,电池化学品,300035.SZ,中科电气,20210730,,Y
801750.SI,计算机,801104.SI,软件开发,851042.SI,横向通用软件,300036.SZ,超图软件,20091210,,Y
801730.SI,电力设备,801737.SI,电池,857372.SI,电池化学品,300037.SZ,新宙邦,20210730,,Y
801760.SI,传媒,801765.SI,广告营销,857651.SI,营销代理,300038.SZ,数知退(退市),20091228,,Y
801150.SI,医药生物,801155.SI,中药Ⅱ,851521.SI,中药Ⅲ,300039.SZ,上海凯宝,20090202,,Y
801730.SI,电力设备,801738.SI,电网设备,857321.SI,电网自动化设备,300040.SZ,九洲集团,20091225,,Y
801030.SI,基础化工,801034.SI,化学制品,850136.SI,有机硅,300041.SZ,回天新材,20210730,,Y
801750.SI,计算机,801101.SI,计算机设备,850703.SI,其他计算机设备,300042.SZ,朗科科技,20091221,,Y
801760.SI,传媒,801764.SI,游戏Ⅱ,857641.SI,游戏Ⅲ,300043.SZ,星辉娱乐,20100105,,Y
801750.SI,计算机,801103.SI,IT服务Ⅱ,852226.SI,IT服务Ⅲ,300044.SZ,赛为智能,20210730,,Y
801740.SI,国防军工,801745.SI,军工电子Ⅱ,857451.SI,军工电子Ⅲ,300045.SZ,华力创通,20091229,,Y
801080.SI,电子,801081.SI,半导体,850812.SI,分立器件,300046.SZ,台基股份,20110110,,Y
801750.SI,计算机,801104.SI,软件开发,851041.SI,垂直应用软件,300047.SZ,天源迪科,20091229,,Y
801890.SI,机械设备,801078.SI,自动化设备,850782.SI,工控设备,300048.SZ,合康新能,20100105,,Y
801150.SI,医药生物,801153.SI,医疗器械,851532.SI,医疗设备,300049.SZ,福瑞股份,20180713,,Y
801770.SI,通信,801223.SI,通信服务,852213.SI,通信工程及服务,300050.SZ,世纪鼎利,20100105,,Y
801730.SI,电力设备,801735.SI,光伏设备,857352.SI,光伏电池组件,300051.SZ,琏升科技,20240408,,Y
801760.SI,传媒,801764.SI,游戏Ⅱ,857641.SI,游戏Ⅲ,300052.SZ,中青宝,20100203,,Y
801770.SI,通信,801223.SI,通信服务,852213.SI,通信工程及服务,300053.SZ,航宇微,20220729,,Y
801080.SI,电子,801086.SI,电子化学品Ⅱ,850861.SI,电子化学品Ⅲ,300054.SZ,鼎龙股份,20210730,,Y
801970.SI,环保,801971.SI,环境治理,859712.SI,水务及水治理,300055.SZ,万邦达,20100209,,Y
801970.SI,环保,801971.SI,环境治理,859711.SI,大气治理,300056.SZ,中创环保,20100108,,Y
801050.SI,有色金属,801055.SI,工业金属,850551.SI,铝,300057.SZ,万顺新材,20100108,,Y
801760.SI,传媒,801765.SI,广告营销,857651.SI,营销代理,300058.SZ,蓝色光标,20100203,,Y
801790.SI,非银金融,801193.SI,证券Ⅱ,851931.SI,证券Ⅲ,300059.SZ,东方财富,20100310,,Y
801080.SI,电子,801084.SI,光学光电子,850833.SI,光学元件,300060.SZ,苏州恒久(IPO终止),20100310,,Y
801760.SI,传媒,801765.SI,广告营销,857651.SI,营销代理,300061.SZ,旗天科技,20100310,,Y
801730.SI,电力设备,801738.SI,电网设备,857381.SI,输变电设备,300062.SZ,中能电气,20100310,,Y
801760.SI,传媒,801765.SI,广告营销,857651.SI,营销代理,300063.SZ,天龙集团,20180619,,Y
801890.SI,机械设备,801072.SI,通用设备,850713.SI,磨具磨料,300064.SZ,金刚退(退市),20100318,,Y
801740.SI,国防军工,801744.SI,航海装备Ⅱ,850935.SI,航海装备Ⅲ,300065.SZ,海兰信,20100319,,Y
801890.SI,机械设备,801072.SI,通用设备,850731.SI,仪器仪表,300066.SZ,三川智慧,20210730,,Y
801030.SI,基础化工,801034.SI,化学制品,850338.SI,纺织化学制品,300067.SZ,安诺其,20100111,,Y
801730.SI,电力设备,801737.SI,电池,857375.SI,蓄电池及其他电池,300068.SZ,南都电源,20100409,,Y
801730.SI,电力设备,801738.SI,电网设备,857344.SI,线缆部件及其他,300069.SZ,金利华电,20100409,,Y
801970.SI,环保,801971.SI,环境治理,859712.SI,水务及水治理,300070.SZ,碧水源,20100412,,Y
801760.SI,传媒,801765.SI,广告营销,857651.SI,营销代理,300071.SZ,福石控股,20100412,,Y
801030.SI,基础化工,801034.SI,化学制品,850339.SI,其他化学制品,300072.SZ,海新能科,20230821,,Y
801730.SI,电力设备,801737.SI,电池,857372.SI,电池化学品,300073.SZ,当升科技,20210730,,Y
801750.SI,计算机,801104.SI,软件开发,851041.SI,垂直应用软件,300074.SZ,华平股份,20100416,,Y
801750.SI,计算机,801104.SI,软件开发,851041.SI,垂直应用软件,300075.SZ,数字政通,20100419,,Y
801080.SI,电子,801084.SI,光学光电子,850831.SI,面板,300076.SZ,GQY视讯,20100122,,Y
801080.SI,电子,801081.SI,半导体,850814.SI,数字芯片设计,300077.SZ,国民技术,20100122,,Y
801750.SI,计算机,801103.SI,IT服务Ⅱ,852226.SI,IT服务Ⅲ,300078.SZ,思创医惠,20210730,,Y
801750.SI,计算机,801103.SI,IT服务Ⅱ,852226.SI,IT服务Ⅲ,300079.SZ,数码视讯,20210730,,Y
801730.SI,电力设备,801735.SI,光伏设备,857352.SI,光伏电池组件,300080.SZ,易成新能,20230704,,Y
801770.SI,通信,801223.SI,通信服务,852214.SI,通信应用增值服务,300081.SZ,恒信东方,20100507,,Y
801030.SI,基础化工,801033.SI,化学原料,850324.SI,其他化学原料,300082.SZ,奥克股份,20210730,,Y
801890.SI,机械设备,801078.SI,自动化设备,850782.SI,工控设备,300083.SZ,创世纪,20110110,,Y
801890.SI,机械设备,801074.SI,专用设备,850725.SI,能源及重型设备,300084.SZ,海默科技,20100506,,Y
801750.SI,计算机,801104.SI,软件开发,851041.SI,垂直应用软件,300085.SZ,银之杰,20100512,,Y
801150.SI,医药生物,801151.SI,化学制药,851512.SI,化学制剂,300086.SZ,康芝药业,20100112,,Y
801010.SI,农林牧渔,801016.SI,种植业,850111.SI,种子,300087.SZ,荃银高科,20100112,,Y
801080.SI,电子,801084.SI,光学光电子,850831.SI,面板,300088.SZ,长信科技,20100125,,Y
801890.SI,机械设备,801072.SI,通用设备,850716.SI,其他通用设备,300090.SZ,盛运退(退市),20100625,,Y
801890.SI,机械设备,801072.SI,通用设备,850716.SI,其他通用设备,300091.SZ,金通灵,20100609,,Y
801890.SI,机械设备,801072.SI,通用设备,850751.SI,金属制品,300092.SZ,科新机电,20100629,,Y
801710.SI,建筑材料,801712.SI,玻璃玻纤,857121.SI,玻璃制造,300093.SZ,金刚光伏,20100707,,Y
801010.SI,农林牧渔,801015.SI,渔业,850122.SI,水产养殖,300094.SZ,国联水产,20100129,,Y
801890.SI,机械设备,801074.SI,专用设备,850725.SI,能源及重型设备,300095.SZ,华伍股份,20220729,,Y
801750.SI,计算机,801103.SI,IT服务Ⅱ,852226.SI,IT服务Ⅲ,300096.SZ,ST易联众,20210730,,Y
801890.SI,机械设备,801078.SI,自动化设备,850784.SI,其他自动化设备,300097.SZ,智云股份,20210730,,Y
801750.SI,计算机,801104.SI,软件开发,851041.SI,垂直应用软件,300098.SZ,高新兴,20100722,,Y
801890.SI,机械设备,801074.SI,专用设备,850725.SI,能源及重型设备,300099.SZ,尤洛卡,20100805,,Y
801880.SI,汽车,801093.SI,汽车零部件,850922.SI,车身附件及饰件,300100.SZ,双林股份,20100727,,Y
801740.SI,国防军工,801745.SI,军工电子Ⅱ,857451.SI,军工电子Ⅲ,300101.SZ,振芯科技,20210730,,Y
801080.SI,电子,801084.SI,光学光电子,850832.SI,LED,300102.SZ,乾照光电,20110110,,Y
801890.SI,机械设备,801074.SI,专用设备,850727.SI,其他专用设备,300103.SZ,达刚控股,20100812,,Y
801760.SI,传媒,801767.SI,数字媒体,857671.SI,视频媒体,300104.SZ,乐视退(退市),20111010,,Y
801730.SI,电力设备,801733.SI,其他电源设备Ⅱ,857334.SI,火电设备,300105.SZ,龙源技术,20100818,,Y
801120.SI,食品饮料,801127.SI,饮料乳品,851243.SI,乳品,300106.SZ,西部牧业,20100809,,Y
801030.SI,基础化工,801034.SI,化学制品,850338.SI,纺织化学制品,300107.SZ,建新股份,20210730,,Y
801150.SI,医药生物,801155.SI,中药Ⅱ,851521.SI,中药Ⅲ,300108.SZ,*ST吉药,20170629,,Y
801030.SI,基础化工,801034.SI,化学制品,850339.SI,其他化学制品,300109.SZ,新开源,20100111,,Y
801150.SI,医药生物,801151.SI,化学制药,851512.SI,化学制剂,300110.SZ,华仁药业,20100111,,Y
801150.SI,医药生物,801151.SI,化学制药,851512.SI,化学制剂,300111.SZ,向日葵,20220729,,Y
801890.SI,机械设备,801072.SI,通用设备,850731.SI,仪器仪表,300112.SZ,万讯自控,20210730,,Y
801760.SI,传媒,801764.SI,游戏Ⅱ,857641.SI,游戏Ⅲ,300113.SZ,顺网科技,20100809,,Y
801740.SI,国防军工,801745.SI,军工电子Ⅱ,857451.SI,军工电子Ⅲ,300114.SZ,中航电测,20210730,,Y
801080.SI,电子,801085.SI,消费电子,850854.SI,消费电子零部件及组装,300115.SZ,长盈精密,20100901,,Y
801720.SI,建筑装饰,801724.SI,专业工程,857244.SI,其他专业工程,300117.SZ,*ST嘉寓,20210730,,Y
801730.SI,电力设备,801735.SI,光伏设备,857352.SI,光伏电池组件,300118.SZ,东方日升,20100818,,Y
801010.SI,农林牧渔,801018.SI,动物保健Ⅱ,850181.SI,动物保健Ⅲ,300119.SZ,瑞普生物,20100906,,Y
801080.SI,电子,801084.SI,光学光电子,850831.SI,面板,300120.SZ,经纬辉开,20100910,,Y
801030.SI,基础化工,801037.SI,橡胶,850364.SI,橡胶助剂,300121.SZ,阳谷华泰,20210730,,Y
801150.SI,医药生物,801152.SI,生物制品,851523.SI,疫苗,300122.SZ,智飞生物,20100125,,Y
801740.SI,国防军工,801745.SI,军工电子Ⅱ,857451.SI,军工电子Ⅲ,300123.SZ,亚光科技,20210730,,Y
801890.SI,机械设备,801078.SI,自动化设备,850782.SI,工控设备,300124.SZ,汇川技术,20100908,,Y
801160.SI,公用事业,801161.SI,电力,851616.SI,光伏发电,300125.SZ,ST聆达,20100120,,Y
801890.SI,机械设备,801072.SI,通用设备,850716.SI,其他通用设备,300126.SZ,锐奇股份,20100920,,Y
801050.SI,有色金属,801051.SI,金属新材料,850522.SI,磁性材料,300127.SZ,银河磁体,20100201,,Y
801080.SI,电子,801084.SI,光学光电子,850831.SI,面板,300128.SZ,锦富技术,20100120,,Y
801730.SI,电力设备,801736.SI,风电设备,857362.SI,风电零部件,300129.SZ,泰胜风能,20101008,,Y
801750.SI,计算机,801101.SI,计算机设备,850703.SI,其他计算机设备,300130.SZ,新国都,20101008,,Y
801080.SI,电子,801082.SI,其他电子Ⅱ,850841.SI,其他电子Ⅲ,300131.SZ,英唐智控,20220729,,Y
801980.SI,美容护理,801982.SI,化妆品,859821.SI,化妆品制造及其他,300132.SZ,青松股份,20210730,,Y
801760.SI,传媒,801766.SI,影视院线,857661.SI,影视动漫制作,300133.SZ,华策影视,20101012,,Y
801770.SI,通信,801102.SI,通信设备,851024.SI,通信网络设备及器件,300134.SZ,大富科技,20101012,,Y
801960.SI,石油石化,801963.SI,炼化及贸易,859633.SI,其他石化,300135.SZ,宝利国际,20100112,,Y
801080.SI,电子,801085.SI,消费电子,850854.SI,消费电子零部件及组装,300136.SZ,信维通信,20101025,,Y
801970.SI,环保,801972.SI,环保设备Ⅱ,859721.SI,环保设备Ⅲ,300137.SZ,先河环保,20150701,,Y
801010.SI,农林牧渔,801012.SI,农产品加工,850154.SI,其他农产品加工,300138.SZ,晨光生物,20101025,,Y
801050.SI,有色金属,801053.SI,贵金属,850531.SI,黄金,300139.SZ,晓程科技,20220729,,Y
801730.SI,电力设备,801738.SI,电网设备,857381.SI,输变电设备,300140.SZ,节能环境,20220729,,Y
801730.SI,电力设备,801738.SI,电网设备,857382.SI,配电设备,300141.SZ,和顺电气,20101101,,Y
801150.SI,医药生物,801152.SI,生物制品,851523.SI,疫苗,300142.SZ,沃森生物,20100104,,Y
801150.SI,医药生物,801156.SI,医疗服务,851564.SI,医院,300143.SZ,盈康生命,20180713,,Y
801210.SI,社会服务,801993.SI,旅游及景区,852111.SI,人工景区,300144.SZ,宋城演艺,20210730,,Y
801890.SI,机械设备,801072.SI,通用设备,850716.SI,其他通用设备,300145.SZ,中金环境,20101129,,Y
801120.SI,食品饮料,801124.SI,食品加工,851247.SI,保健品,300146.SZ,汤臣倍健,20210730,,Y
801150.SI,医药生物,801155.SI,中药Ⅱ,851521.SI,中药Ⅲ,300147.SZ,香雪制药,20100106,,Y
801760.SI,传媒,801769.SI,出版,857691.SI,教育出版,300148.SZ,天舟文化,20230704,,Y
801150.SI,医药生物,801156.SI,医疗服务,851563.SI,医疗研发外包,300149.SZ,睿智医药,20190513,,Y
801750.SI,计算机,801103.SI,IT服务Ⅱ,852226.SI,IT服务Ⅲ,300150.SZ,世纪瑞尔,20210730,,Y
801890.SI,机械设备,801074.SI,专用设备,850727.SI,其他专用设备,300151.SZ,昌红科技,20170629,,Y
801970.SI,环保,801971.SI,环境治理,859714.SI,综合环境治理,300152.SZ,新动力,20171211,,Y
801730.SI,电力设备,801733.SI,其他电源设备Ⅱ,857336.SI,其他电源设备Ⅲ,300153.SZ,科泰电源,20101220,,Y
801890.SI,机械设备,801072.SI,通用设备,850716.SI,其他通用设备,300154.SZ,瑞凌股份,20101220,,Y
801750.SI,计算机,801101.SI,计算机设备,850702.SI,安防设备,300155.SZ,安居宝,20101227,,Y
801890.SI,机械设备,801072.SI,通用设备,850716.SI,其他通用设备,300157.SZ,新锦动力,20230704,,Y
801150.SI,医药生物,801155.SI,中药Ⅱ,851521.SI,中药Ⅲ,300158.SZ,振东制药,20230704,,Y
801890.SI,机械设备,801074.SI,专用设备,850723.SI,农用机械,300159.SZ,新研股份,20220729,,Y
801110.SI,家用电器,801116.SI,家电零部件Ⅱ,851161.SI,家电零部件Ⅲ,300160.SZ,秀强股份,20110104,,Y
801890.SI,机械设备,801072.SI,通用设备,850711.SI,机床工具,300161.SZ,华中数控,20110104,,Y
801080.SI,电子,801084.SI,光学光电子,850832.SI,LED,300162.SZ,雷曼光电,20110110,,Y
801030.SI,基础化工,801034.SI,化学制品,850339.SI,其他化学制品,300163.SZ,ST先锋,20110104,,Y
801960.SI,石油石化,801962.SI,油服工程,859622.SI,油气及炼化工程,300164.SZ,通源石油,20110104,,Y
801890.SI,机械设备,801072.SI,通用设备,850731.SI,仪器仪表,300165.SZ,天瑞仪器,20210730,,Y
801750.SI,计算机,801103.SI,IT服务Ⅱ,852226.SI,IT服务Ⅲ,300166.SZ,东方国信,20210730,,Y
801750.SI,计算机,801103.SI,IT服务Ⅱ,852226.SI,IT服务Ⅲ,300167.SZ,*ST迪威,20210730,,Y
801750.SI,计算机,801103.SI,IT服务Ⅱ,852226.SI,IT服务Ⅲ,300168.SZ,万达信息,20210730,,Y
801030.SI,基础化工,801034.SI,化学制品,850339.SI,其他化学制品,300169.SZ,天晟新材,20110114,,Y
801750.SI,计算机,801103.SI,IT服务Ⅱ,852226.SI,IT服务Ⅲ,300170.SZ,汉得信息,20210730,,Y
801150.SI,医药生物,801153.SI,医疗器械,851532.SI,医疗设备,300171.SZ,东富龙,20210730,,Y
801970.SI,环保,801971.SI,环境治理,859712.SI,水务及水治理,300172.SZ,中电环保,20110124,,Y
801730.SI,电力设备,801737.SI,电池,857373.SI,锂电专用设备,300173.SZ,福能东方,20220729,,Y
801030.SI,基础化工,801034.SI,化学制品,850339.SI,其他化学制品,300174.SZ,元力股份,20110124,,Y
801010.SI,农林牧渔,801012.SI,农产品加工,850151.SI,果蔬加工,300175.SZ,朗源股份,20110127,,Y
801880.SI,汽车,801093.SI,汽车零部件,850923.SI,底盘与发动机系统,300176.SZ,派生科技,20110127,,Y
801740.SI,国防军工,801745.SI,军工电子Ⅱ,857451.SI,军工电子Ⅲ,300177.SZ,中海达,20110127,,Y
801890.SI,机械设备,801072.SI,通用设备,850713.SI,磨具磨料,300179.SZ,四方达,20110127,,Y
801030.SI,基础化工,801036.SI,塑料,850351.SI,其他塑料制品,300180.SZ,华峰超纤,20111010,,Y
801150.SI,医药生物,801155.SI,中药Ⅱ,851521.SI,中药Ⅲ,300181.SZ,佐力药业,20110110,,Y
801760.SI,传媒,801766.SI,影视院线,857661.SI,影视动漫制作,300182.SZ,捷成股份,20110210,,Y
801770.SI,通信,801102.SI,通信设备,851027.SI,其他通信设备,300183.SZ,东软载波,20110110,,Y
801080.SI,电子,801082.SI,其他电子Ⅱ,850841.SI,其他电子Ⅲ,300184.SZ,力源信息,20110110,,Y
801730.SI,电力设备,801736.SI,风电设备,857362.SI,风电零部件,300185.SZ,通裕重工,20110225,,Y
801010.SI,农林牧渔,801018.SI,动物保健Ⅱ,850181.SI,动物保健Ⅲ,300186.SZ,大华农(退市),20110225,,Y
801970.SI,环保,801971.SI,环境治理,859714.SI,综合环境治理,300187.SZ,永清环保,20220729,,Y
801750.SI,计算机,801104.SI,软件开发,851041.SI,垂直应用软件,300188.SZ,国投智能,20110307,,Y
801010.SI,农林牧渔,801016.SI,种植业,850111.SI,种子,300189.SZ,神农种业,20110107,,Y
801970.SI,环保,801971.SI,环境治理,859714.SI,综合环境治理,300190.SZ,维尔利,20110107,,Y
801960.SI,石油石化,801962.SI,油服工程,859622.SI,油气及炼化工程,300191.SZ,潜能恒信,20110110,,Y
801210.SI,社会服务,801994.SI,教育,859852.SI,培训教育,300192.SZ,科德教育,20190724,,Y
801890.SI,机械设备,801072.SI,通用设备,850716.SI,其他通用设备,300193.SZ,佳士科技,20110314,,Y
801150.SI,医药生物,801151.SI,化学制药,851512.SI,化学制剂,300194.SZ,福安药业,20110114,,Y
801890.SI,机械设备,801074.SI,专用设备,850726.SI,印刷包装机械,300195.SZ,长荣股份,20110321,,Y
801710.SI,建筑材料,801712.SI,玻璃玻纤,857122.SI,玻纤制造,300196.SZ,长海股份,20110321,,Y
801720.SI,建筑装饰,801723.SI,基础建设,857251.SI,园林工程,300197.SZ,节能铁汉,20210730,,Y
801710.SI,建筑材料,801713.SI,装修建材,850616.SI,管材,300198.SZ,纳川股份,20110328,,Y
801150.SI,医药生物,801151.SI,化学制药,851512.SI,化学制剂,300199.SZ,翰宇药业,20110128,,Y
801030.SI,基础化工,801034.SI,化学制品,850372.SI,聚氨酯,300200.SZ,高盟新材,20111010,,Y
801890.SI,机械设备,801077.SI,工程机械,850771.SI,工程机械整机,300201.SZ,海伦哲,20210730,,Y
801750.SI,计算机,801101.SI,计算机设备,850703.SI,其他计算机设备,300202.SZ,聚龙退(退市),20110406,,Y
801970.SI,环保,801972.SI,环保设备Ⅱ,859721.SI,环保设备Ⅲ,300203.SZ,聚光科技,20220729,,Y
801150.SI,医药生物,801151.SI,化学制药,851512.SI,化学制剂,300204.SZ,舒泰神,20220729,,Y
801770.SI,通信,801102.SI,通信设备,851026.SI,通信终端及配件,300205.SZ,ST天喻,20110413,,Y
801150.SI,医药生物,801153.SI,医疗器械,851532.SI,医疗设备,300206.SZ,理邦仪器,20110113,,Y
801730.SI,电力设备,801737.SI,电池,857371.SI,锂电池,300207.SZ,欣旺达,20111010,,Y
801230.SI,综合,801231.SI,综合Ⅱ,852311.SI,综合Ⅲ,300208.SZ,*ST中程,20110418,,Y
801750.SI,计算机,801104.SI,软件开发,851041.SI,垂直应用软件,300209.SZ,*ST有树,20110418,,Y
801970.SI,环保,801972.SI,环保设备Ⅱ,859721.SI,环保设备Ⅲ,300210.SZ,森远股份,20210730,,Y
801770.SI,通信,801223.SI,通信服务,852213.SI,通信工程及服务,300211.SZ,亿通科技,20110425,,Y
801750.SI,计算机,801103.SI,IT服务Ⅱ,852226.SI,IT服务Ⅲ,300212.SZ,易华录,20210730,,Y
801770.SI,通信,801102.SI,通信设备,851027.SI,其他通信设备,300213.SZ,佳讯飞鸿,20110425,,Y
801030.SI,基础化工,801034.SI,化学制品,850339.SI,其他化学制品,300214.SZ,日科化学,20220729,,Y
801210.SI,社会服务,801218.SI,专业服务,852182.SI,检测服务,300215.SZ,电科院,20110503,,Y
801890.SI,机械设备,801074.SI,专用设备,850727.SI,其他专用设备,300216.SZ,千山退(退市),20110104,,Y
801110.SI,家用电器,801116.SI,家电零部件Ⅱ,851161.SI,家电零部件Ⅲ,300217.SZ,东方电热,20111010,,Y
801030.SI,基础化工,801036.SI,塑料,850351.SI,其他塑料制品,300218.SZ,安利股份,20111010,,Y
801080.SI,电子,801084.SI,光学光电子,850832.SI,LED,300219.SZ,鸿利智汇,20111010,,Y
801140.SI,轻工制造,801145.SI,文娱用品,851452.SI,娱乐用品,300220.SZ,金运激光,20220729,,Y
801030.SI,基础化工,801036.SI,塑料,850353.SI,改性塑料,300221.SZ,银禧科技,20111010,,Y
801730.SI,电力设备,801738.SI,电网设备,857321.SI,电网自动化设备,300222.SZ,科大智能,20210730,,Y
801080.SI,电子,801081.SI,半导体,850814.SI,数字芯片设计,300223.SZ,北京君正,20110124,,Y
801050.SI,有色金属,801051.SI,金属新材料,850522.SI,磁性材料,300224.SZ,正海磁材,20110124,,Y
801030.SI,基础化工,801034.SI,化学制品,850335.SI,涂料油墨,300225.SZ,金力泰,20110124,,Y
801750.SI,计算机,801104.SI,软件开发,851041.SI,垂直应用软件,300226.SZ,上海钢联,20110530,,Y
801890.SI,机械设备,801078.SI,自动化设备,850783.SI,激光设备,300227.SZ,光韵达,20111010,,Y
801890.SI,机械设备,801072.SI,通用设备,850751.SI,金属制品,300228.SZ,富瑞特装,20210730,,Y
801750.SI,计算机,801104.SI,软件开发,851041.SI,垂直应用软件,300229.SZ,拓尔思,20110607,,Y
801030.SI,基础化工,801036.SI,塑料,850351.SI,其他塑料制品,300230.SZ,永利股份,20110107,,Y
801750.SI,计算机,801103.SI,IT服务Ⅱ,852226.SI,IT服务Ⅲ,300231.SZ,银信科技,20210730,,Y
801080.SI,电子,801084.SI,光学光电子,850832.SI,LED,300232.SZ,洲明科技,20111010,,Y
801150.SI,医药生物,801151.SI,化学制药,851512.SI,化学制剂,300233.SZ,金城医药,20190724,,Y
801710.SI,建筑材料,801713.SI,装修建材,850614.SI,其他建材,300234.SZ,开尔新材,20110614,,Y
801750.SI,计算机,801104.SI,软件开发,851041.SI,垂直应用软件,300235.SZ,方直科技,20110620,,Y
801080.SI,电子,801086.SI,电子化学品Ⅱ,850861.SI,电子化学品Ⅲ,300236.SZ,上海新阳,20210730,,Y
801880.SI,汽车,801093.SI,汽车零部件,850925.SI,其他汽车零部件,300237.SZ,美晨生态,20220729,,Y
801150.SI,医药生物,801153.SI,医疗器械,851533.SI,医疗耗材,300238.SZ,冠昊生物,20110127,,Y
801150.SI,医药生物,801152.SI,生物制品,851524.SI,其他生物制品,300239.SZ,东宝生物,20110127,,Y
801170.SI,交通运输,801178.SI,物流,851783.SI,中间产品及消费品供应链服务,300240.SZ,飞力达,20110127,,Y
801080.SI,电子,801084.SI,光学光电子,850832.SI,LED,300241.SZ,瑞丰光电,20111010,,Y
801760.SI,传媒,801765.SI,广告营销,857651.SI,营销代理,300242.SZ,佳云科技,20110704,,Y
801030.SI,基础化工,801036.SI,塑料,850351.SI,其他塑料制品,300243.SZ,瑞丰高材,20210730,,Y
801150.SI,医药生物,801156.SI,医疗服务,851562.SI,诊断服务,300244.SZ,迪安诊断,20110111,,Y
801750.SI,计算机,801103.SI,IT服务Ⅱ,852226.SI,IT服务Ⅲ,300245.SZ,天玑科技,20210730,,Y
801150.SI,医药生物,801153.SI,医疗器械,851532.SI,医疗设备,300246.SZ,宝莱特,20110111,,Y
801110.SI,家用电器,801117.SI,其他家电Ⅱ,851171.SI,其他家电Ⅲ,300247.SZ,融捷健康,20110118,,Y
801750.SI,计算机,801101.SI,计算机设备,850703.SI,其他计算机设备,300248.SZ,新开普,20210730,,Y
801750.SI,计算机,801101.SI,计算机设备,850703.SI,其他计算机设备,300249.SZ,依米康,20210730,,Y
801750.SI,计算机,801103.SI,IT服务Ⅱ,852226.SI,IT服务Ⅲ,300250.SZ,初灵信息,20210730,,Y
801760.SI,传媒,801766.SI,影视院线,857661.SI,影视动漫制作,300251.SZ,光线传媒,20110726,,Y
801740.SI,国防军工,801745.SI,军工电子Ⅱ,857451.SI,军工电子Ⅲ,300252.SZ,金信诺,20110801,,Y
801750.SI,计算机,801104.SI,软件开发,851041.SI,垂直应用软件,300253.SZ,卫宁健康,20110805,,Y
801150.SI,医药生物,801151.SI,化学制药,851512.SI,化学制剂,300254.SZ,仟源医药,20110110,,Y
801150.SI,医药生物,801151.SI,化学制药,851512.SI,化学制剂,300255.SZ,常山药业,20170629,,Y
801080.SI,电子,801085.SI,消费电子,850854.SI,消费电子零部件及组装,300256.SZ,星星科技,20111010,,Y
801890.SI,机械设备,801072.SI,通用设备,850716.SI,其他通用设备,300257.SZ,开山股份,20110809,,Y
801880.SI,汽车,801093.SI,汽车零部件,850923.SI,底盘与发动机系统,300258.SZ,精锻科技,20110817,,Y
801890.SI,机械设备,801072.SI,通用设备,850731.SI,仪器仪表,300259.SZ,新天科技,20210730,,Y
801890.SI,机械设备,801072.SI,通用设备,850751.SI,金属制品,300260.SZ,新莱应材,20110823,,Y
801030.SI,基础化工,801038.SI,农化制品,850333.SI,农药,300261.SZ,雅本化学,20210730,,Y
801890.SI,机械设备,801072.SI,通用设备,850716.SI,其他通用设备,300263.SZ,隆华科技,20170629,,Y
801750.SI,计算机,801103.SI,IT服务Ⅱ,852226.SI,IT服务Ⅲ,300264.SZ,佳创视讯,20210730,,Y
801730.SI,电力设备,801738.SI,电网设备,857344.SI,线缆部件及其他,300265.SZ,通光线缆,20110905,,Y
801970.SI,环保,801971.SI,环境治理,859712.SI,水务及水治理,300266.SZ,兴源环境,20151012,,Y
801150.SI,医药生物,801151.SI,化学制药,851511.SI,原料药,300267.SZ,尔康制药,20110117,,Y
801010.SI,农林牧渔,801012.SI,农产品加工,850154.SI,其他农产品加工,300268.SZ,ST佳沃,20111010,,Y
801080.SI,电子,801084.SI,光学光电子,850832.SI,LED,300269.SZ,联建光电,20220729,,Y
801750.SI,计算机,801101.SI,计算机设备,850702.SI,安防设备,300270.SZ,中威电子,20110927,,Y
801750.SI,计算机,801103.SI,IT服务Ⅱ,852226.SI,IT服务Ⅲ,300271.SZ,华宇软件,20210730,,Y
801110.SI,家用电器,801113.SI,小家电,851132.SI,清洁小家电,300272.SZ,开能健康,20240517,,Y
801150.SI,医药生物,801153.SI,医疗器械,851532.SI,医疗设备,300273.SZ,和佳退(退市),20110118,,Y
801730.SI,电力设备,801735.SI,光伏设备,857353.SI,逆变器,300274.SZ,阳光电源,20111024,,Y
801750.SI,计算机,801101.SI,计算机设备,850702.SI,安防设备,300275.SZ,梅安森,20220729,,Y
801890.SI,机械设备,801078.SI,自动化设备,850781.SI,机器人,300276.SZ,三丰智能,20210730,,Y
801750.SI,计算机,801103.SI,IT服务Ⅱ,852226.SI,IT服务Ⅲ,300277.SZ,海联讯,20210730,,Y
801890.SI,机械设备,801078.SI,自动化设备,850782.SI,工控设备,300278.SZ,华昌达,20210730,,Y
801080.SI,电子,801085.SI,消费电子,850854.SI,消费电子零部件及组装,300279.SZ,和晶科技,20110119,,Y
801760.SI,传媒,801765.SI,广告营销,857652.SI,广告媒体,300280.SZ,紫天科技,20190724,,Y
801890.SI,机械设备,801074.SI,专用设备,850727.SI,其他专用设备,300281.SZ,金明精机,20111219,,Y
801730.SI,电力设备,801738.SI,电网设备,857382.SI,配电设备,300283.SZ,温州宏丰,20111228,,Y
801720.SI,建筑装饰,801726.SI,工程咨询服务Ⅱ,857261.SI,工程咨询服务Ⅲ,300284.SZ,苏交科,20111227,,Y
801080.SI,电子,801086.SI,电子化学品Ⅱ,850861.SI,电子化学品Ⅲ,300285.SZ,国瓷材料,20220729,,Y
801730.SI,电力设备,801738.SI,电网设备,857323.SI,电工仪器仪表,300286.SZ,安科瑞,20210730,,Y
801750.SI,计算机,801103.SI,IT服务Ⅱ,852226.SI,IT服务Ⅲ,300287.SZ,飞利信,20210730,,Y
801750.SI,计算机,801103.SI,IT服务Ⅱ,852226.SI,IT服务Ⅲ,300288.SZ,朗玛信息,20210730,,Y
801150.SI,医药生物,801153.SI,医疗器械,851534.SI,体外诊断,300289.SZ,利德曼,20120109,,Y
801750.SI,计算机,801103.SI,IT服务Ⅱ,852226.SI,IT服务Ⅲ,300290.SZ,荣科科技,20210730,,Y
801760.SI,传媒,801766.SI,影视院线,857661.SI,影视动漫制作,300291.SZ,百纳千成,20120201,,Y
801770.SI,通信,801223.SI,通信服务,852214.SI,通信应用增值服务,300292.SZ,吴通控股,20120221,,Y
801890.SI,机械设备,801074.SI,专用设备,850727.SI,其他专用设备,300293.SZ,蓝英装备,20120228,,Y
801150.SI,医药生物,801152.SI,生物制品,851522.SI,血液制品,300294.SZ,博雅生物,20120130,,Y
801760.SI,传媒,801767.SI,数字媒体,857674.SI,门户网站,300295.SZ,三六五网,20120305,,Y
801080.SI,电子,801084.SI,光学光电子,850832.SI,LED,300296.SZ,利亚德,20120105,,Y
801750.SI,计算机,801103.SI,IT服务Ⅱ,852226.SI,IT服务Ⅲ,300297.SZ,蓝盾退(退市),20210730,,Y
801150.SI,医药生物,801153.SI,医疗器械,851532.SI,医疗设备,300298.SZ,三诺生物,20120106,,Y
801760.SI,传媒,801764.SI,游戏Ⅱ,857641.SI,游戏Ⅲ,300299.SZ,富春股份,20120308,,Y
801750.SI,计算机,801103.SI,IT服务Ⅱ,852226.SI,IT服务Ⅲ,300300.SZ,ST峡创,20210730,,Y
801080.SI,电子,801084.SI,光学光电子,850832.SI,LED,300301.SZ,*ST长方,20120112,,Y
801750.SI,计算机,801101.SI,计算机设备,850703.SI,其他计算机设备,300302.SZ,同有科技,20120313,,Y
801080.SI,电子,801084.SI,光学光电子,850832.SI,LED,300303.SZ,聚飞光电,20120109,,Y
801880.SI,汽车,801093.SI,汽车零部件,850926.SI,汽车电子电气系统,300304.SZ,云意电气,20120313,,Y
801030.SI,基础化工,801036.SI,塑料,850355.SI,膜材料,300305.SZ,裕兴股份,20210730,,Y
801890.SI,机械设备,801072.SI,通用设备,850731.SI,仪器仪表,300306.SZ,远方信息,20210730,,Y
801890.SI,机械设备,801074.SI,专用设备,850721.SI,纺织服装设备,300307.SZ,慈星股份,20120320,,Y
801770.SI,通信,801102.SI,通信设备,851024.SI,通信网络设备及器件,300308.SZ,中际旭创,20180713,,Y
801790.SI,非银金融,801191.SI,多元金融,851927.SI,资产管理,300309.SZ,吉艾退(退市),20180713,,Y
801770.SI,通信,801223.SI,通信服务,852213.SI,通信工程及服务,300310.SZ,宜通世纪,20120416,,Y
801750.SI,计算机,801104.SI,软件开发,851042.SI,横向通用软件,300311.SZ,任子行,20120416,,Y
801770.SI,通信,801102.SI,通信设备,851024.SI,通信网络设备及器件,300312.SZ,邦讯退(退市),20120425,,Y
801010.SI,农林牧渔,801017.SI,养殖业,850174.SI,其他养殖,300313.SZ,ST天山,20120117,,Y
801150.SI,医药生物,801153.SI,医疗器械,851532.SI,医疗设备,300314.SZ,戴维医疗,20120130,,Y
801760.SI,传媒,801764.SI,游戏Ⅱ,857641.SI,游戏Ⅲ,300315.SZ,掌趣科技,20120427,,Y
801730.SI,电力设备,801735.SI,光伏设备,857355.SI,光伏加工设备,300316.SZ,晶盛机电,20120427,,Y
801160.SI,公用事业,801161.SI,电力,851616.SI,光伏发电,300317.SZ,珈伟新能,20170629,,Y
801150.SI,医药生物,801153.SI,医疗器械,851534.SI,体外诊断,300318.SZ,博晖创新,20120116,,Y
801080.SI,电子,801083.SI,元件,850823.SI,被动元件,300319.SZ,麦捷科技,20210730,,Y
801030.SI,基础化工,801037.SI,橡胶,850362.SI,其他橡胶制品,300320.SZ,海达股份,20120130,,Y
801030.SI,基础化工,801034.SI,化学制品,850372.SI,聚氨酯,300321.SZ,同大股份,20120116,,Y
801080.SI,电子,801085.SI,消费电子,850854.SI,消费电子零部件及组装,300322.SZ,硕贝德,20120528,,Y
801080.SI,电子,801084.SI,光学光电子,850832.SI,LED,300323.SZ,华灿光电,20120130,,Y
801750.SI,计算机,801101.SI,计算机设备,850703.SI,其他计算机设备,300324.SZ,旋极信息,20210730,,Y
801030.SI,基础化工,801036.SI,塑料,850351.SI,其他塑料制品,300325.SZ,德威退(退市),20120130,,Y
801150.SI,医药生物,801153.SI,医疗器械,851533.SI,医疗耗材,300326.SZ,凯利泰,20120105,,Y
801080.SI,电子,801081.SI,半导体,850814.SI,数字芯片设计,300327.SZ,中颖电子,20120104,,Y
801050.SI,有色金属,801055.SI,工业金属,850551.SI,铝,300328.SZ,宜安科技,20220729,,Y
801140.SI,轻工制造,801145.SI,文娱用品,851452.SI,娱乐用品,300329.SZ,海伦钢琴,20120109,,Y
801750.SI,计算机,801101.SI,计算机设备,850703.SI,其他计算机设备,300330.SZ,计通退(退市),20210730,,Y
801080.SI,电子,801084.SI,光学光电子,850833.SI,光学元件,300331.SZ,苏大维格,20220729,,Y
801160.SI,公用事业,801163.SI,燃气Ⅱ,851631.SI,燃气Ⅲ,300332.SZ,天壕能源,20120118,,Y
801750.SI,计算机,801101.SI,计算机设备,850703.SI,其他计算机设备,300333.SZ,兆日科技,20120619,,Y
801970.SI,环保,801971.SI,环境治理,859712.SI,水务及水治理,300334.SZ,津膜科技,20120130,,Y
801160.SI,公用事业,801161.SI,电力,851614.SI,热力服务,300335.SZ,迪森股份,20120130,,Y
801760.SI,传媒,801765.SI,广告营销,857652.SI,广告媒体,300336.SZ,新文退(退市),20120628,,Y
801050.SI,有色金属,801055.SI,工业金属,850551.SI,铝,300337.SZ,银邦股份,20120710,,Y
801210.SI,社会服务,801994.SI,教育,859852.SI,培训教育,300338.SZ,*ST开元,20180713,,Y
801750.SI,计算机,801103.SI,IT服务Ⅱ,852226.SI,IT服务Ⅲ,300339.SZ,润和软件,20210730,,Y
801730.SI,电力设备,801737.SI,电池,857372.SI,电池化学品,300340.SZ,科恒股份,20210730,,Y
801150.SI,医药生物,801153.SI,医疗器械,851532.SI,医疗设备,300341.SZ,麦克奥迪,20230704,,Y
801110.SI,家用电器,801116.SI,家电零部件Ⅱ,851161.SI,家电零部件Ⅲ,300342.SZ,天银机电,20120116,,Y
801030.SI,基础化工,801034.SI,化学制品,850382.SI,氟化工,300343.SZ,联创股份,20230704,,Y
801750.SI,计算机,801104.SI,软件开发,851041.SI,垂直应用软件,300344.SZ,立方数科,20190724,,Y
801890.SI,机械设备,801072.SI,通用设备,850713.SI,磨具磨料,300345.SZ,华民股份,20120724,,Y
801080.SI,电子,801086.SI,电子化学品Ⅱ,850861.SI,电子化学品Ⅲ,300346.SZ,南大光电,20210730,,Y
801150.SI,医药生物,801156.SI,医疗服务,851563.SI,医疗研发外包,300347.SZ,泰格医药,20120109,,Y
801750.SI,计算机,801104.SI,软件开发,851041.SI,垂直应用软件,300348.SZ,长亮科技,20120808,,Y
801890.SI,机械设备,801072.SI,通用设备,850731.SI,仪器仪表,300349.SZ,金卡智能,20210730,,Y
801170.SI,交通运输,801178.SI,物流,851783.SI,中间产品及消费品供应链服务,300350.SZ,华鹏飞,20120113,,Y
801890.SI,机械设备,801076.SI,轨交设备Ⅱ,850936.SI,轨交设备Ⅲ,300351.SZ,永贵电器,20120912,,Y
801750.SI,计算机,801104.SI,软件开发,851041.SI,垂直应用软件,300352.SZ,北信源,20120904,,Y
801770.SI,通信,801102.SI,通信设备,851027.SI,其他通信设备,300353.SZ,东土科技,20120911,,Y
801890.SI,机械设备,801072.SI,通用设备,850731.SI,仪器仪表,300354.SZ,东华测试,20210730,,Y
801720.SI,建筑装饰,801723.SI,基础建设,857251.SI,园林工程,300355.SZ,蒙草生态,20210730,,Y
801150.SI,医药生物,801152.SI,生物制品,851524.SI,其他生物制品,300357.SZ,我武生物,20140108,,Y
801150.SI,医药生物,801153.SI,医疗器械,851532.SI,医疗设备,300358.SZ,楚天科技,20140108,,Y
801210.SI,社会服务,801994.SI,教育,859852.SI,培训教育,300359.SZ,全通教育,20140108,,Y
801730.SI,电力设备,801738.SI,电网设备,857323.SI,电工仪器仪表,300360.SZ,炬华科技,20210730,,Y
801150.SI,医药生物,801151.SI,化学制药,851512.SI,化学制剂,300361.SZ,奥赛康,20140108,,Y
801150.SI,医药生物,801156.SI,医疗服务,851563.SI,医疗研发外包,300363.SZ,博腾股份,20210730,,Y
801760.SI,传媒,801769.SI,出版,857692.SI,大众出版,300364.SZ,中文在线,20150115,,Y
801750.SI,计算机,801104.SI,软件开发,851041.SI,垂直应用软件,300365.SZ,恒华科技,20210730,,Y
801750.SI,计算机,801104.SI,软件开发,851041.SI,垂直应用软件,300366.SZ,创意信息,20140108,,Y
801750.SI,计算机,801101.SI,计算机设备,850702.SI,安防设备,300367.SZ,网力退(退市),20140108,,Y
801750.SI,计算机,801101.SI,计算机设备,850703.SI,其他计算机设备,300368.SZ,ST汇金,20140108,,Y
801750.SI,计算机,801104.SI,软件开发,851042.SI,横向通用软件,300369.SZ,绿盟科技,20140108,,Y
801890.SI,机械设备,801072.SI,通用设备,850731.SI,仪器仪表,300370.SZ,安控科技,20210730,,Y
801890.SI,机械设备,801072.SI,通用设备,850731.SI,仪器仪表,300371.SZ,汇中股份,20210730,,Y
801080.SI,电子,801081.SI,半导体,850812.SI,分立器件,300373.SZ,扬杰科技,20140108,,Y
801710.SI,建筑材料,801713.SI,装修建材,850615.SI,耐火材料,300374.SZ,中铁装配,20150109,,Y
801880.SI,汽车,801093.SI,汽车零部件,850923.SI,底盘与发动机系统,300375.SZ,鹏翎股份,20140108,,Y
801730.SI,电力设备,801733.SI,其他电源设备Ⅱ,857336.SI,其他电源设备Ⅲ,300376.SZ,ST易事特,20140108,,Y
801750.SI,计算机,801104.SI,软件开发,851041.SI,垂直应用软件,300377.SZ,赢时胜,20140108,,Y
801750.SI,计算机,801104.SI,软件开发,851042.SI,横向通用软件,300378.SZ,鼎捷软件,20140108,,Y
801750.SI,计算机,801104.SI,软件开发,851041.SI,垂直应用软件,300379.SZ,东方通,20140122,,Y
801750.SI,计算机,801104.SI,软件开发,851041.SI,垂直应用软件,300380.SZ,安硕信息,20140122,,Y
801150.SI,医药生物,801151.SI,化学制药,851511.SI,原料药,300381.SZ,溢多利,20140122,,Y
801890.SI,机械设备,801074.SI,专用设备,850727.SI,其他专用设备,300382.SZ,斯莱克,20140122,,Y
801770.SI,通信,801223.SI,通信服务,852214.SI,通信应用增值服务,300383.SZ,光环新网,20230704,,Y
801720.SI,建筑装饰,801724.SI,专业工程,857242.SI,化学工程,300384.SZ,三联虹普,20190724,,Y
801970.SI,环保,801971.SI,环境治理,859711.SI,大气治理,300385.SZ,雪浪环境,20140120,,Y
801750.SI,计算机,801101.SI,计算机设备,850703.SI,其他计算机设备,300386.SZ,飞天诚信,20140120,,Y
801030.SI,基础化工,801038.SI,农化制品,850381.SI,复合肥,300387.SZ,富邦股份,20210730,,Y
801970.SI,环保,801971.SI,环境治理,859712.SI,水务及水治理,300388.SZ,节能国祯,20140207,,Y
801080.SI,电子,801084.SI,光学光电子,850832.SI,LED,300389.SZ,艾比森,20140207,,Y
801730.SI,电力设备,801737.SI,电池,857372.SI,电池化学品,300390.SZ,天华新能,20230915,,Y
801150.SI,医药生物,801155.SI,中药Ⅱ,851521.SI,中药Ⅲ,300391.SZ,长药控股,20220729,,Y
801760.SI,传媒,801765.SI,广告营销,857651.SI,营销代理,300392.SZ,腾信退(退市),20140110,,Y
801730.SI,电力设备,801735.SI,光伏设备,857352.SI,光伏电池组件,300393.SZ,中来股份,20140116,,Y
801770.SI,通信,801102.SI,通信设备,851024.SI,通信网络设备及器件,300394.SZ,天孚通信,20180713,,Y
801740.SI,国防军工,801742.SI,航空装备Ⅱ,857421.SI,航空装备Ⅲ,300395.SZ,菲利华,20210730,,Y
801150.SI,医药生物,801153.SI,医疗器械,851534.SI,体外诊断,300396.SZ,迪瑞医疗,20140110,,Y
801740.SI,国防军工,801745.SI,军工电子Ⅱ,857451.SI,军工电子Ⅲ,300397.SZ,天和防务,20220729,,Y
801080.SI,电子,801086.SI,电子化学品Ⅱ,850861.SI,电子化学品Ⅲ,300398.SZ,飞凯材料,20210730,,Y
801750.SI,计算机,801103.SI,IT服务Ⅱ,852226.SI,IT服务Ⅲ,300399.SZ,天利科技,20210730,,Y
801890.SI,机械设备,801078.SI,自动化设备,850784.SI,其他自动化设备,300400.SZ,劲拓股份,20210730,,Y
801150.SI,医药生物,801151.SI,化学制药,851511.SI,原料药,300401.SZ,花园生物,20140127,,Y
801890.SI,机械设备,801072.SI,通用设备,850751.SI,金属制品,300402.SZ,宝色股份,20210730,,Y
801110.SI,家用电器,801116.SI,家电零部件Ⅱ,851161.SI,家电零部件Ⅲ,300403.SZ,汉宇集团,20140124,,Y
801150.SI,医药生物,801156.SI,医疗服务,851563.SI,医疗研发外包,300404.SZ,博济医药,20150113,,Y
801030.SI,基础化工,801034.SI,化学制品,850339.SI,其他化学制品,300405.SZ,科隆股份,20140124,,Y
801150.SI,医药生物,801153.SI,医疗器械,851534.SI,体外诊断,300406.SZ,九强生物,20140124,,Y
801730.SI,电力设备,801738.SI,电网设备,857321.SI,电网自动化设备,300407.SZ,凯发电气,20210730,,Y
801080.SI,电子,801083.SI,元件,850823.SI,被动元件,300408.SZ,三环集团,20140127,,Y
801730.SI,电力设备,801737.SI,电池,857372.SI,电池化学品,300409.SZ,道氏技术,20210730,,Y
801730.SI,电力设备,801737.SI,电池,857373.SI,锂电专用设备,300410.SZ,正业科技,20220729,,Y
801890.SI,机械设备,801074.SI,专用设备,850727.SI,其他专用设备,300411.SZ,金盾股份,20140120,,Y
801890.SI,机械设备,801074.SI,专用设备,850727.SI,其他专用设备,300412.SZ,迦南科技,20140120,,Y
801760.SI,传媒,801767.SI,数字媒体,857671.SI,视频媒体,300413.SZ,芒果超媒,20150115,,Y
801770.SI,通信,801102.SI,通信设备,851027.SI,其他通信设备,300414.SZ,中光防雷,20150106,,Y
801890.SI,机械设备,801074.SI,专用设备,850727.SI,其他专用设备,300415.SZ,伊之密,20150115,,Y
801210.SI,社会服务,801218.SI,专业服务,852182.SI,检测服务,300416.SZ,苏试试验,20220729,,Y
801890.SI,机械设备,801072.SI,通用设备,850731.SI,仪器仪表,300417.SZ,南华仪器,20210730,,Y
801760.SI,传媒,801764.SI,游戏Ⅱ,857641.SI,游戏Ⅲ,300418.SZ,昆仑万维,20150115,,Y
801750.SI,计算机,801103.SI,IT服务Ⅱ,852226.SI,IT服务Ⅲ,300419.SZ,浩丰科技,20210730,,Y
801890.SI,机械设备,801072.SI,通用设备,850716.SI,其他通用设备,300420.SZ,五洋自控,20150115,,Y
801890.SI,机械设备,801072.SI,通用设备,850751.SI,金属制品,300421.SZ,力星股份,20150115,,Y
801970.SI,环保,801971.SI,环境治理,859712.SI,水务及水治理,300422.SZ,博世科,20150216,,Y
801730.SI,电力设备,801738.SI,电网设备,857381.SI,输变电设备,300423.SZ,昇辉科技,20150115,,Y
801740.SI,国防军工,801742.SI,航空装备Ⅱ,857421.SI,航空装备Ⅲ,300424.SZ,航新科技,20150413,,Y
801970.SI,环保,801972.SI,环保设备Ⅱ,859721.SI,环保设备Ⅲ,300425.SZ,中建环能,20230224,,Y
801760.SI,传媒,801766.SI,影视院线,857661.SI,影视动漫制作,300426.SZ,唐德影视,20150216,,Y
801730.SI,电力设备,801738.SI,电网设备,857321.SI,电网自动化设备,300427.SZ,*ST红相,20210730,,Y
801880.SI,汽车,801093.SI,汽车零部件,850924.SI,轮胎轮毂,300428.SZ,立中集团,20190724,,Y
801080.SI,电子,801086.SI,电子化学品Ⅱ,850861.SI,电子化学品Ⅲ,300429.SZ,强力新材,20210730,,Y
801890.SI,机械设备,801072.SI,通用设备,850716.SI,其他通用设备,300430.SZ,诚益通,20150309,,Y
801760.SI,传媒,801767.SI,数字媒体,857671.SI,视频媒体,300431.SZ,暴风退(退市),20150309,,Y
801730.SI,电力设备,801737.SI,电池,857372.SI,电池化学品,300432.SZ,富临精工,20230704,,Y
801080.SI,电子,801085.SI,消费电子,850854.SI,消费电子零部件及组装,300433.SZ,蓝思科技,20150109,,Y
801150.SI,医药生物,801151.SI,化学制药,851512.SI,化学制剂,300434.SZ,金石亚药,20180713,,Y
801160.SI,公用事业,801163.SI,燃气Ⅱ,851631.SI,燃气Ⅲ,300435.SZ,中泰股份,20200224,,Y
801150.SI,医药生物,801151.SI,化学制药,851512.SI,化学制剂,300436.SZ,广生堂,20150113,,Y
801970.SI,环保,801971.SI,环境治理,859712.SI,水务及水治理,300437.SZ,清水源,20210730,,Y
801730.SI,电力设备,801737.SI,电池,857371.SI,锂电池,300438.SZ,鹏辉能源,20210224,,Y
801150.SI,医药生物,801153.SI,医疗器械,851534.SI,体外诊断,300439.SZ,美康生物,20150113,,Y
801750.SI,计算机,801103.SI,IT服务Ⅱ,852226.SI,IT服务Ⅲ,300440.SZ,运达科技,20210730,,Y
801890.SI,机械设备,801072.SI,通用设备,850716.SI,其他通用设备,300441.SZ,鲍斯股份,20150413,,Y
801770.SI,通信,801223.SI,通信服务,852214.SI,通信应用增值服务,300442.SZ,润泽科技,20230704,,Y
801730.SI,电力设备,801736.SI,风电设备,857362.SI,风电零部件,300443.SZ,金雷股份,20150113,,Y
801730.SI,电力设备,801738.SI,电网设备,857381.SI,输变电设备,300444.SZ,双杰电气,20150113,,Y
801890.SI,机械设备,801072.SI,通用设备,850731.SI,仪器仪表,300445.SZ,康斯特,20210730,,Y
801080.SI,电子,801086.SI,电子化学品Ⅱ,850861.SI,电子化学品Ⅲ,300446.SZ,航天智造,20210730,,Y
801740.SI,国防军工,801745.SI,军工电子Ⅱ,857451.SI,军工电子Ⅲ,300447.SZ,全信股份,20150113,,Y
801750.SI,计算机,801103.SI,IT服务Ⅱ,852226.SI,IT服务Ⅲ,300448.SZ,浩云科技,20210730,,Y
801750.SI,计算机,801101.SI,计算机设备,850702.SI,安防设备,300449.SZ,汉邦高科,20150113,,Y
801730.SI,电力设备,801737.SI,电池,857373.SI,锂电专用设备,300450.SZ,先导智能,20210730,,Y
801750.SI,计算机,801104.SI,软件开发,851041.SI,垂直应用软件,300451.SZ,创业慧康,20150106,,Y
801150.SI,医药生物,801151.SI,化学制药,851511.SI,原料药,300452.SZ,山河药辅,20150106,,Y
801150.SI,医药生物,801153.SI,医疗器械,851533.SI,医疗耗材,300453.SZ,三鑫医疗,20150106,,Y
801750.SI,计算机,801104.SI,软件开发,851042.SI,横向通用软件,300454.SZ,深信服,20180507,,Y
801750.SI,计算机,801101.SI,计算机设备,850703.SI,其他计算机设备,300455.SZ,航天智装,20170629,,Y
801080.SI,电子,801081.SI,半导体,850816.SI,集成电路制造,300456.SZ,赛微电子,20200730,,Y
801730.SI,电力设备,801737.SI,电池,857373.SI,锂电专用设备,300457.SZ,赢合科技,20210730,,Y
801080.SI,电子,801081.SI,半导体,850814.SI,数字芯片设计,300458.SZ,全志科技,20150106,,Y
801760.SI,传媒,801764.SI,游戏Ⅱ,857641.SI,游戏Ⅲ,300459.SZ,汤姆猫,20150106,,Y
801080.SI,电子,801083.SI,元件,850823.SI,被动元件,300460.SZ,惠伦晶体,20150106,,Y
801890.SI,机械设备,801078.SI,自动化设备,850784.SI,其他自动化设备,300461.SZ,田中精机,20210730,,Y
801750.SI,计算机,801101.SI,计算机设备,850703.SI,其他计算机设备,300462.SZ,华铭智能,20150126,,Y
801150.SI,医药生物,801153.SI,医疗器械,851534.SI,体外诊断,300463.SZ,迈克生物,20150525,,Y
801200.SI,商贸零售,801206.SI,互联网电商,852062.SI,跨境电商,300464.SZ,星徽股份,20190724,,Y
801750.SI,计算机,801104.SI,软件开发,851041.SI,垂直应用软件,300465.SZ,高伟达,20150126,,Y
801890.SI,机械设备,801072.SI,通用设备,850716.SI,其他通用设备,300466.SZ,赛摩智能,20220729,,Y
801760.SI,传媒,801764.SI,游戏Ⅱ,857641.SI,游戏Ⅲ,300467.SZ,迅游科技,20150525,,Y
801750.SI,计算机,801104.SI,软件开发,851041.SI,垂直应用软件,300468.SZ,四方精创,20150126,,Y
801750.SI,计算机,801104.SI,软件开发,851041.SI,垂直应用软件,300469.SZ,信息发展,20150611,,Y
801890.SI,机械设备,801072.SI,通用设备,850716.SI,其他通用设备,300470.SZ,中密控股,20150115,,Y
801890.SI,机械设备,801074.SI,专用设备,850727.SI,其他专用设备,300471.SZ,厚普股份,20150611,,Y
801890.SI,机械设备,801074.SI,专用设备,850727.SI,其他专用设备,300472.SZ,新元科技,20150115,,Y
801880.SI,汽车,801093.SI,汽车零部件,850925.SI,其他汽车零部件,300473.SZ,德尔股份,20150115,,Y
801740.SI,国防军工,801745.SI,军工电子Ⅱ,857451.SI,军工电子Ⅲ,300474.SZ,景嘉微,20210730,,Y
801080.SI,电子,801082.SI,其他电子Ⅱ,850841.SI,其他电子Ⅲ,300475.SZ,香农芯创,20220520,,Y
801080.SI,电子,801083.SI,元件,850822.SI,印制电路板,300476.SZ,胜宏科技,20150115,,Y
801730.SI,电力设备,801737.SI,电池,857372.SI,电池化学品,300477.SZ,合纵科技,20230704,,Y
801030.SI,基础化工,801036.SI,塑料,850353.SI,改性塑料,300478.SZ,杭州高新,20210730,,Y
801750.SI,计算机,801101.SI,计算机设备,850703.SI,其他计算机设备,300479.SZ,神思电子,20150115,,Y
801890.SI,机械设备,801074.SI,专用设备,850725.SI,能源及重型设备,300480.SZ,光力科技,20150119,,Y
801080.SI,电子,801086.SI,电子化学品Ⅱ,850861.SI,电子化学品Ⅲ,300481.SZ,濮阳惠成,20210730,,Y
801150.SI,医药生物,801153.SI,医疗器械,851534.SI,体外诊断,300482.SZ,万孚生物,20150116,,Y
801160.SI,公用事业,801163.SI,燃气Ⅱ,851631.SI,燃气Ⅲ,300483.SZ,首华燃气,20210730,,Y
801890.SI,机械设备,801078.SI,自动化设备,850782.SI,工控设备,300484.SZ,蓝海华腾,20160322,,Y
801150.SI,医药生物,801152.SI,生物制品,851524.SI,其他生物制品,300485.SZ,赛升药业,20170629,,Y
801890.SI,机械设备,801078.SI,自动化设备,850784.SI,其他自动化设备,300486.SZ,东杰智能,20210730,,Y
801030.SI,基础化工,801036.SI,塑料,850354.SI,合成树脂,300487.SZ,蓝晓科技,20210730,,Y
801890.SI,机械设备,801072.SI,通用设备,850751.SI,金属制品,300488.SZ,恒锋工具,20150618,,Y
801080.SI,电子,801084.SI,光学光电子,850833.SI,光学元件,300489.SZ,光智科技,20240603,,Y
801730.SI,电力设备,801737.SI,电池,857373.SI,锂电专用设备,300490.SZ,华自科技,20230704,,Y
801730.SI,电力设备,801733.SI,其他电源设备Ⅱ,857336.SI,其他电源设备Ⅲ,300491.SZ,通合科技,20151231,,Y
801720.SI,建筑装饰,801726.SI,工程咨询服务Ⅱ,857261.SI,工程咨询服务Ⅲ,300492.SZ,华图山鼎,20210730,,Y
801080.SI,电子,801082.SI,其他电子Ⅱ,850841.SI,其他电子Ⅲ,300493.SZ,润欣科技,20151210,,Y
801760.SI,传媒,801764.SI,游戏Ⅱ,857641.SI,游戏Ⅲ,300494.SZ,盛天网络,20151231,,Y
801720.SI,建筑装饰,801723.SI,基础建设,857251.SI,园林工程,300495.SZ,*ST美尚,20210730,,Y
801750.SI,计算机,801103.SI,IT服务Ⅱ,852226.SI,IT服务Ⅲ,300496.SZ,中科创达,20210730,,Y
801150.SI,医药生物,801151.SI,化学制药,851511.SI,原料药,300497.SZ,富祥药业,20151222,,Y
801010.SI,农林牧渔,801017.SI,养殖业,850172.SI,生猪养殖,300498.SZ,温氏股份,20151102,,Y
801890.SI,机械设备,801074.SI,专用设备,850727.SI,其他专用设备,300499.SZ,高澜股份,20160202,,Y
801720.SI,建筑装饰,801726.SI,工程咨询服务Ⅱ,857261.SI,工程咨询服务Ⅲ,300500.SZ,启迪设计,20210730,,Y
801140.SI,轻工制造,801141.SI,包装印刷,851426.SI,综合包装,300501.SZ,海顺新材,20160204,,Y
801770.SI,通信,801102.SI,通信设备,851024.SI,通信网络设备及器件,300502.SZ,新易盛,20180713,,Y
801890.SI,机械设备,801072.SI,通用设备,850716.SI,其他通用设备,300503.SZ,昊志机电,20160304,,Y
801770.SI,通信,801102.SI,通信设备,851026.SI,通信终端及配件,300504.SZ,天邑股份,20180330,,Y
801030.SI,基础化工,801038.SI,农化制品,850332.SI,磷肥及磷化工,300505.SZ,川金诺,20160315,,Y
801720.SI,建筑装饰,801722.SI,装修装饰Ⅱ,857221.SI,装修装饰Ⅲ,300506.SZ,*ST名家,20160324,,Y
801880.SI,汽车,801093.SI,汽车零部件,850923.SI,底盘与发动机系统,300507.SZ,苏奥传感,20160418,,Y
801750.SI,计算机,801101.SI,计算机设备,850703.SI,其他计算机设备,300508.SZ,维宏股份,20210730,,Y
801890.SI,机械设备,801074.SI,专用设备,850726.SI,印刷包装机械,300509.SZ,新美星,20160418,,Y
801730.SI,电力设备,801738.SI,电网设备,857321.SI,电网自动化设备,300510.SZ,金冠股份,20160425,,Y
801010.SI,农林牧渔,801016.SI,种植业,850114.SI,食用菌,300511.SZ,雪榕生物,20210730,,Y
801890.SI,机械设备,801074.SI,专用设备,850726.SI,印刷包装机械,300512.SZ,中亚股份,20160509,,Y
801770.SI,通信,801223.SI,通信服务,852213.SI,通信工程及服务,300513.SZ,恒实科技,20190724,,Y
801730.SI,电力设备,801738.SI,电网设备,857323.SI,电工仪器仪表,300514.SZ,友讯达,20210730,,Y
801890.SI,机械设备,801072.SI,通用设备,850731.SI,仪器仪表,300515.SZ,三德科技,20210730,,Y
801080.SI,电子,801082.SI,其他电子Ⅱ,850841.SI,其他电子Ⅲ,300516.SZ,久之洋,20160525,,Y
801720.SI,建筑装饰,801724.SI,专业工程,857241.SI,钢结构,300517.SZ,海波重科,20160624,,Y
801200.SI,商贸零售,801206.SI,互联网电商,852063.SI,电商服务,300518.SZ,新迅达,20220729,,Y
801150.SI,医药生物,801155.SI,中药Ⅱ,851521.SI,中药Ⅲ,300519.SZ,新光药业,20160624,,Y
801750.SI,计算机,801104.SI,软件开发,851041.SI,垂直应用软件,300520.SZ,科大国创,20160624,,Y
801890.SI,机械设备,801074.SI,专用设备,850726.SI,印刷包装机械,300521.SZ,爱司凯,20160624,,Y
801030.SI,基础化工,801034.SI,化学制品,850335.SI,涂料油墨,300522.SZ,世名科技,20180713,,Y
801750.SI,计算机,801103.SI,IT服务Ⅱ,852226.SI,IT服务Ⅲ,300523.SZ,辰安科技,20210730,,Y
801750.SI,计算机,801104.SI,软件开发,851041.SI,垂直应用软件,300525.SZ,博思软件,20160718,,Y
801130.SI,纺织服饰,801132.SI,服装家纺,851325.SI,鞋帽及其他,300526.SZ,中潜退(退市),20160718,,Y
801740.SI,国防军工,801743.SI,地面兵装Ⅱ,857431.SI,地面兵装Ⅲ,300527.SZ,中船应急,20180713,,Y
801760.SI,传媒,801766.SI,影视院线,857662.SI,院线,300528.SZ,幸福蓝海,20160804,,Y
801150.SI,医药生物,801153.SI,医疗器械,851533.SI,医疗耗材,300529.SZ,健帆生物,20160718,,Y
801030.SI,基础化工,801034.SI,化学制品,850339.SI,其他化学制品,300530.SZ,领湃科技,20160804,,Y
801750.SI,计算机,801101.SI,计算机设备,850703.SI,其他计算机设备,300531.SZ,优博讯,20160804,,Y
801750.SI,计算机,801103.SI,IT服务Ⅱ,852226.SI,IT服务Ⅲ,300532.SZ,今天国际,20210730,,Y
801760.SI,传媒,801764.SI,游戏Ⅱ,857641.SI,游戏Ⅲ,300533.SZ,冰川网络,20160804,,Y
801150.SI,医药生物,801155.SI,中药Ⅱ,851521.SI,中药Ⅲ,300534.SZ,陇神戎发,20160907,,Y
801030.SI,基础化工,801034.SI,化学制品,850339.SI,其他化学制品,300535.SZ,达威股份,20210730,,Y
801720.SI,建筑装饰,801723.SI,基础建设,857251.SI,园林工程,300536.SZ,*ST农尚,20210730,,Y
801080.SI,电子,801086.SI,电子化学品Ⅱ,850861.SI,电子化学品Ⅲ,300537.SZ,广信材料,20210730,,Y
801030.SI,基础化工,801036.SI,塑料,850353.SI,改性塑料,300538.SZ,同益股份,20160823,,Y
801030.SI,基础化工,801036.SI,塑料,850351.SI,其他塑料制品,300539.SZ,横河精密,20170629,,Y
801890.SI,机械设备,801074.SI,专用设备,850727.SI,其他专用设备,300540.SZ,蜀道装备,20170629,,Y
801750.SI,计算机,801103.SI,IT服务Ⅱ,852226.SI,IT服务Ⅲ,300541.SZ,先进数通,20210730,,Y
801750.SI,计算机,801104.SI,软件开发,851041.SI,垂直应用软件,300542.SZ,新晨科技,20160907,,Y
801080.SI,电子,801085.SI,消费电子,850854.SI,消费电子零部件及组装,300543.SZ,朗科智能,20160907,,Y
801080.SI,电子,801084.SI,光学光电子,850831.SI,面板,300545.SZ,联得装备,20160928,,Y
801750.SI,计算机,801101.SI,计算机设备,850703.SI,其他计算机设备,300546.SZ,雄帝科技,20160928,,Y
801880.SI,汽车,801093.SI,汽车零部件,850923.SI,底盘与发动机系统,300547.SZ,川环科技,20170629,,Y
801770.SI,通信,801102.SI,通信设备,851024.SI,通信网络设备及器件,300548.SZ,博创科技,20161012,,Y
801890.SI,机械设备,801074.SI,专用设备,850727.SI,其他专用设备,300549.SZ,优德精密,20170629,,Y
801750.SI,计算机,801104.SI,软件开发,851041.SI,垂直应用软件,300550.SZ,和仁科技,20161017,,Y
801750.SI,计算机,801101.SI,计算机设备,850703.SI,其他计算机设备,300551.SZ,古鳌科技,20210518,,Y
801750.SI,计算机,801101.SI,计算机设备,850703.SI,其他计算机设备,300552.SZ,万集科技,20161017,,Y
801890.SI,机械设备,801072.SI,通用设备,850731.SI,仪器仪表,300553.SZ,集智股份,20210730,,Y
801890.SI,机械设备,801072.SI,通用设备,850713.SI,磨具磨料,300554.SZ,三超新材,20170419,,Y
801770.SI,通信,801102.SI,通信设备,851026.SI,通信终端及配件,300555.SZ,ST路通,20161017,,Y
801750.SI,计算机,801104.SI,软件开发,851041.SI,垂直应用软件,300556.SZ,丝路视觉,20161028,,Y
801890.SI,机械设备,801072.SI,通用设备,850731.SI,仪器仪表,300557.SZ,理工光科,20210730,,Y
801150.SI,医药生物,801151.SI,化学制药,851512.SI,化学制剂,300558.SZ,贝达药业,20161028,,Y
801750.SI,计算机,801104.SI,软件开发,851041.SI,垂直应用软件,300559.SZ,佳发教育,20161028,,Y
801770.SI,通信,801223.SI,通信服务,852213.SI,通信工程及服务,300560.SZ,中富通,20161028,,Y
801750.SI,计算机,801104.SI,软件开发,851041.SI,垂直应用软件,300561.SZ,汇金科技,20161107,,Y
801150.SI,医药生物,801153.SI,医疗器械,851532.SI,医疗设备,300562.SZ,乐心医疗,20161107,,Y
801770.SI,通信,801102.SI,通信设备,851025.SI,通信线缆及配套,300563.SZ,神宇股份,20161107,,Y
801720.SI,建筑装饰,801726.SI,工程咨询服务Ⅱ,857261.SI,工程咨询服务Ⅲ,300564.SZ,筑博设计,20210730,,Y
801770.SI,通信,801102.SI,通信设备,851024.SI,通信网络设备及器件,300565.SZ,科信技术,20161107,,Y
801080.SI,电子,801084.SI,光学光电子,850833.SI,光学元件,300566.SZ,激智科技,20170629,,Y
801890.SI,机械设备,801072.SI,通用设备,850731.SI,仪器仪表,300567.SZ,精测电子,20210730,,Y
801730.SI,电力设备,801737.SI,电池,857372.SI,电池化学品,300568.SZ,星源材质,20210730,,Y
801730.SI,电力设备,801736.SI,风电设备,857362.SI,风电零部件,300569.SZ,天能重工,20161125,,Y
801770.SI,通信,801102.SI,通信设备,851024.SI,通信网络设备及器件,300570.SZ,太辰光,20161201,,Y
801770.SI,通信,801223.SI,通信服务,852214.SI,通信应用增值服务,300571.SZ,平治信息,20161201,,Y
801210.SI,社会服务,801218.SI,专业服务,852182.SI,检测服务,300572.SZ,安车检测,20210730,,Y
801150.SI,医药生物,801151.SI,化学制药,851512.SI,化学制剂,300573.SZ,兴齐眼药,20161201,,Y
801030.SI,基础化工,801038.SI,农化制品,850333.SI,农药,300575.SZ,中旗股份,20210730,,Y
801080.SI,电子,801086.SI,电子化学品Ⅱ,850861.SI,电子化学品Ⅲ,300576.SZ,容大感光,20210730,,Y
801130.SI,纺织服饰,801132.SI,服装家纺,851325.SI,鞋帽及其他,300577.SZ,开润股份,20210730,,Y
801770.SI,通信,801223.SI,通信服务,852214.SI,通信应用增值服务,300578.SZ,会畅通讯,20170116,,Y
801750.SI,计算机,801104.SI,软件开发,851041.SI,垂直应用软件,300579.SZ,数字认证,20161212,,Y
801880.SI,汽车,801093.SI,汽车零部件,850923.SI,底盘与发动机系统,300580.SZ,贝斯特,20161212,,Y
801740.SI,国防军工,801742.SI,航空装备Ⅱ,857421.SI,航空装备Ⅲ,300581.SZ,晨曦航空,20170629,,Y
801080.SI,电子,801084.SI,光学光电子,850832.SI,LED,300582.SZ,英飞特,20161212,,Y
801150.SI,医药生物,801151.SI,化学制药,851511.SI,原料药,300583.SZ,赛托生物,20161226,,Y
801150.SI,医药生物,801151.SI,化学制药,851512.SI,化学制剂,300584.SZ,海辰药业,20170105,,Y
801880.SI,汽车,801093.SI,汽车零部件,850923.SI,底盘与发动机系统,300585.SZ,奥联电子,20161219,,Y
801030.SI,基础化工,801036.SI,塑料,850353.SI,改性塑料,300586.SZ,美联新材,20210730,,Y
801030.SI,基础化工,801037.SI,橡胶,850362.SI,其他橡胶制品,300587.SZ,天铁股份,20161219,,Y
801750.SI,计算机,801101.SI,计算机设备,850702.SI,安防设备,300588.SZ,熙菱信息,20161219,,Y
801740.SI,国防军工,801744.SI,航海装备Ⅱ,850935.SI,航海装备Ⅲ,300589.SZ,江龙船艇,20170105,,Y
801770.SI,通信,801102.SI,通信设备,851026.SI,通信终端及配件,300590.SZ,移为通信,20170105,,Y
801130.SI,纺织服饰,801132.SI,服装家纺,851325.SI,鞋帽及其他,300591.SZ,万里马,20161226,,Y
801200.SI,商贸零售,801206.SI,互联网电商,852062.SI,跨境电商,300592.SZ,华凯易佰,20220708,,Y
801730.SI,电力设备,801733.SI,其他电源设备Ⅱ,857336.SI,其他电源设备Ⅲ,300593.SZ,新雷能,20161226,,Y
801890.SI,机械设备,801076.SI,轨交设备Ⅱ,850936.SI,轨交设备Ⅲ,300594.SZ,朗进科技,20190606,,Y
801150.SI,医药生物,801153.SI,医疗器械,851533.SI,医疗耗材,300595.SZ,欧普康视,20170116,,Y
801030.SI,基础化工,801034.SI,化学制品,850339.SI,其他化学制品,300596.SZ,利安隆,20220729,,Y
801770.SI,通信,801223.SI,通信服务,852213.SI,通信工程及服务,300597.SZ,吉大通信,20170116,,Y
801750.SI,计算机,801104.SI,软件开发,851041.SI,垂直应用软件,300598.SZ,诚迈科技,20170116,,Y
801710.SI,建筑材料,801713.SI,装修建材,850616.SI,管材,300599.SZ,雄塑科技,20170116,,Y
801740.SI,国防军工,801744.SI,航海装备Ⅱ,850935.SI,航海装备Ⅲ,300600.SZ,ST瑞科,20170116,,Y
801150.SI,医药生物,801152.SI,生物制品,851523.SI,疫苗,300601.SZ,康泰生物,20170116,,Y
801080.SI,电子,801085.SI,消费电子,850854.SI,消费电子零部件及组装,300602.SZ,飞荣达,20170116,,Y
801770.SI,通信,801223.SI,通信服务,852213.SI,通信工程及服务,300603.SZ,立昂技术,20220729,,Y
801080.SI,电子,801081.SI,半导体,850818.SI,半导体设备,300604.SZ,长川科技,20210730,,Y
801750.SI,计算机,801104.SI,软件开发,851041.SI,垂直应用软件,300605.SZ,恒锋信息,20170116,,Y
801890.SI,机械设备,801072.SI,通用设备,850713.SI,磨具磨料,300606.SZ,金太阳,20170116,,Y
801890.SI,机械设备,801078.SI,自动化设备,850781.SI,机器人,300607.SZ,拓斯达,20210730,,Y
801750.SI,计算机,801104.SI,软件开发,851041.SI,垂直应用软件,300608.SZ,思特奇,20170124,,Y
801750.SI,计算机,801103.SI,IT服务Ⅱ,852226.SI,IT服务Ⅲ,300609.SZ,汇纳科技,20210730,,Y
801030.SI,基础化工,801034.SI,化学制品,850339.SI,其他化学制品,300610.SZ,晨化股份,20220729,,Y
801880.SI,汽车,801093.SI,汽车零部件,850923.SI,底盘与发动机系统,300611.SZ,美力科技,20170208,,Y
801760.SI,传媒,801765.SI,广告营销,857651.SI,营销代理,300612.SZ,宣亚国际,20170208,,Y
801080.SI,电子,801081.SI,半导体,850814.SI,数字芯片设计,300613.SZ,富瀚微,20170208,,Y
801970.SI,环保,801971.SI,环境治理,859713.SI,固废治理,300614.SZ,百川畅银,20210510,,Y
801770.SI,通信,801102.SI,通信设备,851026.SI,通信终端及配件,300615.SZ,欣天科技,20170208,,Y
801140.SI,轻工制造,801142.SI,家居用品,851438.SI,定制家居,300616.SZ,尚品宅配,20170214,,Y
801730.SI,电力设备,801738.SI,电网设备,857344.SI,线缆部件及其他,300617.SZ,安靠智电,20170214,,Y
801050.SI,有色金属,801056.SI,能源金属,850561.SI,钴,300618.SZ,寒锐钴业,20210730,,Y
801730.SI,电力设备,801737.SI,电池,857373.SI,锂电专用设备,300619.SZ,金银河,20210730,,Y
801770.SI,通信,801102.SI,通信设备,851024.SI,通信网络设备及器件,300620.SZ,光库科技,20170224,,Y
801720.SI,建筑装饰,801722.SI,装修装饰Ⅱ,857221.SI,装修装饰Ⅲ,300621.SZ,维业股份,20170224,,Y
801200.SI,商贸零售,801204.SI,专业连锁Ⅱ,852041.SI,专业连锁Ⅲ,300622.SZ,博士眼镜,20170224,,Y
801080.SI,电子,801081.SI,半导体,850812.SI,分立器件,300623.SZ,捷捷微电,20170224,,Y
801750.SI,计算机,801104.SI,软件开发,851042.SI,横向通用软件,300624.SZ,万兴科技,20180108,,Y
801110.SI,家用电器,801115.SI,照明设备Ⅱ,851151.SI,照明设备Ⅲ,300625.SZ,三雄极光,20210730,,Y
801730.SI,电力设备,801731.SI,电机Ⅱ,850741.SI,电机Ⅲ,300626.SZ,华瑞股份,20170310,,Y
801770.SI,通信,801102.SI,通信设备,851026.SI,通信终端及配件,300627.SZ,华测导航,20211203,,Y
801770.SI,通信,801102.SI,通信设备,851026.SI,通信终端及配件,300628.SZ,亿联网络,20170310,,Y
801740.SI,国防军工,801745.SI,军工电子Ⅱ,857451.SI,军工电子Ⅲ,300629.SZ,新劲刚,20220729,,Y
801150.SI,医药生物,801151.SI,化学制药,851512.SI,化学制剂,300630.SZ,普利制药,20170310,,Y
801970.SI,环保,801972.SI,环保设备Ⅱ,859721.SI,环保设备Ⅲ,300631.SZ,久吾高科,20170310,,Y
801080.SI,电子,801084.SI,光学光电子,850832.SI,LED,300632.SZ,光莆股份,20170320,,Y
801150.SI,医药生物,801153.SI,医疗器械,851532.SI,医疗设备,300633.SZ,开立医疗,20170320,,Y
801750.SI,计算机,801103.SI,IT服务Ⅱ,852226.SI,IT服务Ⅲ,300634.SZ,彩讯股份,20210730,,Y
801720.SI,建筑装饰,801726.SI,工程咨询服务Ⅱ,857261.SI,工程咨询服务Ⅲ,300635.SZ,中达安,20210730,,Y
801150.SI,医药生物,801151.SI,化学制药,851511.SI,原料药,300636.SZ,同和药业,20170320,,Y
801030.SI,基础化工,801034.SI,化学制品,850339.SI,其他化学制品,300637.SZ,扬帆新材,20220729,,Y
801770.SI,通信,801102.SI,通信设备,851026.SI,通信终端及配件,300638.SZ,广和通,20170330,,Y
801150.SI,医药生物,801153.SI,医疗器械,851534.SI,体外诊断,300639.SZ,凯普生物,20170330,,Y
801140.SI,轻工制造,801142.SI,家居用品,851491.SI,其他家居用品,300640.SZ,德艺文创,20170405,,Y
801030.SI,基础化工,801034.SI,化学制品,850339.SI,其他化学制品,300641.SZ,正丹股份,20170330,,Y
801150.SI,医药生物,801153.SI,医疗器械,851534.SI,体外诊断,300642.SZ,透景生命,20170419,,Y
801880.SI,汽车,801093.SI,汽车零部件,850925.SI,其他汽车零部件,300643.SZ,万通智控,20170419,,Y
801030.SI,基础化工,801036.SI,塑料,850353.SI,改性塑料,300644.SZ,南京聚隆,20180129,,Y
801750.SI,计算机,801101.SI,计算机设备,850703.SI,其他计算机设备,300645.SZ,正元智慧,20210730,,Y
801080.SI,电子,801085.SI,消费电子,850854.SI,消费电子零部件及组装,300647.SZ,超频三,20170419,,Y
801730.SI,电力设备,801737.SI,电池,857373.SI,锂电专用设备,300648.SZ,星云股份,20210730,,Y
801720.SI,建筑装饰,801723.SI,基础建设,857251.SI,园林工程,300649.SZ,杭州园林,20210730,,Y
801080.SI,电子,801082.SI,其他电子Ⅱ,850841.SI,其他电子Ⅲ,300650.SZ,太龙股份,20220729,,Y
801140.SI,轻工制造,801145.SI,文娱用品,851452.SI,娱乐用品,300651.SZ,金陵体育,20230704,,Y
801880.SI,汽车,801093.SI,汽车零部件,850924.SI,轮胎轮毂,300652.SZ,雷迪克,20170504,,Y
801150.SI,医药生物,801153.SI,医疗器械,851533.SI,医疗耗材,300653.SZ,正海生物,20170504,,Y
801760.SI,传媒,801769.SI,出版,857691.SI,教育出版,300654.SZ,世纪天鸿,20170907,,Y
801080.SI,电子,801086.SI,电子化学品Ⅱ,850861.SI,电子化学品Ⅲ,300655.SZ,晶瑞电材,20210730,,Y
801080.SI,电子,801082.SI,其他电子Ⅱ,850841.SI,其他电子Ⅲ,300656.SZ,民德电子,20170511,,Y
801080.SI,电子,801083.SI,元件,850822.SI,印制电路板,300657.SZ,弘信电子,20170504,,Y
801980.SI,美容护理,801981.SI,个护用品,859811.SI,生活用纸,300658.SZ,延江股份,20210730,,Y
801750.SI,计算机,801101.SI,计算机设备,850703.SI,其他计算机设备,300659.SZ,中孚信息,20170511,,Y
801730.SI,电力设备,801731.SI,电机Ⅱ,850741.SI,电机Ⅲ,300660.SZ,江苏雷利,20170522,,Y
801080.SI,电子,801081.SI,半导体,850815.SI,模拟芯片设计,300661.SZ,圣邦股份,20170522,,Y
801210.SI,社会服务,801218.SI,专业服务,852181.SI,人力资源服务,300662.SZ,科锐国际,20170522,,Y
801750.SI,计算机,801104.SI,软件开发,851041.SI,垂直应用软件,300663.SZ,科蓝软件,20170522,,Y
801970.SI,环保,801971.SI,环境治理,859712.SI,水务及水治理,300664.SZ,鹏鹞环保,20171220,,Y
801030.SI,基础化工,801034.SI,化学制品,850335.SI,涂料油墨,300665.SZ,飞鹿股份,20170605,,Y
801080.SI,电子,801081.SI,半导体,850813.SI,半导体材料,300666.SZ,江丰电子,20190724,,Y
801890.SI,机械设备,801072.SI,通用设备,850731.SI,仪器仪表,300667.SZ,必创科技,20210730,,Y
801720.SI,建筑装饰,801726.SI,工程咨询服务Ⅱ,857261.SI,工程咨询服务Ⅲ,300668.SZ,杰恩设计,20210730,,Y
801890.SI,机械设备,801074.SI,专用设备,850728.SI,楼宇设备,300669.SZ,沪宁股份,20170615,,Y
801730.SI,电力设备,801738.SI,电网设备,857382.SI,配电设备,300670.SZ,大烨智能,20170615,,Y
801080.SI,电子,801081.SI,半导体,850815.SI,模拟芯片设计,300671.SZ,富满微,20170615,,Y
801080.SI,电子,801081.SI,半导体,850814.SI,数字芯片设计,300672.SZ,国科微,20170628,,Y
801010.SI,农林牧渔,801014.SI,饲料,850144.SI,宠物食品,300673.SZ,佩蒂股份,20170711,,Y
801750.SI,计算机,801103.SI,IT服务Ⅱ,852226.SI,IT服务Ⅲ,300674.SZ,宇信科技,20210730,,Y
801720.SI,建筑装饰,801726.SI,工程咨询服务Ⅱ,857261.SI,工程咨询服务Ⅲ,300675.SZ,建科院,20210730,,Y
801150.SI,医药生物,801156.SI,医疗服务,851562.SI,诊断服务,300676.SZ,华大基因,20220729,,Y
801150.SI,医药生物,801153.SI,医疗器械,851533.SI,医疗耗材,300677.SZ,英科医疗,20170712,,Y
801750.SI,计算机,801103.SI,IT服务Ⅱ,852226.SI,IT服务Ⅲ,300678.SZ,中科信息,20210730,,Y
801080.SI,电子,801085.SI,消费电子,850854.SI,消费电子零部件及组装,300679.SZ,电连技术,20170726,,Y
801880.SI,汽车,801093.SI,汽车零部件,850923.SI,底盘与发动机系统,300680.SZ,隆盛科技,20170725,,Y
801880.SI,汽车,801093.SI,汽车零部件,850926.SI,汽车电子电气系统,300681.SZ,英搏尔,20170725,,Y
801750.SI,计算机,801103.SI,IT服务Ⅱ,852226.SI,IT服务Ⅲ,300682.SZ,朗新集团,20210730,,Y
801150.SI,医药生物,801152.SI,生物制品,851524.SI,其他生物制品,300683.SZ,海特生物,20170726,,Y
801080.SI,电子,801086.SI,电子化学品Ⅱ,850861.SI,电子化学品Ⅲ,300684.SZ,中石科技,20220729,,Y
801150.SI,医药生物,801153.SI,医疗器械,851534.SI,体外诊断,300685.SZ,艾德生物,20170726,,Y
801080.SI,电子,801085.SI,消费电子,850854.SI,消费电子零部件及组装,300686.SZ,智动力,20170726,,Y
801750.SI,计算机,801103.SI,IT服务Ⅱ,852226.SI,IT服务Ⅲ,300687.SZ,赛意信息,20210730,,Y
801210.SI,社会服务,801994.SI,教育,859852.SI,培训教育,300688.SZ,创业黑马,20210730,,Y
801770.SI,通信,801102.SI,通信设备,851026.SI,通信终端及配件,300689.SZ,澄天伟业,20170807,,Y
801730.SI,电力设备,801736.SI,风电设备,857362.SI,风电零部件,300690.SZ,双一科技,20210730,,Y
801750.SI,计算机,801101.SI,计算机设备,850702.SI,安防设备,300691.SZ,联合光电,20210730,,Y
801970.SI,环保,801971.SI,环境治理,859712.SI,水务及水治理,300692.SZ,中环环保,20170807,,Y
801730.SI,电力设备,801733.SI,其他电源设备Ⅱ,857336.SI,其他电源设备Ⅲ,300693.SZ,盛弘股份,20170807,,Y
801880.SI,汽车,801093.SI,汽车零部件,850923.SI,底盘与发动机系统,300694.SZ,蠡湖股份,20181012,,Y
801880.SI,汽车,801093.SI,汽车零部件,850924.SI,轮胎轮毂,300695.SZ,兆丰股份,20170815,,Y
801740.SI,国防军工,801742.SI,航空装备Ⅱ,857421.SI,航空装备Ⅲ,300696.SZ,爱乐达,20170815,,Y
801050.SI,有色金属,801055.SI,工业金属,850552.SI,铜,300697.SZ,电工合金,20170828,,Y
801770.SI,通信,801102.SI,通信设备,851024.SI,通信网络设备及器件,300698.SZ,万马科技,20170815,,Y
801740.SI,国防军工,801742.SI,航空装备Ⅱ,857421.SI,航空装备Ⅲ,300699.SZ,光威复材,20210730,,Y
801890.SI,机械设备,801072.SI,通用设备,850713.SI,磨具磨料,300700.SZ,岱勒新材,20170828,,Y
801080.SI,电子,801084.SI,光学光电子,850833.SI,光学元件,300701.SZ,森霸传感,20170907,,Y
801150.SI,医药生物,801151.SI,化学制药,851511.SI,原料药,300702.SZ,天宇股份,20210730,,Y
801140.SI,轻工制造,801145.SI,文娱用品,851451.SI,文化用品,300703.SZ,创源股份,20170907,,Y
801150.SI,医药生物,801151.SI,化学制药,851512.SI,化学制剂,300705.SZ,九典制药,20170921,,Y
801080.SI,电子,801081.SI,半导体,850813.SI,半导体材料,300706.SZ,阿石创,20190724,,Y
801880.SI,汽车,801093.SI,汽车零部件,850925.SI,其他汽车零部件,300707.SZ,威唐工业,20170925,,Y
801080.SI,电子,801084.SI,光学光电子,850832.SI,LED,300708.SZ,聚灿光电,20170925,,Y
801080.SI,电子,801085.SI,消费电子,850854.SI,消费电子零部件及组装,300709.SZ,精研科技,20170925,,Y
801770.SI,通信,801102.SI,通信设备,851024.SI,通信网络设备及器件,300710.SZ,万隆光电,20171010,,Y
801770.SI,通信,801102.SI,通信设备,851027.SI,其他通信设备,300711.SZ,广哈通信,20171030,,Y
801720.SI,建筑装饰,801724.SI,专业工程,857244.SI,其他专业工程,300712.SZ,永福股份,20171030,,Y
801730.SI,电力设备,801733.SI,其他电源设备Ⅱ,857336.SI,其他电源设备Ⅲ,300713.SZ,英可瑞,20171030,,Y
801710.SI,建筑材料,801713.SI,装修建材,850617.SI,防水材料,300715.SZ,凯伦股份,20210730,,Y
801030.SI,基础化工,801036.SI,塑料,850353.SI,改性塑料,300716.SZ,泉为科技,20171030,,Y
801030.SI,基础化工,801036.SI,塑料,850351.SI,其他塑料制品,300717.SZ,华信新材,20171106,,Y
801890.SI,机械设备,801077.SI,工程机械,850772.SI,工程机械器件,300718.SZ,长盛轴承,20171030,,Y
801740.SI,国防军工,801742.SI,航空装备Ⅱ,857421.SI,航空装备Ⅲ,300719.SZ,安达维尔,20171030,,Y
801890.SI,机械设备,801072.SI,通用设备,850731.SI,仪器仪表,300720.SZ,海川智能,20210730,,Y
801030.SI,基础化工,801034.SI,化学制品,850339.SI,其他化学制品,300721.SZ,怡达股份,20171108,,Y
801740.SI,国防军工,801741.SI,航天装备Ⅱ,857411.SI,航天装备Ⅲ,300722.SZ,新余国科,20171108,,Y
801150.SI,医药生物,801151.SI,化学制药,851512.SI,化学制剂,300723.SZ,一品红,20171108,,Y
801730.SI,电力设备,801735.SI,光伏设备,857355.SI,光伏加工设备,300724.SZ,捷佳伟创,20210730,,Y
801150.SI,医药生物,801156.SI,医疗服务,851563.SI,医疗研发外包,300725.SZ,药石科技,20210730,,Y
801740.SI,国防军工,801745.SI,军工电子Ⅱ,857451.SI,军工电子Ⅲ,300726.SZ,宏达电子,20210730,,Y
801030.SI,基础化工,801034.SI,化学制品,850136.SI,有机硅,300727.SZ,润禾材料,20210730,,Y
801140.SI,轻工制造,801142.SI,家居用品,851491.SI,其他家居用品,300729.SZ,乐歌股份,20171121,,Y
801750.SI,计算机,801104.SI,软件开发,851041.SI,垂直应用软件,300730.SZ,科创信息,20171121,,Y
801030.SI,基础化工,801037.SI,橡胶,850362.SI,其他橡胶制品,300731.SZ,科创新源,20190724,,Y
801720.SI,建筑装饰,801726.SI,工程咨询服务Ⅱ,857261.SI,工程咨询服务Ⅲ,300732.SZ,设研院,20171208,,Y
801880.SI,汽车,801093.SI,汽车零部件,850923.SI,底盘与发动机系统,300733.SZ,西菱动力,20171208,,Y
801080.SI,电子,801085.SI,消费电子,850854.SI,消费电子零部件及组装,300735.SZ,光弘科技,20171220,,Y
801080.SI,电子,801082.SI,其他电子Ⅱ,850841.SI,其他电子Ⅲ,300736.SZ,百邦科技,20180108,,Y
801710.SI,建筑材料,801713.SI,装修建材,850617.SI,防水材料,300737.SZ,科顺股份,20210730,,Y
801770.SI,通信,801223.SI,通信服务,852214.SI,通信应用增值服务,300738.SZ,奥飞数据,20230704,,Y
801080.SI,电子,801083.SI,元件,850822.SI,印制电路板,300739.SZ,明阳电路,20180129,,Y
801980.SI,美容护理,801982.SI,化妆品,859822.SI,品牌化妆品,300740.SZ,水羊股份,20180129,,Y
801030.SI,基础化工,801034.SI,化学制品,850135.SI,食品及饲料添加剂,300741.SZ,华宝股份,20210730,,Y
801880.SI,汽车,801093.SI,汽车零部件,850923.SI,底盘与发动机系统,300742.SZ,越博退(退市),20180507,,Y
801750.SI,计算机,801101.SI,计算机设备,850703.SI,其他计算机设备,300743.SZ,天地数码,20210730,,Y
801880.SI,汽车,801093.SI,汽车零部件,850926.SI,汽车电子电气系统,300745.SZ,欣锐科技,20220729,,Y
801720.SI,建筑装饰,801726.SI,工程咨询服务Ⅱ,857261.SI,工程咨询服务Ⅲ,300746.SZ,汉嘉设计,20210730,,Y
801890.SI,机械设备,801078.SI,自动化设备,850783.SI,激光设备,300747.SZ,锐科激光,20210730,,Y
801050.SI,有色金属,801051.SI,金属新材料,850522.SI,磁性材料,300748.SZ,金力永磁,20180918,,Y
801140.SI,轻工制造,801142.SI,家居用品,851438.SI,定制家居,300749.SZ,顶固集创,20180918,,Y
801730.SI,电力设备,801737.SI,电池,857371.SI,锂电池,300750.SZ,宁德时代,20180528,,Y
801730.SI,电力设备,801735.SI,光伏设备,857355.SI,光伏加工设备,300751.SZ,迈为股份,20210730,,Y
801080.SI,电子,801084.SI,光学光电子,850832.SI,LED,300752.SZ,隆利科技,20181128,,Y
801150.SI,医药生物,801153.SI,医疗器械,851532.SI,医疗设备,300753.SZ,爱朋医疗,20181128,,Y
801200.SI,商贸零售,801204.SI,专业连锁Ⅱ,852041.SI,专业连锁Ⅲ,300755.SZ,华致酒行,20181221,,Y
801890.SI,机械设备,801074.SI,专用设备,850727.SI,其他专用设备,300756.SZ,金马游乐,20220729,,Y
801890.SI,机械设备,801078.SI,自动化设备,850784.SI,其他自动化设备,300757.SZ,罗博特科,20210730,,Y
801030.SI,基础化工,801034.SI,化学制品,850335.SI,涂料油墨,300758.SZ,七彩化学,20190124,,Y
801150.SI,医药生物,801156.SI,医疗服务,851563.SI,医疗研发外包,300759.SZ,康龙化成,20190124,,Y
801150.SI,医药生物,801153.SI,医疗器械,851532.SI,医疗设备,300760.SZ,迈瑞医疗,20180919,,Y
801010.SI,农林牧渔,801017.SI,养殖业,850173.SI,肉鸡养殖,300761.SZ,立华股份,20190218,,Y
801740.SI,国防军工,801745.SI,军工电子Ⅱ,857451.SI,军工电子Ⅲ,300762.SZ,上海瀚讯,20210730,,Y
801730.SI,电力设备,801735.SI,光伏设备,857353.SI,逆变器,300763.SZ,锦浪科技,20190318,,Y
801150.SI,医药生物,801151.SI,化学制药,851511.SI,原料药,300765.SZ,新诺威,20190306,,Y
801750.SI,计算机,801104.SI,软件开发,851042.SI,横向通用软件,300766.SZ,每日互动,20211224,,Y
801030.SI,基础化工,801037.SI,橡胶,850362.SI,其他橡胶制品,300767.SZ,震安科技,20190318,,Y
801750.SI,计算机,801104.SI,软件开发,851042.SI,横向通用软件,300768.SZ,迪普科技,20190326,,Y
801730.SI,电力设备,801737.SI,电池,857372.SI,电池化学品,300769.SZ,德方纳米,20210730,,Y
801760.SI,传媒,801995.SI,电视广播Ⅱ,859951.SI,电视广播Ⅲ,300770.SZ,新媒股份,20190404,,Y
801750.SI,计算机,801101.SI,计算机设备,850703.SI,其他计算机设备,300771.SZ,智莱科技,20190404,,Y
801730.SI,电力设备,801736.SI,风电设备,857361.SI,风电整机,300772.SZ,运达股份,20190415,,Y
801790.SI,非银金融,801191.SI,多元金融,851926.SI,金融信息服务,300773.SZ,拉卡拉,20210730,,Y
801970.SI,环保,801971.SI,环境治理,859712.SI,水务及水治理,300774.SZ,倍杰特,20210723,,Y
801740.SI,国防军工,801742.SI,航空装备Ⅱ,857421.SI,航空装备Ⅲ,300775.SZ,三角防务,20190506,,Y
801730.SI,电力设备,801735.SI,光伏设备,857355.SI,光伏加工设备,300776.SZ,帝尔激光,20210730,,Y
801740.SI,国防军工,801742.SI,航空装备Ⅱ,857421.SI,航空装备Ⅲ,300777.SZ,中简科技,20210730,,Y
801720.SI,建筑装饰,801726.SI,工程咨询服务Ⅱ,857261.SI,工程咨询服务Ⅲ,300778.SZ,新城市,20210730,,Y
801970.SI,环保,801971.SI,环境治理,859713.SI,固废治理,300779.SZ,惠城环保,20190506,,Y
801890.SI,机械设备,801072.SI,通用设备,850751.SI,金属制品,300780.SZ,德恩精工,20190520,,Y
801760.SI,传媒,801765.SI,广告营销,857651.SI,营销代理,300781.SZ,因赛集团,20190529,,Y
801080.SI,电子,801081.SI,半导体,850815.SI,模拟芯片设计,300782.SZ,卓胜微,20190529,,Y
801120.SI,食品饮料,801128.SI,休闲食品,851281.SI,零食,300783.SZ,三只松鼠,20210730,,Y
801080.SI,电子,801085.SI,消费电子,850854.SI,消费电子零部件及组装,300784.SZ,利安科技,20240531,,Y
801760.SI,传媒,801767.SI,数字媒体,857674.SI,门户网站,300785.SZ,值得买,20190708,,Y
801970.SI,环保,801972.SI,环保设备Ⅱ,859721.SI,环保设备Ⅲ,300786.SZ,国林科技,20190718,,Y
801080.SI,电子,801085.SI,消费电子,850854.SI,消费电子零部件及组装,300787.SZ,海能实业,20190731,,Y
801760.SI,传媒,801769.SI,出版,857692.SI,大众出版,300788.SZ,中信出版,20190618,,Y
801750.SI,计算机,801101.SI,计算机设备,850703.SI,其他计算机设备,300789.SZ,唐源电气,20190819,,Y
801750.SI,计算机,801101.SI,计算机设备,850702.SI,安防设备,300790.SZ,宇瞳光学,20210730,,Y
801120.SI,食品饮料,801124.SI,食品加工,851247.SI,保健品,300791.SZ,仙乐健康,20210730,,Y
801200.SI,商贸零售,801206.SI,互联网电商,852063.SI,电商服务,300792.SZ,壹网壹创,20190919,,Y
801080.SI,电子,801085.SI,消费电子,850854.SI,消费电子零部件及组装,300793.SZ,佳禾智能,20190927,,Y
801210.SI,社会服务,801218.SI,专业服务,852183.SI,会展服务,300795.SZ,米奥会展,20191010,,Y
801030.SI,基础化工,801038.SI,农化制品,850333.SI,农药,300796.SZ,贝斯美,20210730,,Y
801210.SI,社会服务,801218.SI,专业服务,852182.SI,检测服务,300797.SZ,钢研纳克,20220729,,Y
801030.SI,基础化工,801034.SI,化学制品,850338.SI,纺织化学制品,300798.SZ,锦鸡股份,20191021,,Y
801750.SI,计算机,801104.SI,软件开发,851042.SI,横向通用软件,300799.SZ,左江退(退市),20191018,,Y
801970.SI,环保,801972.SI,环保设备Ⅱ,859721.SI,环保设备Ⅲ,300800.SZ,力合科技,20191028,,Y
801030.SI,基础化工,801034.SI,化学制品,850339.SI,其他化学制品,300801.SZ,泰和科技,20191028,,Y
801890.SI,机械设备,801078.SI,自动化设备,850784.SI,其他自动化设备,300802.SZ,矩子科技,20210730,,Y
801750.SI,计算机,801104.SI,软件开发,851041.SI,垂直应用软件,300803.SZ,指南针,20191101,,Y
801030.SI,基础化工,801038.SI,农化制品,850333.SI,农药,300804.SZ,广康生化,20230609,,Y
801760.SI,传媒,801765.SI,广告营销,857651.SI,营销代理,300805.SZ,电声股份,20191111,,Y
801030.SI,基础化工,801036.SI,塑料,850355.SI,膜材料,300806.SZ,斯迪克,20210730,,Y
801750.SI,计算机,801101.SI,计算机设备,850703.SI,其他计算机设备,300807.SZ,天迈科技,20191205,,Y
801080.SI,电子,801084.SI,光学光电子,850832.SI,LED,300808.SZ,久量股份,20191114,,Y
801890.SI,机械设备,801072.SI,通用设备,850711.SI,机床工具,300809.SZ,华辰装备,20191120,,Y
801740.SI,国防军工,801744.SI,航海装备Ⅱ,850935.SI,航海装备Ⅲ,300810.SZ,中科海讯,20191129,,Y
801050.SI,有色金属,801051.SI,金属新材料,850522.SI,磁性材料,300811.SZ,铂科新材,20191223,,Y
801080.SI,电子,801085.SI,消费电子,850854.SI,消费电子零部件及组装,300812.SZ,易天股份,20220729,,Y
801890.SI,机械设备,801074.SI,专用设备,850727.SI,其他专用设备,300813.SZ,泰林生物,20200113,,Y
801080.SI,电子,801083.SI,元件,850822.SI,印制电路板,300814.SZ,中富电路,20210727,,Y
801970.SI,环保,801971.SI,环境治理,859713.SI,固废治理,300815.SZ,玉禾田,20200108,,Y
801880.SI,汽车,801093.SI,汽车零部件,850925.SI,其他汽车零部件,300816.SZ,艾可蓝,20200122,,Y
801890.SI,机械设备,801072.SI,通用设备,850751.SI,金属制品,300817.SZ,双飞集团,20200122,,Y
801890.SI,机械设备,801072.SI,通用设备,850713.SI,磨具磨料,300818.SZ,耐普矿机,20200204,,Y
801130.SI,纺织服饰,801131.SI,纺织制造,851316.SI,其他纺织,300819.SZ,聚杰微纤,20200204,,Y
801730.SI,电力设备,801733.SI,其他电源设备Ⅱ,857336.SI,其他电源设备Ⅲ,300820.SZ,英杰电气,20200204,,Y
801030.SI,基础化工,801034.SI,化学制品,850136.SI,有机硅,300821.SZ,东岳硅材,20210730,,Y
801080.SI,电子,801085.SI,消费电子,850854.SI,消费电子零部件及组装,300822.SZ,贝仕达克,20200309,,Y
801890.SI,机械设备,801074.SI,专用设备,850727.SI,其他专用设备,300823.SZ,建科智能,20200310,,Y
801110.SI,家用电器,801113.SI,小家电,851131.SI,厨房小家电,300824.SZ,北鼎股份,20200605,,Y
801880.SI,汽车,801092.SI,汽车服务,850233.SI,汽车综合服务,300825.SZ,阿尔特,20200316,,Y
801720.SI,建筑装饰,801726.SI,工程咨询服务Ⅱ,857261.SI,工程咨询服务Ⅲ,300826.SZ,测绘股份,20210730,,Y
801730.SI,电力设备,801735.SI,光伏设备,857353.SI,逆变器,300827.SZ,上能电气,20200402,,Y
801890.SI,机械设备,801072.SI,通用设备,850751.SI,金属制品,300828.SZ,锐新科技,20210730,,Y
801030.SI,基础化工,801034.SI,化学制品,850135.SI,食品及饲料添加剂,300829.SZ,金丹科技,20210730,,Y
801750.SI,计算机,801104.SI,软件开发,851041.SI,垂直应用软件,300830.SZ,金现代,20200416,,Y
801080.SI,电子,801081.SI,半导体,850812.SI,分立器件,300831.SZ,派瑞股份,20200416,,Y
801150.SI,医药生物,801153.SI,医疗器械,851534.SI,体外诊断,300832.SZ,新产业,20200427,,Y
801890.SI,机械设备,801074.SI,专用设备,850727.SI,其他专用设备,300833.SZ,浩洋股份,20200506,,Y
801030.SI,基础化工,801036.SI,塑料,850353.SI,改性塑料,300834.SZ,星辉环材,20220729,,Y
801050.SI,有色金属,801051.SI,金属新材料,850522.SI,磁性材料,300835.SZ,龙磁科技,20200518,,Y
801890.SI,机械设备,801074.SI,专用设备,850727.SI,其他专用设备,300836.SZ,佰奥智能,20200525,,Y
801890.SI,机械设备,801074.SI,专用设备,850725.SI,能源及重型设备,300837.SZ,浙矿股份,20200525,,Y
801890.SI,机械设备,801072.SI,通用设备,850751.SI,金属制品,300838.SZ,浙江力诺,20200525,,Y
801960.SI,石油石化,801963.SI,炼化及贸易,859633.SI,其他石化,300839.SZ,博汇股份,20200525,,Y
801130.SI,纺织服饰,801132.SI,服装家纺,851329.SI,非运动服装,300840.SZ,酷特智能,20200602,,Y
801150.SI,医药生物,801152.SI,生物制品,851523.SI,疫苗,300841.SZ,康华生物,20200605,,Y
801730.SI,电力设备,801735.SI,光伏设备,857354.SI,光伏辅材,300842.SZ,帝科股份,20210730,,Y
801080.SI,电子,801085.SI,消费电子,850854.SI,消费电子零部件及组装,300843.SZ,胜蓝股份,20200618,,Y
801720.SI,建筑装饰,801726.SI,工程咨询服务Ⅱ,857261.SI,工程咨询服务Ⅲ,300844.SZ,山水比德,20210806,,Y
801750.SI,计算机,801101.SI,计算机设备,850703.SI,其他计算机设备,300845.SZ,捷安高科,20200618,,Y
801750.SI,计算机,801103.SI,IT服务Ⅱ,852226.SI,IT服务Ⅲ,300846.SZ,首都在线,20210730,,Y
801030.SI,基础化工,801034.SI,化学制品,850339.SI,其他化学制品,300847.SZ,中船汉光,20200618,,Y
801030.SI,基础化工,801034.SI,化学制品,850372.SI,聚氨酯,300848.SZ,美瑞新材,20200618,,Y
801980.SI,美容护理,801982.SI,化妆品,859821.SI,化妆品制造及其他,300849.SZ,锦盛新材,20200624,,Y
801730.SI,电力设备,801736.SI,风电设备,857362.SI,风电零部件,300850.SZ,新强联,20200629,,Y
801890.SI,机械设备,801076.SI,轨交设备Ⅱ,850936.SI,轨交设备Ⅲ,300851.SZ,交大思诺,20200629,,Y
801080.SI,电子,801083.SI,元件,850822.SI,印制电路板,300852.SZ,四会富仕,20200629,,Y
801730.SI,电力设备,801738.SI,电网设备,857321.SI,电网自动化设备,300853.SZ,申昊科技,20220729,,Y
801970.SI,环保,801971.SI,环境治理,859713.SI,固废治理,300854.SZ,中兰环保,20210827,,Y
801050.SI,有色金属,801051.SI,金属新材料,850521.SI,其他金属新材料,300855.SZ,图南股份,20200706,,Y
801980.SI,美容护理,801982.SI,化妆品,859821.SI,化妆品制造及其他,300856.SZ,科思股份,20200706,,Y
801080.SI,电子,801085.SI,消费电子,850854.SI,消费电子零部件及组装,300857.SZ,协创数据,20200713,,Y
801030.SI,基础化工,801034.SI,化学制品,850135.SI,食品及饲料添加剂,300858.SZ,科拓生物,20210730,,Y
801210.SI,社会服务,801993.SI,旅游及景区,852112.SI,自然景区,300859.SZ,西域旅游,20210730,,Y
801210.SI,社会服务,801218.SI,专业服务,852183.SI,会展服务,300860.SZ,锋尚文化,20200731,,Y
801890.SI,机械设备,801072.SI,通用设备,850713.SI,磨具磨料,300861.SZ,美畅股份,20200731,,Y
801890.SI,机械设备,801072.SI,通用设备,850731.SI,仪器仪表,300862.SZ,蓝盾光电,20200731,,Y
801880.SI,汽车,801093.SI,汽车零部件,850926.SI,汽车电子电气系统,300863.SZ,卡倍亿,20200804,,Y
801970.SI,环保,801971.SI,环境治理,859714.SI,综合环境治理,300864.SZ,南大环境,20200807,,Y
801890.SI,机械设备,801074.SI,专用设备,850725.SI,能源及重型设备,300865.SZ,大宏立,20200804,,Y
801080.SI,电子,801085.SI,消费电子,850853.SI,品牌消费电子,300866.SZ,安克创新,20210730,,Y
801970.SI,环保,801971.SI,环境治理,859713.SI,固废治理,300867.SZ,圣元环保,20200804,,Y
801080.SI,电子,801082.SI,其他电子Ⅱ,850841.SI,其他电子Ⅲ,300868.SZ,杰美特,20200804,,Y
801150.SI,医药生物,801153.SI,医疗器械,851532.SI,医疗设备,300869.SZ,康泰医学,20200804,,Y
801730.SI,电力设备,801733.SI,其他电源设备Ⅱ,857336.SI,其他电源设备Ⅲ,300870.SZ,欧陆通,20200807,,Y
801010.SI,农林牧渔,801018.SI,动物保健Ⅱ,850181.SI,动物保健Ⅲ,300871.SZ,回盛生物,20200807,,Y
801750.SI,计算机,801103.SI,IT服务Ⅱ,852226.SI,IT服务Ⅲ,300872.SZ,天阳科技,20210730,,Y
801170.SI,交通运输,801178.SI,物流,851783.SI,中间产品及消费品供应链服务,300873.SZ,海晨股份,20200807,,Y
801740.SI,国防军工,801743.SI,地面兵装Ⅱ,857431.SI,地面兵装Ⅲ,300875.SZ,捷强装备,20200807,,Y
801030.SI,基础化工,801032.SI,化学纤维,850344.SI,其他化学纤维,300876.SZ,蒙泰高新,20200807,,Y
801130.SI,纺织服饰,801131.SI,纺织制造,851316.SI,其他纺织,300877.SZ,金春股份,20200810,,Y
801150.SI,医药生物,801155.SI,中药Ⅱ,851521.SI,中药Ⅲ,300878.SZ,维康药业,20200810,,Y
801890.SI,机械设备,801074.SI,专用设备,850723.SI,农用机械,300879.SZ,大叶股份,20220729,,Y
801730.SI,电力设备,801738.SI,电网设备,857323.SI,电工仪器仪表,300880.SZ,迦南智能,20210730,,Y
801040.SI,钢铁,801045.SI,特钢Ⅱ,850412.SI,特钢Ⅲ,300881.SZ,盛德鑫泰,20210730,,Y
801730.SI,电力设备,801738.SI,电网设备,857323.SI,电工仪器仪表,300882.SZ,万胜智能,20210730,,Y
801140.SI,轻工制造,801141.SI,包装印刷,851425.SI,纸包装,300883.SZ,龙利得,20200831,,Y
801750.SI,计算机,801101.SI,计算机设备,850702.SI,安防设备,300884.SZ,狄耐克,20201029,,Y
801890.SI,机械设备,801072.SI,通用设备,850751.SI,金属制品,300885.SZ,海昌新材,20210730,,Y
801980.SI,美容护理,801982.SI,化妆品,859821.SI,化妆品制造及其他,300886.SZ,华业香料,20210730,,Y
801210.SI,社会服务,801218.SI,专业服务,852182.SI,检测服务,300887.SZ,谱尼测试,20210730,,Y
801980.SI,美容护理,801981.SI,个护用品,859811.SI,生活用纸,300888.SZ,稳健医疗,20210730,,Y
801080.SI,电子,801084.SI,光学光电子,850832.SI,LED,300889.SZ,爱克股份,20200831,,Y
801730.SI,电力设备,801737.SI,电池,857372.SI,电池化学品,300890.SZ,翔丰华,20210730,,Y
801030.SI,基础化工,801033.SI,化学原料,850326.SI,钛白粉,300891.SZ,惠云钛业,20210730,,Y
801120.SI,食品饮料,801127.SI,饮料乳品,851243.SI,乳品,300892.SZ,品渥食品,20220729,,Y
801880.SI,汽车,801093.SI,汽车零部件,850922.SI,车身附件及饰件,300893.SZ,松原股份,20220729,,Y
801110.SI,家用电器,801114.SI,厨卫电器,851141.SI,厨房电器,300894.SZ,火星人,20201223,,Y
801750.SI,计算机,801103.SI,IT服务Ⅱ,852226.SI,IT服务Ⅲ,300895.SZ,铜牛信息,20210730,,Y
801980.SI,美容护理,801983.SI,医疗美容,859831.SI,医美耗材,300896.SZ,爱美客,20200914,,Y
801890.SI,机械设备,801072.SI,通用设备,850731.SI,仪器仪表,300897.SZ,山科智能,20210730,,Y
801120.SI,食品饮料,801127.SI,饮料乳品,851243.SI,乳品,300898.SZ,熊猫乳品,20210730,,Y
801970.SI,环保,801971.SI,环境治理,859712.SI,水务及水治理,300899.SZ,上海凯鑫,20200924,,Y
801740.SI,国防军工,801742.SI,航空装备Ⅱ,857421.SI,航空装备Ⅲ,300900.SZ,广联航空,20201016,,Y
801130.SI,纺织服饰,801132.SI,服装家纺,851329.SI,非运动服装,300901.SZ,中胤时尚,20210730,,Y
801890.SI,机械设备,801074.SI,专用设备,850727.SI,其他专用设备,300902.SZ,国安达,20201016,,Y
801080.SI,电子,801083.SI,元件,850822.SI,印制电路板,300903.SZ,科翔股份,20201026,,Y
801730.SI,电力设备,801736.SI,风电设备,857362.SI,风电零部件,300904.SZ,威力传动,20230731,,Y
801030.SI,基础化工,801034.SI,化学制品,850338.SI,纺织化学制品,300905.SZ,宝丽迪,20210730,,Y
801890.SI,机械设备,801072.SI,通用设备,850731.SI,仪器仪表,300906.SZ,日月明,20210730,,Y
801730.SI,电力设备,801731.SI,电机Ⅱ,850741.SI,电机Ⅲ,300907.SZ,康平科技,20201110,,Y
801120.SI,食品饮料,801129.SI,调味发酵品Ⅱ,851242.SI,调味发酵品Ⅲ,300908.SZ,仲景食品,20210730,,Y
801080.SI,电子,801084.SI,光学光电子,850831.SI,面板,300909.SZ,汇创达,20201110,,Y
801030.SI,基础化工,801034.SI,化学制品,850339.SI,其他化学制品,300910.SZ,瑞丰新材,20201123,,Y
801110.SI,家用电器,801114.SI,厨卫电器,851141.SI,厨房电器,300911.SZ,亿田智能,20201123,,Y
801880.SI,汽车,801093.SI,汽车零部件,850925.SI,其他汽车零部件,300912.SZ,凯龙高科,20201125,,Y
801770.SI,通信,801102.SI,通信设备,851025.SI,通信线缆及配套,300913.SZ,兆龙互连,20201125,,Y
801120.SI,食品饮料,801127.SI,饮料乳品,851243.SI,乳品,300915.SZ,海融科技,20210730,,Y
801080.SI,电子,801085.SI,消费电子,850854.SI,消费电子零部件及组装,300916.SZ,朗特智能,20201125,,Y
801180.SI,房地产,801183.SI,房地产服务,851831.SI,物业管理,300917.SZ,特发服务,20210730,,Y
801130.SI,纺织服饰,801131.SI,纺织制造,851316.SI,其他纺织,300918.SZ,南山智尚,20201207,,Y
801730.SI,电力设备,801737.SI,电池,857372.SI,电池化学品,300919.SZ,中伟股份,20210730,,Y
801030.SI,基础化工,801036.SI,塑料,850351.SI,其他塑料制品,300920.SZ,润阳科技,20201214,,Y
801770.SI,通信,801223.SI,通信服务,852214.SI,通信应用增值服务,300921.SZ,南凌科技,20201214,,Y
801740.SI,国防军工,801743.SI,地面兵装Ⅱ,857431.SI,地面兵装Ⅲ,300922.SZ,天秦装备,20201214,,Y
801890.SI,机械设备,801076.SI,轨交设备Ⅱ,850936.SI,轨交设备Ⅲ,300923.SZ,研奥股份,20201214,,Y
801750.SI,计算机,801104.SI,软件开发,851041.SI,垂直应用软件,300925.SZ,法本信息,20201214,,Y
801880.SI,汽车,801093.SI,汽车零部件,850925.SI,其他汽车零部件,300926.SZ,博俊科技,20201223,,Y
801030.SI,基础化工,801033.SI,化学原料,850324.SI,其他化学原料,300927.SZ,江天化学,20201223,,Y
801880.SI,汽车,801093.SI,汽车零部件,850926.SI,汽车电子电气系统,300928.SZ,华安鑫创,20210104,,Y
801970.SI,环保,801971.SI,环境治理,859712.SI,水务及水治理,300929.SZ,华骐环保,20210108,,Y
801050.SI,有色金属,801051.SI,金属新材料,850521.SI,其他金属新材料,300930.SZ,屹通新材,20210111,,Y
801890.SI,机械设备,801074.SI,专用设备,850728.SI,楼宇设备,300931.SZ,通用电梯,20210108,,Y
801730.SI,电力设备,801738.SI,电网设备,857382.SI,配电设备,300932.SZ,三友联众,20210108,,Y
801730.SI,电力设备,801738.SI,电网设备,857344.SI,线缆部件及其他,300933.SZ,中辰股份,20210108,,Y
801750.SI,计算机,801104.SI,软件开发,851041.SI,垂直应用软件,300935.SZ,盈建科,20210119,,Y
801080.SI,电子,801083.SI,元件,850822.SI,印制电路板,300936.SZ,中英科技,20210126,,Y
801150.SI,医药生物,801154.SI,医药商业,851542.SI,医药流通,300937.SZ,药易购,20210126,,Y
801210.SI,社会服务,801218.SI,专业服务,852182.SI,检测服务,300938.SZ,信测标准,20210730,,Y
801080.SI,电子,801084.SI,光学光电子,850831.SI,面板,300939.SZ,秋田微,20210125,,Y
801080.SI,电子,801084.SI,光学光电子,850832.SI,LED,300940.SZ,南极光,20210125,,Y
801750.SI,计算机,801101.SI,计算机设备,850703.SI,其他计算机设备,300941.SZ,创识科技,20210129,,Y
801150.SI,医药生物,801153.SI,医疗器械,851534.SI,体外诊断,300942.SZ,易瑞生物,20210730,,Y
801890.SI,机械设备,801072.SI,通用设备,850751.SI,金属制品,300943.SZ,春晖智控,20210129,,Y
801130.SI,纺织服饰,801133.SI,饰品,851331.SI,钟表珠宝,300945.SZ,曼卡龙,20210129,,Y
801890.SI,机械设备,801072.SI,通用设备,850751.SI,金属制品,300946.SZ,恒而达,20210730,,Y
801200.SI,商贸零售,801203.SI,一般零售,852034.SI,商业物业经营,300947.SZ,德必集团,20210205,,Y
801720.SI,建筑装饰,801723.SI,基础建设,857251.SI,园林工程,300948.SZ,冠中生态,20210730,,Y
801720.SI,建筑装饰,801723.SI,基础建设,857251.SI,园林工程,300949.SZ,奥雅股份,20210730,,Y
801890.SI,机械设备,801074.SI,专用设备,850725.SI,能源及重型设备,300950.SZ,德固特,20210730,,Y
801080.SI,电子,801085.SI,消费电子,850854.SI,消费电子零部件及组装,300951.SZ,博硕科技,20210219,,Y
801130.SI,纺织服饰,801132.SI,服装家纺,851325.SI,鞋帽及其他,300952.SZ,恒辉安防,20210301,,Y
801730.SI,电力设备,801737.SI,电池,857371.SI,锂电池,300953.SZ,震裕科技,20220729,,Y
801980.SI,美容护理,801982.SI,化妆品,859821.SI,化妆品制造及其他,300955.SZ,嘉亨家化,20210312,,Y
801080.SI,电子,801085.SI,消费电子,850854.SI,消费电子零部件及组装,300956.SZ,英力股份,20210312,,Y
801980.SI,美容护理,801982.SI,化妆品,859822.SI,品牌化妆品,300957.SZ,贝泰妮,20210312,,Y
801970.SI,环保,801971.SI,环境治理,859714.SI,综合环境治理,300958.SZ,建工修复,20210312,,Y
801770.SI,通信,801223.SI,通信服务,852214.SI,通信应用增值服务,300959.SZ,线上线下,20210312,,Y
801890.SI,机械设备,801076.SI,轨交设备Ⅱ,850936.SI,轨交设备Ⅲ,300960.SZ,通业科技,20210329,,Y
801970.SI,环保,801971.SI,环境治理,859712.SI,水务及水治理,300961.SZ,深水海纳,20210329,,Y
801210.SI,社会服务,801218.SI,专业服务,852184.SI,其他专业服务,300962.SZ,中金辐照,20210730,,Y
801050.SI,有色金属,801051.SI,金属新材料,850521.SI,其他金属新材料,300963.SZ,中洲特材,20210325,,Y
801080.SI,电子,801083.SI,元件,850822.SI,印制电路板,300964.SZ,本川智能,20210727,,Y
801740.SI,国防军工,801742.SI,航空装备Ⅱ,857421.SI,航空装备Ⅲ,300965.SZ,*ST恒宇,20210325,,Y
801150.SI,医药生物,801151.SI,化学制药,851511.SI,原料药,300966.SZ,共同药业,20210325,,Y
801010.SI,农林牧渔,801017.SI,养殖业,850173.SI,肉鸡养殖,300967.SZ,晓鸣股份,20210329,,Y
801080.SI,电子,801085.SI,消费电子,850854.SI,消费电子零部件及组装,300968.SZ,格林精密,20210329,,Y
801880.SI,汽车,801093.SI,汽车零部件,850925.SI,其他汽车零部件,300969.SZ,恒帅股份,20220729,,Y
801010.SI,农林牧渔,801016.SI,种植业,850114.SI,食用菌,300970.SZ,华绿生物,20210730,,Y
801890.SI,机械设备,801074.SI,专用设备,850727.SI,其他专用设备,300971.SZ,博亚精工,20210329,,Y
801010.SI,农林牧渔,801016.SI,种植业,850114.SI,食用菌,300972.SZ,万辰集团,20210730,,Y
801120.SI,食品饮料,801128.SI,休闲食品,851282.SI,烘焙食品,300973.SZ,立高食品,20210730,,Y
801080.SI,电子,801083.SI,元件,850823.SI,被动元件,300975.SZ,商络电子,20220729,,Y
801080.SI,电子,801085.SI,消费电子,850854.SI,消费电子零部件及组装,300976.SZ,达瑞电子,20210406,,Y
801720.SI,建筑装饰,801726.SI,工程咨询服务Ⅱ,857261.SI,工程咨询服务Ⅲ,300977.SZ,深圳瑞捷,20210730,,Y
801880.SI,汽车,801093.SI,汽车零部件,850922.SI,车身附件及饰件,300978.SZ,东箭科技,20210406,,Y
801130.SI,纺织服饰,801131.SI,纺织制造,851317.SI,纺织鞋类制造,300979.SZ,华利集团,20210730,,Y
801030.SI,基础化工,801036.SI,塑料,850351.SI,其他塑料制品,300980.SZ,祥源新材,20210406,,Y
801150.SI,医药生物,801153.SI,医疗器械,851533.SI,医疗耗材,300981.SZ,中红医疗,20210406,,Y
801720.SI,建筑装饰,801723.SI,基础建设,857236.SI,基建市政工程,300982.SZ,苏文电能,20210406,,Y
801720.SI,建筑装饰,801726.SI,工程咨询服务Ⅱ,857261.SI,工程咨询服务Ⅲ,300983.SZ,尤安设计,20210730,,Y
801890.SI,机械设备,801072.SI,通用设备,850716.SI,其他通用设备,300984.SZ,金沃股份,20210609,,Y
801890.SI,机械设备,801072.SI,通用设备,850751.SI,金属制品,300985.SZ,致远新能,20210730,,Y
801720.SI,建筑装饰,801724.SI,专业工程,857244.SI,其他专业工程,300986.SZ,志特新材,20220727,,Y
801760.SI,传媒,801767.SI,数字媒体,857674.SI,门户网站,300987.SZ,川网传媒,20210426,,Y
801890.SI,机械设备,801074.SI,专用设备,850727.SI,其他专用设备,300988.SZ,津荣天宇,20210730,,Y
801720.SI,建筑装饰,801726.SI,工程咨询服务Ⅱ,857261.SI,工程咨询服务Ⅲ,300989.SZ,蕾奥规划,20210426,,Y
801890.SI,机械设备,801072.SI,通用设备,850715.SI,制冷空调设备,300990.SZ,同飞股份,20210426,,Y
801080.SI,电子,801082.SI,其他电子Ⅱ,850841.SI,其他电子Ⅲ,300991.SZ,创益通,20210510,,Y
801890.SI,机械设备,801072.SI,通用设备,850716.SI,其他通用设备,300992.SZ,泰福泵业,20210510,,Y
801140.SI,轻工制造,801142.SI,家居用品,851491.SI,其他家居用品,300993.SZ,玉马遮阳,20210510,,Y
801880.SI,汽车,801881.SI,摩托车及其他,858811.SI,其他运输设备,300994.SZ,久祺股份,20210723,,Y
801030.SI,基础化工,801036.SI,塑料,850353.SI,改性塑料,300995.SZ,奇德新材,20210512,,Y
801750.SI,计算机,801104.SI,软件开发,851041.SI,垂直应用软件,300996.SZ,普联软件,20210518,,Y
801120.SI,食品饮料,801127.SI,饮料乳品,851271.SI,软饮料,300997.SZ,欢乐家,20210518,,Y
801880.SI,汽车,801093.SI,汽车零部件,850925.SI,其他汽车零部件,300998.SZ,宁波方正,20210518,,Y
801010.SI,农林牧渔,801012.SI,农产品加工,850152.SI,粮油加工,300999.SZ,金龙鱼,20200921,,Y
801880.SI,汽车,801093.SI,汽车零部件,850925.SI,其他汽车零部件,301000.SZ,肇民科技,20210521,,Y
801200.SI,商贸零售,801206.SI,互联网电商,852063.SI,电商服务,301001.SZ,凯淳股份,20210521,,Y
801730.SI,电力设备,801738.SI,电网设备,857381.SI,输变电设备,301002.SZ,崧盛股份,20210730,,Y
801030.SI,基础化工,801036.SI,塑料,850353.SI,改性塑料,301003.SZ,江苏博云,20210521,,Y
801140.SI,轻工制造,801142.SI,家居用品,851491.SI,其他家居用品,301004.SZ,嘉益股份,20210609,,Y
801880.SI,汽车,801093.SI,汽车零部件,850925.SI,其他汽车零部件,301005.SZ,超捷股份,20210524,,Y
801890.SI,机械设备,801072.SI,通用设备,850731.SI,仪器仪表,301006.SZ,迈拓股份,20210730,,Y
801880.SI,汽车,801093.SI,汽车零部件,850923.SI,底盘与发动机系统,301007.SZ,德迈仕,20210531,,Y
801110.SI,家用电器,801116.SI,家电零部件Ⅱ,851161.SI,家电零部件Ⅲ,301008.SZ,宏昌科技,20210531,,Y
801980.SI,美容护理,801981.SI,个护用品,859811.SI,生活用纸,301009.SZ,可靠股份,20210531,,Y
801710.SI,建筑材料,801713.SI,装修建材,850614.SI,其他建材,301010.SZ,晶雪节能,20210730,,Y
801140.SI,轻工制造,801145.SI,文娱用品,851452.SI,娱乐用品,301011.SZ,华立科技,20220729,,Y
801730.SI,电力设备,801738.SI,电网设备,857381.SI,输变电设备,301012.SZ,扬电科技,20210607,,Y
801890.SI,机械设备,801074.SI,专用设备,850727.SI,其他专用设备,301013.SZ,利和兴,20210609,,Y
801150.SI,医药生物,801154.SI,医药商业,851542.SI,医药流通,301015.SZ,百洋医药,20210615,,Y
801890.SI,机械设备,801076.SI,轨交设备Ⅱ,850936.SI,轨交设备Ⅲ,301016.SZ,雷尔伟,20210615,,Y
801150.SI,医药生物,801154.SI,医药商业,851543.SI,线下药店,301017.SZ,漱玉平民,20210615,,Y
801890.SI,机械设备,801072.SI,通用设备,850715.SI,制冷空调设备,301018.SZ,申菱环境,20210730,,Y
801030.SI,基础化工,801036.SI,塑料,850351.SI,其他塑料制品,301019.SZ,宁波色母,20210622,,Y
801880.SI,汽车,801093.SI,汽车零部件,850923.SI,底盘与发动机系统,301020.SZ,密封科技,20210622,,Y
801890.SI,机械设备,801078.SI,自动化设备,850783.SI,激光设备,301021.SZ,英诺激光,20210730,,Y
801880.SI,汽车,801093.SI,汽车零部件,850925.SI,其他汽车零部件,301022.SZ,海泰科,20210622,,Y
801730.SI,电力设备,801731.SI,电机Ⅱ,850741.SI,电机Ⅲ,301023.SZ,江南奕帆,20210705,,Y
801720.SI,建筑装饰,801726.SI,工程咨询服务Ⅱ,857261.SI,工程咨询服务Ⅲ,301024.SZ,霍普股份,20210730,,Y
801760.SI,传媒,801769.SI,出版,857692.SI,大众出版,301025.SZ,读客文化,20210705,,Y
801050.SI,有色金属,801054.SI,小金属,850544.SI,其他小金属,301026.SZ,浩通科技,20210705,,Y
801720.SI,建筑装饰,801726.SI,工程咨询服务Ⅱ,857261.SI,工程咨询服务Ⅲ,301027.SZ,华蓝集团,20210730,,Y
801890.SI,机械设备,801072.SI,通用设备,850716.SI,其他通用设备,301028.SZ,东亚机械,20210705,,Y
801890.SI,机械设备,801078.SI,自动化设备,850784.SI,其他自动化设备,301029.SZ,怡合达,20210705,,Y
801970.SI,环保,801972.SI,环保设备Ⅱ,859721.SI,环保设备Ⅲ,301030.SZ,仕净科技,20210705,,Y
801080.SI,电子,801082.SI,其他电子Ⅱ,850841.SI,其他电子Ⅲ,301031.SZ,中熔电气,20210705,,Y
801890.SI,机械设备,801072.SI,通用设备,850716.SI,其他通用设备,301032.SZ,新柴股份,20210709,,Y
801150.SI,医药生物,801153.SI,医疗器械,851533.SI,医疗耗材,301033.SZ,迈普医学,20210709,,Y
801030.SI,基础化工,801038.SI,农化制品,850333.SI,农药,301035.SZ,润丰股份,20210730,,Y
801030.SI,基础化工,801034.SI,化学制品,850335.SI,涂料油墨,301036.SZ,双乐股份,20210712,,Y
801030.SI,基础化工,801034.SI,化学制品,850335.SI,涂料油墨,301037.SZ,保立佳,20210730,,Y
801720.SI,建筑装饰,801726.SI,工程咨询服务Ⅱ,857261.SI,工程咨询服务Ⅲ,301038.SZ,深水规院,20210712,,Y
801880.SI,汽车,801096.SI,商用车,850912.SI,商用载货车,301039.SZ,中集车辆,20210730,,Y
801730.SI,电力设备,801736.SI,风电设备,857362.SI,风电零部件,301040.SZ,中环海陆,20210723,,Y
801080.SI,电子,801083.SI,元件,850822.SI,印制电路板,301041.SZ,金百泽,20210727,,Y
801750.SI,计算机,801101.SI,计算机设备,850702.SI,安防设备,301042.SZ,安联锐视,20210727,,Y
801890.SI,机械设备,801072.SI,通用设备,850716.SI,其他通用设备,301043.SZ,绿岛风,20210727,,Y
801080.SI,电子,801084.SI,光学光电子,850831.SI,面板,301045.SZ,天禄科技,20220729,,Y
801720.SI,建筑装饰,801724.SI,专业工程,857244.SI,其他专业工程,301046.SZ,能辉科技,20210806,,Y
801150.SI,医药生物,801152.SI,生物制品,851524.SI,其他生物制品,301047.SZ,义翘神州,20220729,,Y
801890.SI,机械设备,801076.SI,轨交设备Ⅱ,850936.SI,轨交设备Ⅲ,301048.SZ,金鹰重工,20210813,,Y
801970.SI,环保,801971.SI,环境治理,859713.SI,固废治理,301049.SZ,超越科技,20210813,,Y
801740.SI,国防军工,801745.SI,军工电子Ⅱ,857451.SI,军工电子Ⅲ,301050.SZ,雷电微力,20210813,,Y
801080.SI,电子,801085.SI,消费电子,850854.SI,消费电子零部件及组装,301051.SZ,信濠光电,20210813,,Y
801760.SI,传媒,801769.SI,出版,857692.SI,大众出版,301052.SZ,果麦文化,20210820,,Y
801890.SI,机械设备,801074.SI,专用设备,850721.SI,纺织服装设备,301053.SZ,远信工业,20210820,,Y
801140.SI,轻工制造,801142.SI,家居用品,851491.SI,其他家居用品,301055.SZ,张小泉,20210820,,Y
801890.SI,机械设备,801074.SI,专用设备,850728.SI,楼宇设备,301056.SZ,森赫股份,20210820,,Y
801030.SI,基础化工,801032.SI,化学纤维,850341.SI,涤纶,301057.SZ,汇隆新材,20210820,,Y
801720.SI,建筑装饰,801726.SI,工程咨询服务Ⅱ,857261.SI,工程咨询服务Ⅲ,301058.SZ,中粮科工,20210820,,Y
801030.SI,基础化工,801034.SI,化学制品,850339.SI,其他化学制品,301059.SZ,金三江,20210827,,Y
801150.SI,医药生物,801156.SI,医疗服务,851562.SI,诊断服务,301060.SZ,兰卫医学,20210827,,Y
801140.SI,轻工制造,801142.SI,家居用品,851437.SI,成品家居,301061.SZ,匠心家居,20210903,,Y
801140.SI,轻工制造,801141.SI,包装印刷,851425.SI,纸包装,301062.SZ,上海艾录,20210827,,Y
801730.SI,电力设备,801736.SI,风电设备,857362.SI,风电零部件,301063.SZ,海锅股份,20220729,,Y
801150.SI,医药生物,801151.SI,化学制药,851511.SI,原料药,301065.SZ,本立科技,20220729,,Y
801130.SI,纺织服饰,801131.SI,纺织制造,851316.SI,其他纺织,301066.SZ,万事利,20220729,,Y
801080.SI,电子,801085.SI,消费电子,850854.SI,消费电子零部件及组装,301067.SZ,显盈科技,20210903,,Y
801970.SI,环保,801971.SI,环境治理,859713.SI,固废治理,301068.SZ,大地海洋,20210903,,Y
801030.SI,基础化工,801033.SI,化学原料,850324.SI,其他化学原料,301069.SZ,凯盛新材,20210913,,Y
801890.SI,机械设备,801072.SI,通用设备,850716.SI,其他通用设备,301070.SZ,开勒股份,20210917,,Y
801030.SI,基础化工,801039.SI,非金属材料Ⅱ,850523.SI,非金属材料Ⅲ,301071.SZ,力量钻石,20211213,,Y
801880.SI,汽车,801093.SI,汽车零部件,850923.SI,底盘与发动机系统,301072.SZ,中捷精工,20210913,,Y
801210.SI,社会服务,801219.SI,酒店餐饮,852121.SI,酒店,301073.SZ,君亭酒店,20210910,,Y
801150.SI,医药生物,801151.SI,化学制药,851512.SI,化学制剂,301075.SZ,多瑞医药,20210917,,Y
801030.SI,基础化工,801034.SI,化学制品,850339.SI,其他化学制品,301076.SZ,新瀚新材,20210917,,Y
801030.SI,基础化工,801034.SI,化学制品,850339.SI,其他化学制品,301077.SZ,星华新材,20210917,,Y
801200.SI,商贸零售,801204.SI,专业连锁Ⅱ,852041.SI,专业连锁Ⅲ,301078.SZ,孩子王,20210917,,Y
801890.SI,机械设备,801077.SI,工程机械,850772.SI,工程机械器件,301079.SZ,邵阳液压,20210924,,Y
801150.SI,医药生物,801152.SI,生物制品,851524.SI,其他生物制品,301080.SZ,百普赛斯,20220729,,Y
801970.SI,环保,801972.SI,环保设备Ⅱ,859721.SI,环保设备Ⅲ,301081.SZ,严牌股份,20211015,,Y
801730.SI,电力设备,801738.SI,电网设备,857344.SI,线缆部件及其他,301082.SZ,久盛电气,20210930,,Y
801890.SI,机械设备,801074.SI,专用设备,850727.SI,其他专用设备,301083.SZ,百胜智能,20211015,,Y
801750.SI,计算机,801103.SI,IT服务Ⅱ,852226.SI,IT服务Ⅲ,301085.SZ,亚康股份,20211015,,Y
801080.SI,电子,801085.SI,消费电子,850854.SI,消费电子零部件及组装,301086.SZ,鸿富瀚,20211015,,Y
801150.SI,医药生物,801153.SI,医疗器械,851533.SI,医疗耗材,301087.SZ,可孚医疗,20220729,,Y
801130.SI,纺织服饰,801132.SI,服装家纺,851329.SI,非运动服装,301088.SZ,戎美股份,20210930,,Y
801150.SI,医药生物,801151.SI,化学制药,851511.SI,原料药,301089.SZ,拓新药业,20210930,,Y
801030.SI,基础化工,801036.SI,塑料,850351.SI,其他塑料制品,301090.SZ,华润材料,20220729,,Y
801720.SI,建筑装饰,801726.SI,工程咨询服务Ⅱ,857261.SI,工程咨询服务Ⅲ,301091.SZ,深城交,20210930,,Y
801030.SI,基础化工,801036.SI,塑料,850354.SI,合成树脂,301092.SZ,争光股份,20211015,,Y
801150.SI,医药生物,801153.SI,医疗器械,851533.SI,医疗耗材,301093.SZ,华兰股份,20211015,,Y
801750.SI,计算机,801104.SI,软件开发,851041.SI,垂直应用软件,301095.SZ,广立微,20220725,,Y
801150.SI,医药生物,801156.SI,医疗服务,851563.SI,医疗研发外包,301096.SZ,百诚医药,20211203,,Y
801150.SI,医药生物,801153.SI,医疗器械,851533.SI,医疗耗材,301097.SZ,天益医疗,20220318,,Y
801720.SI,建筑装饰,801723.SI,基础建设,857251.SI,园林工程,301098.SZ,金埔园林,20211029,,Y
801080.SI,电子,801082.SI,其他电子Ⅱ,850841.SI,其他电子Ⅲ,301099.SZ,雅创电子,20220729,,Y
801030.SI,基础化工,801034.SI,化学制品,850339.SI,其他化学制品,301100.SZ,风光股份,20211203,,Y
801140.SI,轻工制造,801145.SI,文娱用品,851451.SI,文化用品,301101.SZ,明月镜片,20211203,,Y
801760.SI,传媒,801765.SI,广告营销,857652.SI,广告媒体,301102.SZ,兆讯传媒,20220304,,Y
801150.SI,医药生物,801156.SI,医疗服务,851564.SI,医院,301103.SZ,何氏眼科,20220304,,Y
801890.SI,机械设备,801074.SI,专用设备,850726.SI,印刷包装机械,301105.SZ,鸿铭股份,20221223,,Y
801080.SI,电子,801084.SI,光学光电子,850831.SI,面板,301106.SZ,骏成科技,20220114,,Y
801890.SI,机械设备,801072.SI,通用设备,850716.SI,其他通用设备,301107.SZ,瑜欣电子,20220513,,Y
801980.SI,美容护理,801981.SI,个护用品,859811.SI,生活用纸,301108.SZ,洁雅股份,20211119,,Y
801970.SI,环保,801971.SI,环境治理,859713.SI,固废治理,301109.SZ,军信股份,20220325,,Y
801200.SI,商贸零售,801206.SI,互联网电商,852063.SI,电商服务,301110.SZ,青木科技,20210225,,Y
801150.SI,医药生物,801155.SI,中药Ⅱ,851521.SI,中药Ⅲ,301111.SZ,粤万年青,20220729,,Y
801890.SI,机械设备,801078.SI,自动化设备,850781.SI,机器人,301112.SZ,信邦智能,20220602,,Y
801140.SI,轻工制造,801142.SI,家居用品,851491.SI,其他家居用品,301113.SZ,雅艺科技,20211210,,Y
801210.SI,社会服务,801218.SI,专业服务,852182.SI,检测服务,301115.SZ,建科股份,20220812,,Y
801010.SI,农林牧渔,801017.SI,养殖业,850173.SI,肉鸡养殖,301116.SZ,益客食品,20211231,,Y
801750.SI,计算机,801101.SI,计算机设备,850702.SI,安防设备,301117.SZ,佳缘科技,20211224,,Y
801030.SI,基础化工,801033.SI,化学原料,850324.SI,其他化学原料,301118.SZ,恒光股份,20211105,,Y
801880.SI,汽车,801093.SI,汽车零部件,850923.SI,底盘与发动机系统,301119.SZ,正强股份,20211112,,Y
801730.SI,电力设备,801738.SI,电网设备,857381.SI,输变电设备,301120.SZ,新特电气,20220325,,Y
801730.SI,电力设备,801737.SI,电池,857371.SI,锂电池,301121.SZ,紫建电子,20220725,,Y
801150.SI,医药生物,801153.SI,医疗器械,851533.SI,医疗耗材,301122.SZ,采纳股份,20220114,,Y
801080.SI,电子,801085.SI,消费电子,850854.SI,消费电子零部件及组装,301123.SZ,奕东电子,20220107,,Y
801890.SI,机械设备,801072.SI,通用设备,850716.SI,其他通用设备,301125.SZ,腾亚精工,20220520,,Y
801150.SI,医药生物,801154.SI,医药商业,851542.SI,医药流通,301126.SZ,达嘉维康,20211119,,Y
801970.SI,环保,801971.SI,环境治理,859712.SI,水务及水治理,301127.SZ,天源环保,20211210,,Y
801890.SI,机械设备,801074.SI,专用设备,850727.SI,其他专用设备,301128.SZ,强瑞技术,20211029,,Y
801890.SI,机械设备,801072.SI,通用设备,850731.SI,仪器仪表,301129.SZ,瑞纳智能,20211022,,Y
801150.SI,医药生物,801151.SI,化学制药,851512.SI,化学制剂,301130.SZ,西点药业,20220128,,Y
801030.SI,基础化工,801036.SI,塑料,850353.SI,改性塑料,301131.SZ,聚赛龙,20220304,,Y
801080.SI,电子,801083.SI,元件,850822.SI,印制电路板,301132.SZ,满坤科技,20220725,,Y
801880.SI,汽车,801093.SI,汽车零部件,850922.SI,车身附件及饰件,301133.SZ,金钟股份,20211105,,Y
801080.SI,电子,801085.SI,消费电子,850854.SI,消费电子零部件及组装,301135.SZ,瑞德智能,20220325,,Y
801720.SI,建筑装饰,801726.SI,工程咨询服务Ⅱ,857261.SI,工程咨询服务Ⅲ,301136.SZ,招标股份,20211224,,Y
801890.SI,机械设备,801072.SI,通用设备,850751.SI,金属制品,301137.SZ,哈焊华通,20220304,,Y
801890.SI,机械设备,801074.SI,专用设备,850726.SI,印刷包装机械,301138.SZ,华研精机,20220729,,Y
801770.SI,通信,801223.SI,通信服务,852213.SI,通信工程及服务,301139.SZ,元道通信,20220624,,Y
801050.SI,有色金属,801051.SI,金属新材料,850522.SI,磁性材料,301141.SZ,中科磁业,20230317,,Y
801970.SI,环保,801971.SI,环境治理,859712.SI,水务及水治理,301148.SZ,嘉戎技术,20220401,,Y
801030.SI,基础化工,801034.SI,化学制品,850339.SI,其他化学制品,301149.SZ,隆华新材,20211029,,Y
801730.SI,电力设备,801737.SI,电池,857371.SI,锂电池,301150.SZ,中一科技,20220729,,Y
801890.SI,机械设备,801072.SI,通用设备,850751.SI,金属制品,301151.SZ,冠龙节能,20220318,,Y
801730.SI,电力设备,801737.SI,电池,857372.SI,电池化学品,301152.SZ,天力锂能,20220812,,Y
801750.SI,计算机,801104.SI,软件开发,851041.SI,垂直应用软件,301153.SZ,中科江南,20220429,,Y
801730.SI,电力设备,801736.SI,风电设备,857362.SI,风电零部件,301155.SZ,海力风电,20211105,,Y
801030.SI,基础化工,801034.SI,化学制品,850135.SI,食品及饲料添加剂,301156.SZ,美农生物,20220610,,Y
801730.SI,电力设备,801733.SI,其他电源设备Ⅱ,857336.SI,其他电源设备Ⅲ,301157.SZ,华塑科技,20230309,,Y
801890.SI,机械设备,801074.SI,专用设备,850725.SI,能源及重型设备,301158.SZ,德石股份,20211231,,Y
801750.SI,计算机,801104.SI,软件开发,851041.SI,垂直应用软件,301159.SZ,三维天地,20211224,,Y
801040.SI,钢铁,801045.SI,特钢Ⅱ,850412.SI,特钢Ⅲ,301160.SZ,翔楼新材,20220520,,Y
801890.SI,机械设备,801077.SI,工程机械,850772.SI,工程机械器件,301161.SZ,唯万密封,20220826,,Y
801750.SI,计算机,801104.SI,软件开发,851041.SI,垂直应用软件,301162.SZ,国能日新,20220401,,Y
801730.SI,电力设备,801736.SI,风电设备,857362.SI,风电零部件,301163.SZ,宏德股份,20220729,,Y
801770.SI,通信,801102.SI,通信设备,851024.SI,通信网络设备及器件,301165.SZ,锐捷网络,20221104,,Y
801150.SI,医药生物,801152.SI,生物制品,851524.SI,其他生物制品,301166.SZ,优宁维,20211210,,Y
801720.SI,建筑装饰,801726.SI,工程咨询服务Ⅱ,857261.SI,工程咨询服务Ⅲ,301167.SZ,建研设计,20211126,,Y
801730.SI,电力设备,801735.SI,光伏设备,857354.SI,光伏辅材,301168.SZ,通灵股份,20211126,,Y
801210.SI,社会服务,801218.SI,专业服务,852184.SI,其他专业服务,301169.SZ,零点有数,20211022,,Y
801880.SI,汽车,801093.SI,汽车零部件,850923.SI,底盘与发动机系统,301170.SZ,锡南科技,20230609,,Y
801760.SI,传媒,801765.SI,广告营销,857651.SI,营销代理,301171.SZ,易点天下,20220805,,Y
801750.SI,计算机,801103.SI,IT服务Ⅱ,852226.SI,IT服务Ⅲ,301172.SZ,君逸数码,20230714,,Y
801970.SI,环保,801971.SI,环境治理,859713.SI,固废治理,301175.SZ,中科环保,20220617,,Y
801080.SI,电子,801083.SI,元件,850822.SI,印制电路板,301176.SZ,逸豪新材,20220909,,Y
801130.SI,纺织服饰,801133.SI,饰品,851331.SI,钟表珠宝,301177.SZ,迪阿股份,20211203,,Y
801750.SI,计算机,801103.SI,IT服务Ⅱ,852226.SI,IT服务Ⅲ,301178.SZ,天亿马,20211105,,Y
801730.SI,电力设备,801738.SI,电网设备,857321.SI,电网自动化设备,301179.SZ,泽宇智能,20211126,,Y
801080.SI,电子,801085.SI,消费电子,850854.SI,消费电子零部件及组装,301180.SZ,万祥科技,20211105,,Y
801880.SI,汽车,801093.SI,汽车零部件,850925.SI,其他汽车零部件,301181.SZ,标榜股份,20220128,,Y
801080.SI,电子,801085.SI,消费电子,850854.SI,消费电子零部件及组装,301182.SZ,凯旺科技,20211203,,Y
801080.SI,电子,801084.SI,光学光电子,850833.SI,光学元件,301183.SZ,东田微,20220513,,Y
801750.SI,计算机,801103.SI,IT服务Ⅱ,852226.SI,IT服务Ⅲ,301185.SZ,鸥玛软件,20211105,,Y
801880.SI,汽车,801093.SI,汽车零部件,850925.SI,其他汽车零部件,301186.SZ,超达装备,20211210,,Y
801110.SI,家用电器,801113.SI,小家电,851132.SI,清洁小家电,301187.SZ,欧圣电气,20220401,,Y
801140.SI,轻工制造,801142.SI,家居用品,851491.SI,其他家居用品,301188.SZ,力诺特玻,20211029,,Y
801080.SI,电子,801085.SI,消费电子,850853.SI,品牌消费电子,301189.SZ,奥尼电子,20211210,,Y
801030.SI,基础化工,801034.SI,化学制品,850338.SI,纺织化学制品,301190.SZ,善水科技,20211203,,Y
801770.SI,通信,801102.SI,通信设备,851026.SI,通信终端及配件,301191.SZ,菲菱科思,20220513,,Y
801880.SI,汽车,801093.SI,汽车零部件,850923.SI,底盘与发动机系统,301192.SZ,泰祥股份,20220805,,Y
801140.SI,轻工制造,801142.SI,家居用品,851491.SI,其他家居用品,301193.SZ,家联科技,20211126,,Y
801750.SI,计算机,801104.SI,软件开发,851041.SI,垂直应用软件,301195.SZ,北路智控,20220725,,Y
801030.SI,基础化工,801036.SI,塑料,850351.SI,其他塑料制品,301196.SZ,唯科科技,20211217,,Y
801890.SI,机械设备,801072.SI,通用设备,850731.SI,仪器仪表,301197.SZ,工大科雅,20220725,,Y
801140.SI,轻工制造,801141.SI,包装印刷,851424.SI,塑料包装,301198.SZ,喜悦智行,20211119,,Y
801890.SI,机械设备,801078.SI,自动化设备,850781.SI,机器人,301199.SZ,迈赫股份,20211126,,Y
801890.SI,机械设备,801074.SI,专用设备,850727.SI,其他专用设备,301200.SZ,大族数控,20220128,,Y
801150.SI,医药生物,801156.SI,医疗服务,851563.SI,医疗研发外包,301201.SZ,诚达药业,20211231,,Y
801770.SI,通信,801102.SI,通信设备,851027.SI,其他通信设备,301202.SZ,朗威股份,20230630,,Y
801970.SI,环保,801971.SI,环境治理,859712.SI,水务及水治理,301203.SZ,国泰环保,20230317,,Y
801770.SI,通信,801102.SI,通信设备,851024.SI,通信网络设备及器件,301205.SZ,联特科技,20220902,,Y
801030.SI,基础化工,801034.SI,化学制品,850135.SI,食品及饲料添加剂,301206.SZ,三元生物,20220114,,Y
801150.SI,医药生物,801152.SI,生物制品,851523.SI,疫苗,301207.SZ,华兰疫苗,20220128,,Y
801750.SI,计算机,801103.SI,IT服务Ⅱ,852226.SI,IT服务Ⅲ,301208.SZ,中亦科技,20220701,,Y
801030.SI,基础化工,801034.SI,化学制品,850335.SI,涂料油墨,301209.SZ,联合化学,20220812,,Y
801730.SI,电力设备,801737.SI,电池,857371.SI,锂电池,301210.SZ,金杨股份,20230609,,Y
801150.SI,医药生物,801151.SI,化学制药,851511.SI,原料药,301211.SZ,亨迪药业,20211203,,Y
801030.SI,基础化工,801034.SI,化学制品,850339.SI,其他化学制品,301212.SZ,联盛化学,20220325,,Y
801740.SI,国防军工,801745.SI,军工电子Ⅱ,857451.SI,军工电子Ⅲ,301213.SZ,观想科技,20211126,,Y
801880.SI,汽车,801092.SI,汽车服务,850233.SI,汽车综合服务,301215.SZ,中汽股份,20220218,,Y
801030.SI,基础化工,801036.SI,塑料,850351.SI,其他塑料制品,301216.SZ,万凯新材,20220729,,Y
801730.SI,电力设备,801737.SI,电池,857371.SI,锂电池,301217.SZ,铜冠铜箔,20230704,,Y
801750.SI,计算机,801103.SI,IT服务Ⅱ,852226.SI,IT服务Ⅲ,301218.SZ,华是科技,20220225,,Y
801050.SI,有色金属,801056.SI,能源金属,850561.SI,钴,301219.SZ,腾远钴业,20220304,,Y
801030.SI,基础化工,801034.SI,化学制品,850135.SI,食品及饲料添加剂,301220.SZ,亚香股份,20220602,,Y
801880.SI,汽车,801093.SI,汽车零部件,850926.SI,汽车电子电气系统,301221.SZ,光庭信息,20211203,,Y
801730.SI,电力设备,801737.SI,电池,857375.SI,蓄电池及其他电池,301222.SZ,浙江恒威,20220225,,Y
801140.SI,轻工制造,801141.SI,包装印刷,851425.SI,纸包装,301223.SZ,中荣股份,20220923,,Y
801880.SI,汽车,801093.SI,汽车零部件,850923.SI,底盘与发动机系统,301225.SZ,恒勃股份,20230526,,Y
801730.SI,电力设备,801731.SI,电机Ⅱ,850741.SI,电机Ⅲ,301226.SZ,祥明智能,20220311,,Y
801140.SI,轻工制造,801142.SI,家居用品,851438.SI,定制家居,301227.SZ,森鹰窗业,20220902,,Y
801210.SI,社会服务,801218.SI,专业服务,852182.SI,检测服务,301228.SZ,实朴检测,20220114,,Y
801880.SI,汽车,801093.SI,汽车零部件,850922.SI,车身附件及饰件,301229.SZ,纽泰格,20220211,,Y
801150.SI,医药生物,801156.SI,医疗服务,851563.SI,医疗研发外包,301230.SZ,泓博医药,20220930,,Y
801760.SI,传媒,801769.SI,出版,857692.SI,大众出版,301231.SZ,荣信文化,20220819,,Y
801730.SI,电力设备,801736.SI,风电设备,857362.SI,风电零部件,301232.SZ,飞沃科技,20230526,,Y
801880.SI,汽车,801093.SI,汽车零部件,850925.SI,其他汽车零部件,301233.SZ,盛帮股份,20220610,,Y
801150.SI,医药生物,801153.SI,医疗器械,851533.SI,医疗耗材,301234.SZ,五洲医疗,20220624,,Y
801150.SI,医药生物,801153.SI,医疗器械,851532.SI,医疗设备,301235.SZ,华康医疗,20220121,,Y
801750.SI,计算机,801103.SI,IT服务Ⅱ,852226.SI,IT服务Ⅲ,301236.SZ,软通动力,20220225,,Y
801030.SI,基础化工,801036.SI,塑料,850355.SI,膜材料,301237.SZ,和顺科技,20220304,,Y
801730.SI,电力设备,801737.SI,电池,857372.SI,电池化学品,301238.SZ,瑞泰新材,20220602,,Y
801150.SI,医药生物,801156.SI,医疗服务,851564.SI,医院,301239.SZ,普瑞眼科,20220610,,Y
801150.SI,医药生物,801151.SI,化学制药,851511.SI,原料药,301246.SZ,宏源药业,20230224,,Y
801750.SI,计算机,801103.SI,IT服务Ⅱ,852226.SI,IT服务Ⅲ,301248.SZ,杰创智能,20220401,,Y
801080.SI,电子,801083.SI,元件,850822.SI,印制电路板,301251.SZ,威尔高,20230821,,Y
801110.SI,家用电器,801116.SI,家电零部件Ⅱ,851161.SI,家电零部件Ⅲ,301252.SZ,同星科技,20230512,,Y
801890.SI,机械设备,801072.SI,通用设备,850751.SI,金属制品,301255.SZ,通力科技,20221209,,Y
801030.SI,基础化工,801033.SI,化学原料,850323.SI,无机盐,301256.SZ,华融化学,20220304,,Y
801150.SI,医药生物,801156.SI,医疗服务,851563.SI,医疗研发外包,301257.SZ,普蕊斯,20220429,,Y
801150.SI,医药生物,801151.SI,化学制药,851511.SI,原料药,301258.SZ,富士莱,20220311,,Y
801970.SI,环保,801971.SI,环境治理,859714.SI,综合环境治理,301259.SZ,艾布鲁,20220408,,Y
801890.SI,机械设备,801074.SI,专用设备,850723.SI,农用机械,301260.SZ,格力博,20230120,,Y
801890.SI,机械设备,801072.SI,通用设备,850751.SI,金属制品,301261.SZ,恒工精密,20230630,,Y
801760.SI,传媒,801995.SI,电视广播Ⅱ,859951.SI,电视广播Ⅲ,301262.SZ,海看股份,20230609,,Y
801150.SI,医药生物,801151.SI,化学制药,851512.SI,化学制剂,301263.SZ,泰恩康,20220311,,Y
801970.SI,环保,801971.SI,环境治理,859713.SI,固废治理,301265.SZ,华新环保,20221125,,Y
801730.SI,电力设备,801735.SI,光伏设备,857354.SI,光伏辅材,301266.SZ,宇邦新材,20220520,,Y
801150.SI,医药生物,801156.SI,医疗服务,851564.SI,医院,301267.SZ,华厦眼科,20221104,,Y
801890.SI,机械设备,801072.SI,通用设备,850751.SI,金属制品,301268.SZ,铭利达,20220318,,Y
801750.SI,计算机,801104.SI,软件开发,851041.SI,垂直应用软件,301269.SZ,华大九天,20220715,,Y
801750.SI,计算机,801104.SI,软件开发,851042.SI,横向通用软件,301270.SZ,汉仪股份,20220812,,Y
801890.SI,机械设备,801072.SI,通用设备,850715.SI,制冷空调设备,301272.SZ,英华特,20230630,,Y
801890.SI,机械设备,801072.SI,通用设备,850716.SI,其他通用设备,301273.SZ,瑞晨环保,20220923,,Y
801130.SI,纺织服饰,801132.SI,服装家纺,851329.SI,非运动服装,301276.SZ,嘉曼服饰,20220826,,Y
801150.SI,医药生物,801151.SI,化学制药,851511.SI,原料药,301277.SZ,新天地,20221028,,Y
801730.SI,电力设备,801735.SI,光伏设备,857354.SI,光伏辅材,301278.SZ,快可电子,20220725,,Y
801890.SI,机械设备,801077.SI,工程机械,850772.SI,工程机械器件,301279.SZ,金道科技,20220325,,Y
801080.SI,电子,801085.SI,消费电子,850854.SI,消费电子零部件及组装,301280.SZ,珠城科技,20221202,,Y
801150.SI,医药生物,801151.SI,化学制药,851511.SI,原料药,301281.SZ,科源制药,20230317,,Y
801080.SI,电子,801083.SI,元件,850822.SI,印制电路板,301282.SZ,金禄电子,20220805,,Y
801030.SI,基础化工,801034.SI,化学制品,850137.SI,胶黏剂及胶带,301283.SZ,聚胶股份,20220819,,Y
801080.SI,电子,801085.SI,消费电子,850854.SI,消费电子零部件及组装,301285.SZ,鸿日达,20220909,,Y
801030.SI,基础化工,801034.SI,化学制品,850339.SI,其他化学制品,301286.SZ,侨源股份,20170419,,Y
801140.SI,轻工制造,801145.SI,文娱用品,851452.SI,娱乐用品,301287.SZ,康力源,20230609,,Y
801970.SI,环保,801972.SI,环保设备Ⅱ,859721.SI,环保设备Ⅲ,301288.SZ,清研环境,20220401,,Y
801210.SI,社会服务,801218.SI,专业服务,852182.SI,检测服务,301289.SZ,国缆检测,20220610,,Y
801150.SI,医药生物,801153.SI,医疗器械,851532.SI,医疗设备,301290.SZ,东星医疗,20221111,,Y
801730.SI,电力设备,801738.SI,电网设备,857382.SI,配电设备,301291.SZ,明阳电气,20230609,,Y
801730.SI,电力设备,801737.SI,电池,857372.SI,电池化学品,301292.SZ,海科新源,20230609,,Y
801150.SI,医药生物,801156.SI,医疗服务,851564.SI,医院,301293.SZ,三博脑科,20230414,,Y
801730.SI,电力设备,801738.SI,电网设备,857381.SI,输变电设备,301295.SZ,美硕科技,20230609,,Y
801140.SI,轻工制造,801141.SI,包装印刷,851425.SI,纸包装,301296.SZ,新巨丰,20220819,,Y
801080.SI,电子,801081.SI,半导体,850818.SI,半导体设备,301297.SZ,富乐德,20221223,,Y
801880.SI,汽车,801093.SI,汽车零部件,850925.SI,其他汽车零部件,301298.SZ,东利机械,20220520,,Y
801760.SI,传媒,801767.SI,数字媒体,857674.SI,门户网站,301299.SZ,卓创资讯,20220930,,Y
801030.SI,基础化工,801037.SI,橡胶,850363.SI,炭黑,301300.SZ,远翔新材,20220805,,Y
801150.SI,医药生物,801151.SI,化学制药,851512.SI,化学制剂,301301.SZ,川宁生物,20221209,,Y
801740.SI,国防军工,801745.SI,军工电子Ⅱ,857451.SI,军工电子Ⅲ,301302.SZ,华如科技,20220602,,Y
801890.SI,机械设备,801072.SI,通用设备,850731.SI,仪器仪表,301303.SZ,真兰仪表,20230213,,Y
801970.SI,环保,801971.SI,环境治理,859713.SI,固废治理,301305.SZ,朗坤环境,20230504,,Y
801740.SI,国防军工,801745.SI,军工电子Ⅱ,857451.SI,军工电子Ⅲ,301306.SZ,西测测试,20220708,,Y
801770.SI,通信,801102.SI,通信设备,851024.SI,通信网络设备及器件,301307.SZ,美利信,20230331,,Y
801080.SI,电子,801081.SI,半导体,850814.SI,数字芯片设计,301308.SZ,江波龙,20220725,,Y
801890.SI,机械设备,801072.SI,通用设备,850751.SI,金属制品,301309.SZ,万得凯,20220902,,Y
801880.SI,汽车,801093.SI,汽车零部件,850926.SI,汽车电子电气系统,301310.SZ,鑫宏业,20230526,,Y
801890.SI,机械设备,801072.SI,通用设备,850716.SI,其他通用设备,301311.SZ,昆船智能,20221121,,Y
801890.SI,机械设备,801078.SI,自动化设备,850784.SI,其他自动化设备,301312.SZ,智立方,20220701,,Y
801760.SI,传媒,801767.SI,数字媒体,857676.SI,其他数字媒体,301313.SZ,凡拓数创,20220916,,Y
801770.SI,通信,801102.SI,通信设备,851024.SI,通信网络设备及器件,301314.SZ,科瑞思,20230317,,Y
801750.SI,计算机,801104.SI,软件开发,851042.SI,横向通用软件,301315.SZ,威士顿,20230609,,Y
801750.SI,计算机,801103.SI,IT服务Ⅱ,852226.SI,IT服务Ⅲ,301316.SZ,慧博云通,20220916,,Y
801890.SI,机械设备,801072.SI,通用设备,850716.SI,其他通用设备,301317.SZ,鑫磊股份,20230106,,Y
801750.SI,计算机,801101.SI,计算机设备,850702.SI,安防设备,301318.SZ,维海德,20220725,,Y
801080.SI,电子,801086.SI,电子化学品Ⅱ,850861.SI,电子化学品Ⅲ,301319.SZ,唯特偶,20220909,,Y
801890.SI,机械设备,801078.SI,自动化设备,850782.SI,工控设备,301320.SZ,豪江智能,20230526,,Y
801080.SI,电子,801084.SI,光学光电子,850831.SI,面板,301321.SZ,翰博高新,20220818,,Y
801880.SI,汽车,801881.SI,摩托车及其他,858811.SI,其他运输设备,301322.SZ,绿通科技,20230224,,Y
801050.SI,有色金属,801051.SI,金属新材料,850522.SI,磁性材料,301323.SZ,新莱福,20230526,,Y
801730.SI,电力设备,801737.SI,电池,857373.SI,锂电专用设备,301325.SZ,曼恩斯特,20230504,,Y
801080.SI,电子,801085.SI,消费电子,850854.SI,消费电子零部件及组装,301326.SZ,捷邦科技,20220902,,Y
801730.SI,电力设备,801737.SI,电池,857371.SI,锂电池,301327.SZ,华宝新能,20220902,,Y
801080.SI,电子,801082.SI,其他电子Ⅱ,850841.SI,其他电子Ⅲ,301328.SZ,维峰电子,20220819,,Y
801080.SI,电子,801085.SI,消费电子,850854.SI,消费电子零部件及组装,301329.SZ,信音电子,20230630,,Y
801750.SI,计算机,801101.SI,计算机设备,850702.SI,安防设备,301330.SZ,熵基科技,20220805,,Y
801150.SI,医药生物,801155.SI,中药Ⅱ,851521.SI,中药Ⅲ,301331.SZ,恩威医药,20220902,,Y
801110.SI,家用电器,801113.SI,小家电,851132.SI,清洁小家电,301332.SZ,德尔玛,20230504,,Y
801150.SI,医药生物,801156.SI,医疗服务,851563.SI,医疗研发外包,301333.SZ,诺思格,20220725,,Y
801140.SI,轻工制造,801145.SI,文娱用品,851452.SI,娱乐用品,301335.SZ,天元宠物,20221104,,Y
801140.SI,轻工制造,801142.SI,家居用品,851437.SI,成品家居,301336.SZ,趣睡科技,20220805,,Y
801750.SI,计算机,801104.SI,软件开发,851041.SI,垂直应用软件,301337.SZ,亚华电子,20230504,,Y
801890.SI,机械设备,801074.SI,专用设备,850727.SI,其他专用设备,301338.SZ,凯格精机,20220805,,Y
801750.SI,计算机,801101.SI,计算机设备,850703.SI,其他计算机设备,301339.SZ,通行宝,20220826,,Y
801880.SI,汽车,801881.SI,摩托车及其他,858812.SI,摩托车,301345.SZ,涛涛车业,20230224,,Y
801080.SI,电子,801081.SI,半导体,850817.SI,集成电路封测,301348.SZ,蓝箭电子,20230731,,Y
801730.SI,电力设备,801737.SI,电池,857372.SI,电池化学品,301349.SZ,信德新材,20220819,,Y
801890.SI,机械设备,801072.SI,通用设备,850716.SI,其他通用设备,301353.SZ,普莱得,20230526,,Y
801140.SI,轻工制造,801141.SI,包装印刷,851425.SI,纸包装,301355.SZ,南王科技,20230526,,Y
801140.SI,轻工制造,801142.SI,家居用品,851436.SI,瓷砖地板,301356.SZ,天振股份,20221021,,Y
801740.SI,国防军工,801743.SI,地面兵装Ⅱ,857431.SI,地面兵装Ⅲ,301357.SZ,北方长龙,20230331,,Y
801730.SI,电力设备,801737.SI,电池,857372.SI,电池化学品,301358.SZ,湖南裕能,20230120,,Y
801080.SI,电子,801082.SI,其他电子Ⅱ,850841.SI,其他电子Ⅲ,301359.SZ,东南电子,20221021,,Y
801890.SI,机械设备,801072.SI,通用设备,850731.SI,仪器仪表,301360.SZ,荣旗科技,20230331,,Y
801730.SI,电力设备,801738.SI,电网设备,857382.SI,配电设备,301361.SZ,众智科技,20221028,,Y
801110.SI,家用电器,801115.SI,照明设备Ⅱ,851151.SI,照明设备Ⅲ,301362.SZ,民爆光电,20230731,,Y
801150.SI,医药生物,801153.SI,医疗器械,851532.SI,医疗设备,301363.SZ,美好医疗,20220916,,Y
801720.SI,建筑装饰,801726.SI,工程咨询服务Ⅱ,857261.SI,工程咨询服务Ⅲ,301365.SZ,矩阵股份,20221104,,Y
801080.SI,电子,801083.SI,元件,850822.SI,印制电路板,301366.SZ,一博科技,20220909,,Y
801150.SI,医药生物,801153.SI,医疗器械,851532.SI,医疗设备,301367.SZ,怡和嘉业,20220930,,Y
801890.SI,机械设备,801072.SI,通用设备,850751.SI,金属制品,301368.SZ,丰立智能,20221125,,Y
801080.SI,电子,801081.SI,半导体,850818.SI,半导体设备,301369.SZ,联动科技,20220909,,Y
801150.SI,医药生物,801153.SI,医疗器械,851533.SI,医疗耗材,301370.SZ,国科恒泰,20230630,,Y
801980.SI,美容护理,801982.SI,化妆品,859822.SI,品牌化妆品,301371.SZ,敷尔佳,20230714,,Y
801970.SI,环保,801971.SI,环境治理,859712.SI,水务及水治理,301372.SZ,科净源,20230731,,Y
801030.SI,基础化工,801034.SI,化学制品,850339.SI,其他化学制品,301373.SZ,凌玮科技,20230120,,Y
801140.SI,轻工制造,801142.SI,家居用品,851437.SI,成品家居,301376.SZ,致欧科技,20230609,,Y
801890.SI,机械设备,801072.SI,通用设备,850751.SI,金属制品,301377.SZ,鼎泰高科,20221104,,Y
801750.SI,计算机,801104.SI,软件开发,851041.SI,垂直应用软件,301378.SZ,通达海,20230224,,Y
801080.SI,电子,801084.SI,光学光电子,850831.SI,面板,301379.SZ,天山电子,20220930,,Y
801770.SI,通信,801223.SI,通信服务,852214.SI,通信应用增值服务,301380.SZ,挖金客,20220930,,Y
801200.SI,商贸零售,801206.SI,互联网电商,852062.SI,跨境电商,301381.SZ,赛维时代,20230630,,Y
801770.SI,通信,801223.SI,通信服务,852214.SI,通信应用增值服务,301382.SZ,蜂助手,20230504,,Y
801080.SI,电子,801085.SI,消费电子,850854.SI,消费电子零部件及组装,301383.SZ,天键股份,20230526,,Y
801730.SI,电力设备,801738.SI,电网设备,857382.SI,配电设备,301386.SZ,未来电器,20230310,,Y
801080.SI,电子,801085.SI,消费电子,850854.SI,消费电子零部件及组装,301387.SZ,光大同创,20230331,,Y
801730.SI,电力设备,801738.SI,电网设备,857382.SI,配电设备,301388.SZ,欣灵电气,20221109,,Y
801080.SI,电子,801085.SI,消费电子,850854.SI,消费电子零部件及组装,301389.SZ,隆扬电子,20220930,,Y
801720.SI,建筑装饰,801724.SI,专业工程,857244.SI,其他专业工程,301390.SZ,经纬股份,20230504,,Y
801750.SI,计算机,801101.SI,计算机设备,850703.SI,其他计算机设备,301391.SZ,卡莱特,20221121,,Y
801890.SI,机械设备,801074.SI,专用设备,850727.SI,其他专用设备,301392.SZ,汇成真空,20240517,,Y
801150.SI,医药生物,801152.SI,生物制品,851524.SI,其他生物制品,301393.SZ,昊帆生物,20230630,,Y
801030.SI,基础化工,801036.SI,塑料,850354.SI,合成树脂,301395.SZ,仁信新材,20230609,,Y
801750.SI,计算机,801103.SI,IT服务Ⅱ,852226.SI,IT服务Ⅲ,301396.SZ,宏景科技,20221028,,Y
801880.SI,汽车,801093.SI,汽车零部件,850923.SI,底盘与发动机系统,301397.SZ,溯联股份,20230609,,Y
801880.SI,汽车,801093.SI,汽车零部件,850922.SI,车身附件及饰件,301398.SZ,星源卓镁,20221125,,Y
801890.SI,机械设备,801072.SI,通用设备,850715.SI,制冷空调设备,301399.SZ,英特科技,20230504,,Y
801150.SI,医药生物,801154.SI,医药商业,851543.SI,线下药店,301408.SZ,华人健康,20230213,,Y
801890.SI,机械设备,801072.SI,通用设备,850731.SI,仪器仪表,301413.SZ,安培龙,20231201,,Y
801890.SI,机械设备,801078.SI,自动化设备,850782.SI,工控设备,301418.SZ,协昌科技,20230731,,Y
801770.SI,通信,801102.SI,通信设备,851024.SI,通信网络设备及器件,301419.SZ,阿莱德,20230120,,Y
801080.SI,电子,801084.SI,光学光电子,850833.SI,光学元件,301421.SZ,波长光电,20230821,,Y
801770.SI,通信,801223.SI,通信服务,852214.SI,通信应用增值服务,301428.SZ,世纪恒通,20230504,,Y
801710.SI,建筑材料,801713.SI,装修建材,850614.SI,其他建材,301429.SZ,森泰股份,20230331,,Y
801730.SI,电力设备,801738.SI,电网设备,857344.SI,线缆部件及其他,301439.SZ,泓淋电力,20230224,,Y
801890.SI,机械设备,801077.SI,工程机械,850772.SI,工程机械器件,301446.SZ,福事特,20230714,,Y
801890.SI,机械设备,801072.SI,通用设备,850716.SI,其他通用设备,301448.SZ,开创电气,20230609,,Y
801730.SI,电力设备,801736.SI,风电设备,857362.SI,风电零部件,301456.SZ,盘古智能,20230630,,Y
801030.SI,基础化工,801037.SI,橡胶,850362.SI,其他橡胶制品,301459.SZ,丰茂股份,20231201,,Y
801890.SI,机械设备,801072.SI,通用设备,850716.SI,其他通用设备,301468.SZ,博盈特焊,20230630,,Y
801140.SI,轻工制造,801143.SI,造纸,851413.SI,特种纸,301469.SZ,恒达新材,20230731,,Y
801080.SI,电子,801085.SI,消费电子,850854.SI,消费电子零部件及组装,301486.SZ,致尚科技,20230630,,Y
801730.SI,电力设备,801737.SI,电池,857372.SI,电池化学品,301487.SZ,盟固利,20230731,,Y
801880.SI,汽车,801093.SI,汽车零部件,850926.SI,汽车电子电气系统,301488.SZ,豪恩汽电,20230609,,Y
801080.SI,电子,801086.SI,电子化学品Ⅱ,850861.SI,电子化学品Ⅲ,301489.SZ,思泉新材,20231013,,Y
801010.SI,农林牧渔,801014.SI,饲料,850144.SI,宠物食品,301498.SZ,乖宝宠物,20230731,,Y
801880.SI,汽车,801093.SI,汽车零部件,850926.SI,汽车电子电气系统,301499.SZ,维科精密,20230630,,Y
801050.SI,有色金属,801055.SI,工业金属,850552.SI,铜,301500.SZ,飞南资源,20230908,,Y
801730.SI,电力设备,801731.SI,电机Ⅱ,850741.SI,电机Ⅲ,301502.SZ,华阳智能,20240119,,Y
801750.SI,计算机,801101.SI,计算机设备,850703.SI,其他计算机设备,301503.SZ,智迪科技,20230630,,Y
801720.SI,建筑装饰,801726.SI,工程咨询服务Ⅱ,857261.SI,工程咨询服务Ⅲ,301505.SZ,苏州规划,20230630,,Y
801150.SI,医药生物,801151.SI,化学制药,851512.SI,化学制剂,301507.SZ,民生健康,20230821,,Y
801210.SI,社会服务,801218.SI,专业服务,852182.SI,检测服务,301508.SZ,中机认检,20231117,,Y
801150.SI,医药生物,801156.SI,医疗服务,851563.SI,医疗研发外包,301509.SZ,金凯生科,20230714,,Y
801890.SI,机械设备,801078.SI,自动化设备,850782.SI,工控设备,301510.SZ,固高科技,20230731,,Y
801730.SI,电力设备,801737.SI,电池,857371.SI,锂电池,301511.SZ,德福科技,20230731,,Y
801890.SI,机械设备,801078.SI,自动化设备,850784.SI,其他自动化设备,301512.SZ,智信精密,20230714,,Y
801150.SI,医药生物,801153.SI,医疗器械,851532.SI,医疗设备,301515.SZ,港通医疗,20230714,,Y
801730.SI,电力设备,801733.SI,其他电源设备Ⅱ,857336.SI,其他电源设备Ⅲ,301516.SZ,中远通,20231117,,Y
801740.SI,国防军工,801745.SI,军工电子Ⅱ,857451.SI,军工电子Ⅲ,301517.SZ,陕西华达,20231013,,Y
801030.SI,基础化工,801034.SI,化学制品,850339.SI,其他化学制品,301518.SZ,长华化学,20230714,,Y
801970.SI,环保,801971.SI,环境治理,859712.SI,水务及水治理,301519.SZ,舜禹股份,20230714,,Y
801150.SI,医药生物,801156.SI,医疗服务,851563.SI,医疗研发外包,301520.SZ,万邦医药,20230908,,Y
801890.SI,机械设备,801072.SI,通用设备,850715.SI,制冷空调设备,301525.SZ,儒竞科技,20230821,,Y
801710.SI,建筑材料,801712.SI,玻璃玻纤,857122.SI,玻纤制造,301526.SZ,国际复材,20231208,,Y
801890.SI,机械设备,801072.SI,通用设备,850731.SI,仪器仪表,301528.SZ,多浦乐,20230821,,Y
801880.SI,汽车,801093.SI,汽车零部件,850922.SI,车身附件及饰件,301529.SZ,福赛科技,20230908,,Y
801890.SI,机械设备,801074.SI,专用设备,850723.SI,农用机械,301533.SZ,威马农机,20230731,,Y
801080.SI,电子,801081.SI,半导体,850814.SI,数字芯片设计,301536.SZ,星宸科技,20240318,,Y
801030.SI,基础化工,801036.SI,塑料,850353.SI,改性塑料,301538.SZ,骏鼎达,20240301,,Y
801880.SI,汽车,801093.SI,汽车零部件,850924.SI,轮胎轮毂,301539.SZ,宏鑫科技,20240322,,Y
801890.SI,机械设备,801072.SI,通用设备,850751.SI,金属制品,301548.SZ,崇德科技,20230908,,Y
801880.SI,汽车,801093.SI,汽车零部件,850924.SI,轮胎轮毂,301550.SZ,斯菱股份,20230908,,Y
801880.SI,汽车,801093.SI,汽车零部件,850922.SI,车身附件及饰件,301552.SZ,科力装备,20240705,,Y
801030.SI,基础化工,801036.SI,塑料,850354.SI,合成树脂,301555.SZ,惠柏新材,20231013,,Y
801200.SI,商贸零售,801206.SI,互联网电商,852062.SI,跨境电商,301558.SZ,三态股份,20230915,,Y
801890.SI,机械设备,801072.SI,通用设备,850751.SI,金属制品,301559.SZ,中集环科,20221121,,Y
801030.SI,基础化工,801036.SI,塑料,850355.SI,膜材料,301565.SZ,中仑新材,20240531,,Y
801080.SI,电子,801083.SI,元件,850823.SI,被动元件,301566.SZ,达利凯普,20231222,,Y
801080.SI,电子,801085.SI,消费电子,850854.SI,消费电子零部件及组装,301567.SZ,贝隆精密,20240108,,Y
801890.SI,机械设备,801078.SI,自动化设备,850784.SI,其他自动化设备,301568.SZ,思泰克,20231117,,Y
801770.SI,通信,801102.SI,通信设备,851024.SI,通信网络设备及器件,301577.SZ,美信科技,20240112,,Y
801110.SI,家用电器,801112.SI,黑色家电,851122.SI,其他黑色家电,301578.SZ,辰奕智能,20231222,,Y
801150.SI,医药生物,801153.SI,医疗器械,851533.SI,医疗耗材,301580.SZ,爱迪特,20240614,,Y
801730.SI,电力设备,801737.SI,电池,857371.SI,锂电池,301587.SZ,中瑞股份,20240318,,Y
801140.SI,轻工制造,801142.SI,家居用品,851436.SI,瓷砖地板,301588.SZ,美新科技,20240301,,Y
801750.SI,计算机,801101.SI,计算机设备,850703.SI,其他计算机设备,301589.SZ,诺瓦星云,20240126,,Y
801030.SI,基础化工,801036.SI,塑料,850351.SI,其他塑料制品,301591.SZ,肯特股份,20240202,,Y
801890.SI,机械设备,801072.SI,通用设备,850751.SI,金属制品,301596.SZ,瑞迪智驱,20240509,,Y
801890.SI,机械设备,801072.SI,通用设备,850711.SI,机床工具,301603.SZ,乔锋智能,20240704,,Y
801080.SI,电子,801085.SI,消费电子,850853.SI,品牌消费电子,301606.SZ,C绿联科,20240705,,Y
801750.SI,计算机,801101.SI,计算机设备,850703.SI,其他计算机设备,301608.SZ,博实结,20240712,,Y
801150.SI,医药生物,801151.SI,化学制药,851512.SI,化学制剂,430017.BJ,星昊医药,20230530,,Y
801150.SI,医药生物,801152.SI,生物制品,851524.SI,其他生物制品,430047.BJ,诺思兰德,20201124,,Y
801750.SI,计算机,801101.SI,计算机设备,850703.SI,其他计算机设备,430090.BJ,同辉信息,20230410,,Y
801080.SI,电子,801081.SI,半导体,850817.SI,集成电路封测,430139.BJ,华岭股份,20220930,,Y
801750.SI,计算机,801101.SI,计算机设备,850702.SI,安防设备,430198.BJ,微创光电,20200727,,Y
801150.SI,医药生物,801153.SI,医疗器械,851532.SI,医疗设备,430300.BJ,辰光医疗,20221206,,Y
801880.SI,汽车,801093.SI,汽车零部件,850923.SI,底盘与发动机系统,430418.BJ,苏轴股份,20200727,,Y
801890.SI,机械设备,801078.SI,自动化设备,850782.SI,工控设备,430425.BJ,乐创技术,20230410,,Y
801890.SI,机械设备,801072.SI,通用设备,850731.SI,仪器仪表,430476.BJ,海能技术,20221026,,Y
801150.SI,医药生物,801151.SI,化学制药,851511.SI,原料药,430478.BJ,峆一药业,20230224,,Y
801030.SI,基础化工,801033.SI,化学原料,850324.SI,其他化学原料,430489.BJ,佳先股份,20200727,,Y
801890.SI,机械设备,801072.SI,通用设备,850751.SI,金属制品,430510.BJ,丰光精密,20230410,,Y
801750.SI,计算机,801103.SI,IT服务Ⅱ,852226.SI,IT服务Ⅲ,430564.BJ,天润科技,20230410,,Y
801890.SI,机械设备,801072.SI,通用设备,850731.SI,仪器仪表,430685.BJ,新芝生物,20220930,,Y
801110.SI,家用电器,801116.SI,家电零部件Ⅱ,851161.SI,家电零部件Ⅲ,430718.BJ,合肥高科,20221227,,Y
801780.SI,银行,801783.SI,股份制银行Ⅱ,857831.SI,股份制银行Ⅲ,600000.SH,浦发银行,19991110,,Y
801040.SI,钢铁,801044.SI,普钢,850443.SI,钢铁管材,600001.SH,邯郸钢铁(退市),19980122,,Y
801170.SI,交通运输,801992.SI,航运港口,851711.SI,港口,600002.SH,齐鲁石化(退市),19980408,,Y
801170.SI,交通运输,801179.SI,铁路公路,851731.SI,高速公路,600003.SH,ST东北高(退市),19990810,,Y
801170.SI,交通运输,801991.SI,航空机场,851751.SI,机场,600004.SH,白云机场,20210730,,Y
801040.SI,钢铁,801044.SI,普钢,850443.SI,钢铁管材,600005.SH,武钢股份(退市),19990803,,Y
801880.SI,汽车,801096.SI,商用车,850912.SI,商用载货车,600006.SH,东风股份,20210730,,Y
801180.SI,房地产,801181.SI,房地产开发,851812.SI,商业地产,600007.SH,中国国贸,20210730,,Y
801970.SI,环保,801971.SI,环境治理,859712.SI,水务及水治理,600008.SH,首创环保,20000424,,Y
801170.SI,交通运输,801991.SI,航空机场,851751.SI,机场,600009.SH,上海机场,20210730,,Y
801040.SI,钢铁,801044.SI,普钢,850442.SI,板材,600010.SH,包钢股份,20010222,,Y
801160.SI,公用事业,801161.SI,电力,851611.SI,火力发电,600011.SH,华能国际,20011206,,Y
801170.SI,交通运输,801179.SI,铁路公路,851731.SI,高速公路,600012.SH,皖通高速,20210730,,Y
801780.SI,银行,801783.SI,股份制银行Ⅱ,857831.SI,股份制银行Ⅲ,600015.SH,华夏银行,20030910,,Y
801780.SI,银行,801783.SI,股份制银行Ⅱ,857831.SI,股份制银行Ⅲ,600016.SH,民生银行,20001219,,Y
801170.SI,交通运输,801992.SI,航运港口,851711.SI,港口,600017.SH,日照港,20210730,,Y
801170.SI,交通运输,801992.SI,航运港口,851711.SI,港口,600018.SH,上港集团,20210730,,Y
801040.SI,钢铁,801044.SI,普钢,850442.SI,板材,600019.SH,宝钢股份,20001212,,Y
801170.SI,交通运输,801179.SI,铁路公路,851731.SI,高速公路,600020.SH,中原高速,20210730,,Y
801160.SI,公用事业,801161.SI,电力,851611.SI,火力发电,600021.SH,上海电力,20031027,,Y
801040.SI,钢铁,801044.SI,普钢,850442.SI,板材,600022.SH,山东钢铁,20040628,,Y
801160.SI,公用事业,801161.SI,电力,851611.SI,火力发电,600023.SH,浙能电力,20130121,,Y
801160.SI,公用事业,801161.SI,电力,851612.SI,水力发电,600025.SH,华能水电,20171121,,Y
801170.SI,交通运输,801992.SI,航运港口,851761.SI,航运,600026.SH,中远海能,20210730,,Y
801160.SI,公用事业,801161.SI,电力,851611.SI,火力发电,600027.SH,华电国际,20050203,,Y
801960.SI,石油石化,801963.SI,炼化及贸易,859631.SI,炼油化工,600028.SH,中国石化,20010808,,Y
801170.SI,交通运输,801991.SI,航空机场,851741.SI,航空运输,600029.SH,南方航空,20210730,,Y
801790.SI,非银金融,801193.SI,证券Ⅱ,851931.SI,证券Ⅲ,600030.SH,中信证券,20030106,,Y
801890.SI,机械设备,801077.SI,工程机械,850771.SI,工程机械整机,600031.SH,三一重工,20030626,,Y
801160.SI,公用事业,801161.SI,电力,851616.SI,光伏发电,600032.SH,浙江新能,20210415,,Y
801170.SI,交通运输,801179.SI,铁路公路,851731.SI,高速公路,600033.SH,福建高速,20210730,,Y
801170.SI,交通运输,801179.SI,铁路公路,851731.SI,高速公路,600035.SH,楚天高速,20210730,,Y
801780.SI,银行,801783.SI,股份制银行Ⅱ,857831.SI,股份制银行Ⅲ,600036.SH,招商银行,20020409,,Y
801760.SI,传媒,801995.SI,电视广播Ⅱ,859951.SI,电视广播Ⅲ,600037.SH,歌华有线,20010208,,Y
801740.SI,国防军工,801742.SI,航空装备Ⅱ,857421.SI,航空装备Ⅲ,600038.SH,中直股份,20001218,,Y
801720.SI,建筑装饰,801723.SI,基础建设,857236.SI,基建市政工程,600039.SH,四川路桥,20030325,,Y
801180.SI,房地产,801181.SI,房地产开发,851811.SI,住宅开发,600048.SH,保利发展,20060711,,Y
801770.SI,通信,801223.SI,通信服务,852212.SI,电信运营商,600050.SH,中国联通,20021008,,Y
801230.SI,综合,801231.SI,综合Ⅱ,852311.SI,综合Ⅲ,600051.SH,宁波联合,20070702,,Y
801160.SI,公用事业,801161.SI,电力,851614.SI,热力服务,600052.SH,东望时代,20230704,,Y
801790.SI,非银金融,801191.SI,多元金融,851927.SI,资产管理,600053.SH,九鼎投资,20180713,,Y
801210.SI,社会服务,801993.SI,旅游及景区,852112.SI,自然景区,600054.SH,黄山旅游,20210730,,Y
801150.SI,医药生物,801153.SI,医疗器械,851532.SI,医疗设备,600055.SH,万东医疗,19970519,,Y
801150.SI,医药生物,801154.SI,医药商业,851542.SI,医药流通,600056.SH,中国医药,20140701,,Y
801170.SI,交通运输,801178.SI,物流,851782.SI,原材料供应链服务,600057.SH,厦门象屿,20020830,,Y
801200.SI,商贸零售,801202.SI,贸易Ⅱ,852021.SI,贸易Ⅲ,600058.SH,五矿发展,19970528,,Y
801120.SI,食品饮料,801126.SI,非白酒,851233.SI,其他酒类,600059.SH,古越龙山,20110110,,Y
801110.SI,家用电器,801112.SI,黑色家电,851121.SI,彩电,600060.SH,海信视像,19970422,,Y
801790.SI,非银金融,801191.SI,多元金融,851922.SI,金融控股,600061.SH,国投资本,20210730,,Y
801150.SI,医药生物,801151.SI,化学制药,851512.SI,化学制剂,600062.SH,华润双鹤,19970522,,Y
801030.SI,基础化工,801032.SI,化学纤维,850344.SI,其他化学纤维,600063.SH,皖维高新,19970528,,Y
801180.SI,房地产,801181.SI,房地产开发,851811.SI,住宅开发,600064.SH,南京高科,19970506,,Y
801170.SI,交通运输,801992.SI,航运港口,851711.SI,港口,600065.SH,*ST联谊(退市),19970523,,Y
801880.SI,汽车,801096.SI,商用车,850913.SI,商用载客车,600066.SH,宇通客车,20210730,,Y
801180.SI,房地产,801181.SI,房地产开发,851811.SI,住宅开发,600067.SH,冠城大通,20090105,,Y
801720.SI,建筑装饰,801723.SI,基础建设,857236.SI,基建市政工程,600068.SH,葛洲坝(退市),19970526,,Y
801140.SI,轻工制造,801143.SI,造纸,851412.SI,大宗用纸,600069.SH,退市银鸽(退市),19970430,,Y
801230.SI,综合,801231.SI,综合Ⅱ,852311.SI,综合Ⅲ,600070.SH,*ST富润,20180713,,Y
801080.SI,电子,801084.SI,光学光电子,850833.SI,光学元件,600071.SH,凤凰光学,20210730,,Y
801740.SI,国防军工,801744.SI,航海装备Ⅱ,850935.SI,航海装备Ⅲ,600072.SH,中船科技,19970603,,Y
801120.SI,食品饮料,801124.SI,食品加工,851241.SI,肉制品,600073.SH,光明肉业,20190724,,Y
801080.SI,电子,801082.SI,其他电子Ⅱ,850841.SI,其他电子Ⅲ,600074.SH,退市保千(退市),20150401,,Y
801030.SI,基础化工,801033.SI,化学原料,850322.SI,氯碱,600075.SH,新疆天业,20080102,,Y
801140.SI,轻工制造,801141.SI,包装印刷,851426.SI,综合包装,600076.SH,康欣新材,20220729,,Y
801180.SI,房地产,801181.SI,房地产开发,851811.SI,住宅开发,600077.SH,*ST宋都(退市),19970505,,Y
801030.SI,基础化工,801038.SI,农化制品,850332.SI,磷肥及磷化工,600078.SH,澄星股份,20110110,,Y
801150.SI,医药生物,801151.SI,化学制药,851512.SI,化学制剂,600079.SH,人福医药,19970606,,Y
801150.SI,医药生物,801155.SI,中药Ⅱ,851521.SI,中药Ⅲ,600080.SH,金花股份,19970612,,Y
801880.SI,汽车,801093.SI,汽车零部件,850922.SI,车身附件及饰件,600081.SH,东风科技,19970703,,Y
801180.SI,房地产,801181.SI,房地产开发,851813.SI,产业地产,600082.SH,海泰发展,20190724,,Y
801230.SI,综合,801231.SI,综合Ⅱ,852311.SI,综合Ⅲ,600083.SH,*ST博信,20110110,,Y
801120.SI,食品饮料,801126.SI,非白酒,851233.SI,其他酒类,600084.SH,中信尼雅,20070702,,Y
801150.SI,医药生物,801155.SI,中药Ⅱ,851521.SI,中药Ⅲ,600085.SH,同仁堂,19970625,,Y
801130.SI,纺织服饰,801133.SI,饰品,851331.SI,钟表珠宝,600086.SH,退市金钰(退市),19970606,,Y
801170.SI,交通运输,801992.SI,航运港口,851761.SI,航运,600087.SH,退市长油(退市),19970612,,Y
801760.SI,传媒,801766.SI,影视院线,857661.SI,影视动漫制作,600088.SH,中视传媒,20220729,,Y
801730.SI,电力设备,801738.SI,电网设备,857381.SI,输变电设备,600089.SH,特变电工,19970618,,Y
801150.SI,医药生物,801154.SI,医药商业,851542.SI,医药流通,600090.SH,退市济堂(退市),20170629,,Y
801030.SI,基础化工,801033.SI,化学原料,850322.SI,氯碱,600091.SH,退市明科(退市),19970704,,Y
801040.SI,钢铁,801044.SI,普钢,850443.SI,钢铁管材,600092.SH,S*ST精密(退市),19970626,,Y
801790.SI,非银金融,801191.SI,多元金融,851928.SI,其他多元金融,600093.SH,退市易见(退市),19970626,,Y
801180.SI,房地产,801181.SI,房地产开发,851811.SI,住宅开发,600094.SH,大名城,20120702,,Y
801790.SI,非银金融,801193.SI,证券Ⅱ,851931.SI,证券Ⅲ,600095.SH,湘财股份,20200709,,Y
801030.SI,基础化工,801038.SI,农化制品,850332.SI,磷肥及磷化工,600096.SH,云天化,20210730,,Y
801010.SI,农林牧渔,801015.SI,渔业,850121.SI,海洋捕捞,600097.SH,开创国际,19970619,,Y
801160.SI,公用事业,801161.SI,电力,851611.SI,火力发电,600098.SH,广州发展,19970718,,Y
801880.SI,汽车,801881.SI,摩托车及其他,858811.SI,其他运输设备,600099.SH,林海股份,19970704,,Y
801750.SI,计算机,801101.SI,计算机设备,850703.SI,其他计算机设备,600100.SH,同方股份,19970627,,Y
801160.SI,公用事业,801161.SI,电力,851610.SI,电能综合服务,600101.SH,明星电力,20210730,,Y
801040.SI,钢铁,801044.SI,普钢,850443.SI,钢铁管材,600102.SH,莱钢股份(退市),19970828,,Y
801140.SI,轻工制造,801143.SI,造纸,851413.SI,特种纸,600103.SH,青山纸业,19970703,,Y
801880.SI,汽车,801095.SI,乘用车,850952.SI,综合乘用车,600104.SH,上汽集团,19971125,,Y
801770.SI,通信,801102.SI,通信设备,851025.SI,通信线缆及配套,600105.SH,永鼎股份,19970929,,Y
801170.SI,交通运输,801179.SI,铁路公路,851731.SI,高速公路,600106.SH,重庆路桥,20210730,,Y
801130.SI,纺织服饰,801132.SI,服装家纺,851329.SI,非运动服装,600107.SH,美尔雅,19971106,,Y
801010.SI,农林牧渔,801016.SI,种植业,850113.SI,其他种植业,600108.SH,亚盛集团,19970818,,Y
801790.SI,非银金融,801193.SI,证券Ⅱ,851931.SI,证券Ⅲ,600109.SH,国金证券,19970807,,Y
801730.SI,电力设备,801737.SI,电池,857371.SI,锂电池,600110.SH,诺德股份,20220729,,Y
801050.SI,有色金属,801054.SI,小金属,850541.SI,稀土,600111.SH,北方稀土,20080602,,Y
801200.SI,商贸零售,801203.SI,一般零售,852034.SI,商业物业经营,600113.SH,浙江东日,20180713,,Y
801890.SI,机械设备,801072.SI,通用设备,850751.SI,金属制品,600114.SH,东睦股份,20210730,,Y
801170.SI,交通运输,801991.SI,航空机场,851741.SI,航空运输,600115.SH,中国东航,20210730,,Y
801160.SI,公用事业,801161.SI,电力,851610.SI,电能综合服务,600116.SH,三峡水利,20210730,,Y
801040.SI,钢铁,801045.SI,特钢Ⅱ,850412.SI,特钢Ⅲ,600117.SH,西宁特钢,20210730,,Y
801740.SI,国防军工,801741.SI,航天装备Ⅱ,857411.SI,航天装备Ⅲ,600118.SH,中国卫星,20070702,,Y
801170.SI,交通运输,801178.SI,物流,851785.SI,跨境物流,600119.SH,长江投资,20081231,,Y
801790.SI,非银金融,801191.SI,多元金融,851922.SI,金融控股,600120.SH,浙江东方,20190724,,Y
801950.SI,煤炭,801951.SI,煤炭开采,859511.SI,动力煤,600121.SH,郑州煤电,19980107,,Y
801200.SI,商贸零售,801204.SI,专业连锁Ⅱ,852041.SI,专业连锁Ⅲ,600122.SH,*ST宏图(退市),20070702,,Y
801950.SI,煤炭,801951.SI,煤炭开采,859512.SI,焦煤,600123.SH,兰花科创,19981217,,Y
801170.SI,交通运输,801179.SI,铁路公路,851771.SI,铁路运输,600125.SH,铁龙物流,19980511,,Y
801040.SI,钢铁,801044.SI,普钢,850442.SI,板材,600126.SH,杭钢股份,19980311,,Y
801010.SI,农林牧渔,801012.SI,农产品加工,850152.SI,粮油加工,600127.SH,金健米业,19980506,,Y
801200.SI,商贸零售,801202.SI,贸易Ⅱ,852021.SI,贸易Ⅲ,600128.SH,苏豪弘业,20210730,,Y
801150.SI,医药生物,801155.SI,中药Ⅱ,851521.SI,中药Ⅲ,600129.SH,太极集团,19971118,,Y
801080.SI,电子,801085.SI,消费电子,850854.SI,消费电子零部件及组装,600130.SH,波导股份,20000706,,Y
801750.SI,计算机,801103.SI,IT服务Ⅱ,852226.SI,IT服务Ⅲ,600131.SH,国网信通,20210730,,Y
801120.SI,食品饮料,801126.SI,非白酒,851232.SI,啤酒,600132.SH,重庆啤酒,20210730,,Y
801720.SI,建筑装饰,801723.SI,基础建设,857236.SI,基建市政工程,600133.SH,东湖高新,20170629,,Y
801030.SI,基础化工,801036.SI,塑料,850355.SI,膜材料,600135.SH,乐凯胶片,19980122,,Y
801210.SI,社会服务,801216.SI,体育Ⅱ,852161.SI,体育Ⅲ,600136.SH,ST明诚,20160219,,Y
801130.SI,纺织服饰,801132.SI,服装家纺,851325.SI,鞋帽及其他,600137.SH,浪莎股份,20070702,,Y
801210.SI,社会服务,801993.SI,旅游及景区,852111.SI,人工景区,600138.SH,中青旅,20210730,,Y
801790.SI,非银金融,801191.SI,多元金融,851925.SI,租赁,600139.SH,*ST西源(退市),20210730,,Y
801030.SI,基础化工,801038.SI,农化制品,850332.SI,磷肥及磷化工,600141.SH,兴发集团,20110110,,Y
801030.SI,基础化工,801036.SI,塑料,850353.SI,改性塑料,600143.SH,金发科技,20110110,,Y
801200.SI,商贸零售,801202.SI,贸易Ⅱ,852021.SI,贸易Ⅲ,600145.SH,退市新亿(退市),20190724,,Y
801130.SI,纺织服饰,801132.SI,服装家纺,851329.SI,非运动服装,600146.SH,退市环球(退市),20170629,,Y
801880.SI,汽车,801093.SI,汽车零部件,850923.SI,底盘与发动机系统,600148.SH,长春一东,19980520,,Y
801160.SI,公用事业,801161.SI,电力,851614.SI,热力服务,600149.SH,廊坊发展,20210730,,Y
801740.SI,国防军工,801744.SI,航海装备Ⅱ,850935.SI,航海装备Ⅲ,600150.SH,中国船舶,19980520,,Y
801730.SI,电力设备,801735.SI,光伏设备,857352.SI,光伏电池组件,600151.SH,航天机电,20111010,,Y
801730.SI,电力设备,801737.SI,电池,857371.SI,锂电池,600152.SH,维科技术,20210730,,Y
801170.SI,交通运输,801178.SI,物流,851782.SI,原材料供应链服务,600153.SH,建发股份,20111230,,Y
801790.SI,非银金融,801193.SI,证券Ⅱ,851931.SI,证券Ⅲ,600155.SH,华创云信,20170629,,Y
801130.SI,纺织服饰,801131.SI,纺织制造,851316.SI,其他纺织,600156.SH,华升股份,20170629,,Y
801950.SI,煤炭,801951.SI,煤炭开采,859512.SI,焦煤,600157.SH,永泰能源,20210730,,Y
801210.SI,社会服务,801216.SI,体育Ⅱ,852161.SI,体育Ⅲ,600158.SH,中体产业,20170526,,Y
801180.SI,房地产,801181.SI,房地产开发,851811.SI,住宅开发,600159.SH,大龙地产,19980526,,Y
801030.SI,基础化工,801034.SI,化学制品,850382.SI,氟化工,600160.SH,巨化股份,19980626,,Y
801150.SI,医药生物,801152.SI,生物制品,851522.SI,血液制品,600161.SH,天坛生物,19980616,,Y
801180.SI,房地产,801181.SI,房地产开发,851811.SI,住宅开发,600162.SH,香江控股,19980609,,Y
801160.SI,公用事业,801161.SI,电力,851617.SI,风力发电,600163.SH,中闽能源,19980602,,Y
801030.SI,基础化工,801034.SI,化学制品,850339.SI,其他化学制品,600165.SH,*ST宁科,20190724,,Y
801880.SI,汽车,801096.SI,商用车,850912.SI,商用载货车,600166.SH,福田汽车,20210730,,Y
801160.SI,公用事业,801161.SI,电力,851614.SI,热力服务,600167.SH,联美控股,19990128,,Y
801970.SI,环保,801971.SI,环境治理,859712.SI,水务及水治理,600168.SH,武汉控股,19980427,,Y
801890.SI,机械设备,801074.SI,专用设备,850725.SI,能源及重型设备,600169.SH,太原重工,19980904,,Y
801720.SI,建筑装饰,801721.SI,房屋建设Ⅱ,850623.SI,房屋建设Ⅲ,600170.SH,上海建工,19980623,,Y
801080.SI,电子,801081.SI,半导体,850815.SI,模拟芯片设计,600171.SH,上海贝岭,19980924,,Y
801890.SI,机械设备,801072.SI,通用设备,850713.SI,磨具磨料,600172.SH,黄河旋风,19981126,,Y
801180.SI,房地产,801181.SI,房地产开发,851811.SI,住宅开发,600173.SH,卧龙地产,19990415,,Y
801230.SI,综合,801231.SI,综合Ⅱ,852311.SI,综合Ⅲ,600175.SH,退市美都(退市),20171211,,Y
801710.SI,建筑材料,801712.SI,玻璃玻纤,857122.SI,玻纤制造,600176.SH,中国巨石,19990104,,Y
801130.SI,纺织服饰,801132.SI,服装家纺,851329.SI,非运动服装,600177.SH,雅戈尔,20210730,,Y
801880.SI,汽车,801093.SI,汽车零部件,850923.SI,底盘与发动机系统,600178.SH,东安动力,19981014,,Y
801170.SI,交通运输,801992.SI,航运港口,851761.SI,航运,600179.SH,安通控股,20211203,,Y
801170.SI,交通运输,801178.SI,物流,851782.SI,原材料供应链服务,600180.SH,瑞茂通,20121231,,Y
801030.SI,基础化工,801038.SI,农化制品,850333.SI,农药,600181.SH,*ST云大(退市),19980928,,Y
801880.SI,汽车,801093.SI,汽车零部件,850924.SI,轮胎轮毂,600182.SH,S佳通,19990104,,Y
801080.SI,电子,801083.SI,元件,850822.SI,印制电路板,600183.SH,生益科技,19981028,,Y
801740.SI,国防军工,801743.SI,地面兵装Ⅱ,857431.SI,地面兵装Ⅲ,600184.SH,光电股份,20031104,,Y
801180.SI,房地产,801181.SI,房地产开发,851811.SI,住宅开发,600185.SH,格力地产,19990611,,Y
801120.SI,食品饮料,801129.SI,调味发酵品Ⅱ,851242.SI,调味发酵品Ⅲ,600186.SH,莲花控股,20210730,,Y
801970.SI,环保,801971.SI,环境治理,859712.SI,水务及水治理,600187.SH,国中水务,19981111,,Y
801950.SI,煤炭,801951.SI,煤炭开采,859511.SI,动力煤,600188.SH,兖矿能源,19980701,,Y
801120.SI,食品饮料,801127.SI,饮料乳品,851271.SI,软饮料,600189.SH,泉阳泉,20190724,,Y
801170.SI,交通运输,801992.SI,航运港口,851711.SI,港口,600190.SH,ST锦港,20210730,,Y
801010.SI,农林牧渔,801012.SI,农产品加工,850154.SI,其他农产品加工,600191.SH,华资实业,19981210,,Y
801730.SI,电力设备,801738.SI,电网设备,857381.SI,输变电设备,600192.SH,长城电工,19981224,,Y
801720.SI,建筑装饰,801722.SI,装修装饰Ⅱ,857221.SI,装修装饰Ⅲ,600193.SH,创兴资源,20121231,,Y
801010.SI,农林牧渔,801018.SI,动物保健Ⅱ,850181.SI,动物保健Ⅲ,600195.SH,中牧股份,19990107,,Y
801150.SI,医药生物,801151.SI,化学制药,851512.SI,化学制剂,600196.SH,复星医药,19980807,,Y
801120.SI,食品饮料,801125.SI,白酒Ⅱ,851251.SI,白酒Ⅲ,600197.SH,伊力特,19990916,,Y
801770.SI,通信,801102.SI,通信设备,851026.SI,通信终端及配件,600198.SH,大唐电信,20220729,,Y
801120.SI,食品饮料,801125.SI,白酒Ⅱ,851251.SI,白酒Ⅲ,600199.SH,金种子酒,19980812,,Y
801150.SI,医药生物,801151.SI,化学制药,851512.SI,化学制剂,600200.SH,江苏吴中,20190724,,Y
801010.SI,农林牧渔,801018.SI,动物保健Ⅱ,850181.SI,动物保健Ⅲ,600201.SH,生物股份,19980115,,Y
801890.SI,机械设备,801072.SI,通用设备,850715.SI,制冷空调设备,600202.SH,哈空调,20220729,,Y
801080.SI,电子,801085.SI,消费电子,850854.SI,消费电子零部件及组装,600203.SH,福日电子,20170629,,Y
801050.SI,有色金属,801055.SI,工业金属,850551.SI,铝,600205.SH,S山东铝(退市),19990630,,Y
801080.SI,电子,801081.SI,半导体,850813.SI,半导体材料,600206.SH,有研新材,20210730,,Y
801730.SI,电力设备,801735.SI,光伏设备,857354.SI,光伏辅材,600207.SH,安彩高科,20180713,,Y
801180.SI,房地产,801181.SI,房地产开发,851811.SI,住宅开发,600208.SH,新湖中宝,19990623,,Y
801720.SI,建筑装饰,801722.SI,装修装饰Ⅱ,857221.SI,装修装饰Ⅲ,600209.SH,退市罗顿(退市),20121008,,Y
801140.SI,轻工制造,801141.SI,包装印刷,851424.SI,塑料包装,600210.SH,紫江企业,19990824,,Y
801150.SI,医药生物,801152.SI,生物制品,851524.SI,其他生物制品,600211.SH,西藏药业,20230704,,Y
801730.SI,电力设备,801733.SI,其他电源设备Ⅱ,857336.SI,其他电源设备Ⅲ,600212.SH,绿能慧充,20230704,,Y
801880.SI,汽车,801096.SI,商用车,850913.SI,商用载客车,600213.SH,*ST亚星,20210730,,Y
801890.SI,机械设备,801078.SI,自动化设备,850781.SI,机器人,600215.SH,派斯林,20220729,,Y
801150.SI,医药生物,801151.SI,化学制药,851511.SI,原料药,600216.SH,浙江医药,19991021,,Y
801970.SI,环保,801971.SI,环境治理,859713.SI,固废治理,600217.SH,中再资环,20150701,,Y
801880.SI,汽车,801093.SI,汽车零部件,850923.SI,底盘与发动机系统,600218.SH,全柴动力,19981203,,Y
801050.SI,有色金属,801055.SI,工业金属,850551.SI,铝,600219.SH,南山铝业,19991223,,Y
801130.SI,纺织服饰,801131.SI,纺织制造,851316.SI,其他纺织,600220.SH,ST阳光(退市),19990927,,Y
801170.SI,交通运输,801991.SI,航空机场,851741.SI,航空运输,600221.SH,海航控股,20210730,,Y
801150.SI,医药生物,801155.SI,中药Ⅱ,851521.SI,中药Ⅲ,600222.SH,太龙药业,19991105,,Y
801980.SI,美容护理,801982.SI,化妆品,859822.SI,品牌化妆品,600223.SH,福瑞达,20240202,,Y
801750.SI,计算机,801103.SI,IT服务Ⅱ,852226.SI,IT服务Ⅲ,600225.SH,卓朗科技,20220729,,Y
801160.SI,公用事业,801161.SI,电力,851614.SI,热力服务,600226.SH,亨通股份,20220729,,Y
801030.SI,基础化工,801038.SI,农化制品,850331.SI,氮肥,600227.SH,赤天化,20220729,,Y
801760.SI,传媒,801767.SI,数字媒体,857674.SI,门户网站,600228.SH,返利科技,20210819,,Y
801760.SI,传媒,801769.SI,出版,857692.SI,大众出版,600229.SH,城市传媒,20170526,,Y
801030.SI,基础化工,801034.SI,化学制品,850372.SI,聚氨酯,600230.SH,沧州大化,20111010,,Y
801040.SI,钢铁,801044.SI,普钢,850441.SI,长材,600231.SH,凌钢股份,20000424,,Y
801890.SI,机械设备,801074.SI,专用设备,850721.SI,纺织服装设备,600232.SH,金鹰股份,20000424,,Y
801170.SI,交通运输,801178.SI,物流,851784.SI,快递,600233.SH,圆通速递,20000424,,Y
801720.SI,建筑装饰,801722.SI,装修装饰Ⅱ,857221.SI,装修装饰Ⅲ,600234.SH,*ST科新,20230704,,Y
801140.SI,轻工制造,801143.SI,造纸,851413.SI,特种纸,600235.SH,民丰特纸,20000615,,Y
801160.SI,公用事业,801161.SI,电力,851612.SI,水力发电,600236.SH,桂冠电力,20000323,,Y
801080.SI,电子,801083.SI,元件,850823.SI,被动元件,600237.SH,铜峰电子,20000609,,Y
801120.SI,食品饮料,801126.SI,非白酒,851233.SI,其他酒类,600238.SH,海南椰岛,20210730,,Y
801180.SI,房地产,801181.SI,房地产开发,851812.SI,商业地产,600239.SH,云南城投,20230704,,Y
801180.SI,房地产,801181.SI,房地产开发,851811.SI,住宅开发,600240.SH,退市华业(退市),20000628,,Y
801730.SI,电力设备,801737.SI,电池,857371.SI,锂电池,600241.SH,时代万恒,20220729,,Y
801760.SI,传媒,801765.SI,广告营销,857651.SI,营销代理,600242.SH,退市中昌(退市),20170629,,Y
801890.SI,机械设备,801072.SI,通用设备,850716.SI,其他通用设备,600243.SH,青海华鼎,20170629,,Y
801180.SI,房地产,801181.SI,房地产开发,851811.SI,住宅开发,600246.SH,万通发展,20020902,,Y
801200.SI,商贸零售,801203.SI,一般零售,852034.SI,商业物业经营,600247.SH,*ST成城(退市),20210730,,Y
801720.SI,建筑装饰,801721.SI,房屋建设Ⅱ,850623.SI,房屋建设Ⅲ,600248.SH,陕建股份,20210730,,Y
801980.SI,美容护理,801981.SI,个护用品,859812.SI,洗护用品,600249.SH,两面针,20040129,,Y
801200.SI,商贸零售,801202.SI,贸易Ⅱ,852021.SI,贸易Ⅲ,600250.SH,南京商旅,20010306,,Y
801010.SI,农林牧渔,801012.SI,农产品加工,850151.SI,果蔬加工,600251.SH,冠农股份,20170522,,Y
801150.SI,医药生物,801155.SI,中药Ⅱ,851521.SI,中药Ⅲ,600252.SH,中恒集团,20110110,,Y
801150.SI,医药生物,801151.SI,化学制药,851511.SI,原料药,600253.SH,天方药业(退市),20001227,,Y
801050.SI,有色金属,801051.SI,金属新材料,850521.SI,其他金属新材料,600255.SH,鑫科材料,20210730,,Y
801960.SI,石油石化,801963.SI,炼化及贸易,859632.SI,油品石化贸易,600256.SH,广汇能源,20000424,,Y
801010.SI,农林牧渔,801015.SI,渔业,850122.SI,水产养殖,600257.SH,大湖股份,20000612,,Y
801210.SI,社会服务,801219.SI,酒店餐饮,852121.SI,酒店,600258.SH,首旅酒店,20210730,,Y
801050.SI,有色金属,801054.SI,小金属,850541.SI,稀土,600259.SH,广晟有色,20100601,,Y
801770.SI,通信,801102.SI,通信设备,851027.SI,其他通信设备,600260.SH,*ST凯乐(退市),20170629,,Y
801110.SI,家用电器,801115.SI,照明设备Ⅱ,851151.SI,照明设备Ⅲ,600261.SH,阳光照明,20210730,,Y
801890.SI,机械设备,801074.SI,专用设备,850725.SI,能源及重型设备,600262.SH,北方股份,20180713,,Y
801720.SI,建筑装饰,801723.SI,基础建设,857236.SI,基建市政工程,600263.SH,路桥建设(退市),20000725,,Y
801010.SI,农林牧渔,801011.SI,林业Ⅱ,850131.SI,林业Ⅲ,600265.SH,景谷林业,20000825,,Y
801180.SI,房地产,801181.SI,房地产开发,851811.SI,住宅开发,600266.SH,城建发展,19981209,,Y
801150.SI,医药生物,801151.SI,化学制药,851512.SI,化学制剂,600267.SH,海正药业,20220729,,Y
801730.SI,电力设备,801738.SI,电网设备,857321.SI,电网自动化设备,600268.SH,国电南自,20210730,,Y
801170.SI,交通运输,801179.SI,铁路公路,851731.SI,高速公路,600269.SH,赣粤高速,20210730,,Y
801170.SI,交通运输,801179.SI,铁路公路,851721.SI,公交,600270.SH,外运发展(退市),20001228,,Y
801750.SI,计算机,801103.SI,IT服务Ⅱ,852226.SI,IT服务Ⅲ,600271.SH,航天信息,20210730,,Y
801150.SI,医药生物,801154.SI,医药商业,851542.SI,医药流通,600272.SH,开开实业,20010228,,Y
801030.SI,基础化工,801034.SI,化学制品,850339.SI,其他化学制品,600273.SH,嘉化能源,20150701,,Y
801010.SI,农林牧渔,801015.SI,渔业,850122.SI,水产养殖,600275.SH,退市昌鱼(退市),20180713,,Y
801150.SI,医药生物,801151.SI,化学制药,851512.SI,化学制剂,600276.SH,恒瑞医药,20080102,,Y
801030.SI,基础化工,801033.SI,化学原料,850322.SI,氯碱,600277.SH,ST亿利(退市),20170629,,Y
801200.SI,商贸零售,801202.SI,贸易Ⅱ,852021.SI,贸易Ⅲ,600278.SH,东方创业,20000712,,Y
801170.SI,交通运输,801992.SI,航运港口,851711.SI,港口,600279.SH,重庆港,20210730,,Y
801200.SI,商贸零售,801203.SI,一般零售,852031.SI,百货,600280.SH,中央商场,20000926,,Y
801050.SI,有色金属,801054.SI,小金属,850544.SI,其他小金属,600281.SH,华阳新材,20210730,,Y
801040.SI,钢铁,801044.SI,普钢,850442.SI,板材,600282.SH,南钢股份,20000919,,Y
801970.SI,环保,801971.SI,环境治理,859712.SI,水务及水治理,600283.SH,钱江水利,20000915,,Y
801720.SI,建筑装饰,801723.SI,基础建设,857236.SI,基建市政工程,600284.SH,浦东建设,20040311,,Y
801150.SI,医药生物,801155.SI,中药Ⅱ,851521.SI,中药Ⅲ,600285.SH,羚锐制药,20001018,,Y
801710.SI,建筑材料,801713.SI,装修建材,850614.SI,其他建材,600286.SH,S*ST国瓷(退市),19991209,,Y
801200.SI,商贸零售,801202.SI,贸易Ⅱ,852021.SI,贸易Ⅲ,600287.SH,ST舜天,20000901,,Y
801080.SI,电子,801082.SI,其他电子Ⅱ,850841.SI,其他电子Ⅲ,600288.SH,大恒科技,20001129,,Y
801770.SI,通信,801223.SI,通信服务,852213.SI,通信工程及服务,600289.SH,*ST信通,20000720,,Y
801790.SI,非银金融,801194.SI,保险Ⅱ,851941.SI,保险Ⅲ,600291.SH,退市西水(退市),20000731,,Y
801970.SI,环保,801971.SI,环境治理,859711.SI,大气治理,600292.SH,远达环保,20121231,,Y
801710.SI,建筑材料,801712.SI,玻璃玻纤,857121.SI,玻璃制造,600293.SH,三峡新材,20170629,,Y
801040.SI,钢铁,801043.SI,冶钢原料,850432.SI,冶钢辅料,600295.SH,鄂尔多斯,20010426,,Y
801050.SI,有色金属,801055.SI,工业金属,850551.SI,铝,600296.SH,S兰铝(退市),20000719,,Y
801880.SI,汽车,801092.SI,汽车服务,850232.SI,汽车经销商,600297.SH,广汇汽车,20150701,,Y
801120.SI,食品饮料,801129.SI,调味发酵品Ⅱ,851242.SI,调味发酵品Ⅲ,600298.SH,安琪酵母,20210730,,Y
801030.SI,基础化工,801034.SI,化学制品,850135.SI,食品及饲料添加剂,600299.SH,安迪苏,20210730,,Y
801120.SI,食品饮料,801127.SI,饮料乳品,851271.SI,软饮料,600300.SH,维维股份,20000629,,Y
801720.SI,建筑装饰,801726.SI,工程咨询服务Ⅱ,857261.SI,工程咨询服务Ⅲ,600301.SH,华锡有色,20220729,,Y
801890.SI,机械设备,801074.SI,专用设备,850721.SI,纺织服装设备,600302.SH,标准股份,20001213,,Y
801880.SI,汽车,801096.SI,商用车,850913.SI,商用载客车,600303.SH,ST曙光,20210730,,Y
801120.SI,食品饮料,801129.SI,调味发酵品Ⅱ,851242.SI,调味发酵品Ⅲ,600305.SH,恒顺醋业,20210730,,Y
801200.SI,商贸零售,801203.SI,一般零售,852031.SI,百货,600306.SH,退市商城(退市),20001226,,Y
801040.SI,钢铁,801044.SI,普钢,850442.SI,板材,600307.SH,酒钢宏兴,20001220,,Y
801140.SI,轻工制造,801143.SI,造纸,851412.SI,大宗用纸,600308.SH,华泰股份,20000928,,Y
801030.SI,基础化工,801034.SI,化学制品,850372.SI,聚氨酯,600309.SH,万华化学,20010105,,Y
801160.SI,公用事业,801161.SI,电力,851610.SI,电能综合服务,600310.SH,广西能源,20210730,,Y
801050.SI,有色金属,801053.SI,贵金属,850531.SI,黄金,600311.SH,*ST荣华(退市),20140102,,Y
801730.SI,电力设备,801738.SI,电网设备,857381.SI,输变电设备,600312.SH,平高电气,20010221,,Y
801010.SI,农林牧渔,801016.SI,种植业,850111.SI,种子,600313.SH,农发种业,20110110,,Y
801980.SI,美容护理,801982.SI,化妆品,859822.SI,品牌化妆品,600315.SH,上海家化,20010315,,Y
801740.SI,国防军工,801742.SI,航空装备Ⅱ,857421.SI,航空装备Ⅲ,600316.SH,洪都航空,20001214,,Y
801170.SI,交通运输,801992.SI,航运港口,851711.SI,港口,600317.SH,营口港(退市),20010205,,Y
801790.SI,非银金融,801191.SI,多元金融,851922.SI,金融控股,600318.SH,新力金融,20170629,,Y
801030.SI,基础化工,801033.SI,化学原料,850322.SI,氯碱,600319.SH,亚星化学,20190724,,Y
801890.SI,机械设备,801074.SI,专用设备,850725.SI,能源及重型设备,600320.SH,振华重工,20001221,,Y
801720.SI,建筑装饰,801724.SI,专业工程,857244.SI,其他专业工程,600321.SH,正源股份(退市),20220729,,Y
801180.SI,房地产,801181.SI,房地产开发,851811.SI,住宅开发,600322.SH,津投城开,20010806,,Y
801970.SI,环保,801971.SI,环境治理,859713.SI,固废治理,600323.SH,瀚蓝环境,20001225,,Y
801180.SI,房地产,801181.SI,房地产开发,851811.SI,住宅开发,600325.SH,华发股份,20040225,,Y
801710.SI,建筑材料,801711.SI,水泥,857111.SI,水泥制造,600326.SH,西藏天路,20060901,,Y
801200.SI,商贸零售,801203.SI,一般零售,852031.SI,百货,600327.SH,大东方,20230704,,Y
801030.SI,基础化工,801033.SI,化学原料,850323.SI,无机盐,600328.SH,中盐化工,20001222,,Y
801150.SI,医药生物,801155.SI,中药Ⅱ,851521.SI,中药Ⅲ,600329.SH,达仁堂,20010606,,Y
801890.SI,机械设备,801074.SI,专用设备,850727.SI,其他专用设备,600330.SH,天通股份,20210730,,Y
801030.SI,基础化工,801038.SI,农化制品,850332.SI,磷肥及磷化工,600331.SH,宏达股份,20220729,,Y
801150.SI,医药生物,801155.SI,中药Ⅱ,851521.SI,中药Ⅲ,600332.SH,白云山,20010206,,Y
801160.SI,公用事业,801163.SI,燃气Ⅱ,851631.SI,燃气Ⅲ,600333.SH,长春燃气,20001211,,Y
801880.SI,汽车,801092.SI,汽车服务,850232.SI,汽车经销商,600335.SH,国机汽车,20010305,,Y
801110.SI,家用电器,801111.SI,白色家电,851116.SI,冰洗,600336.SH,澳柯玛,20001229,,Y
801140.SI,轻工制造,801142.SI,家居用品,851437.SI,成品家居,600337.SH,美克家居,20001127,,Y
801050.SI,有色金属,801055.SI,工业金属,850553.SI,铅锌,600338.SH,西藏珠峰,20001227,,Y
801960.SI,石油石化,801962.SI,油服工程,859622.SI,油气及炼化工程,600339.SH,中油工程,20170629,,Y
801180.SI,房地产,801181.SI,房地产开发,851813.SI,产业地产,600340.SH,华夏幸福,20210730,,Y
801890.SI,机械设备,801072.SI,通用设备,850716.SI,其他通用设备,600343.SH,航天动力,20220729,,Y
801770.SI,通信,801102.SI,通信设备,851027.SI,其他通信设备,600345.SH,长江通信,20001222,,Y
801960.SI,石油石化,801963.SI,炼化及贸易,859631.SI,炼油化工,600346.SH,恒力石化,20210730,,Y
801950.SI,煤炭,801951.SI,煤炭开采,859512.SI,焦煤,600348.SH,华阳股份,20030819,,Y
801170.SI,交通运输,801179.SI,铁路公路,851731.SI,高速公路,600350.SH,山东高速,20210730,,Y
801150.SI,医药生物,801155.SI,中药Ⅱ,851521.SI,中药Ⅲ,600351.SH,亚宝药业,20020920,,Y
801030.SI,基础化工,801034.SI,化学制品,850338.SI,纺织化学制品,600352.SH,浙江龙盛,20080102,,Y
801080.SI,电子,801082.SI,其他电子Ⅱ,850841.SI,其他电子Ⅲ,600353.SH,旭光电子,20060901,,Y
801010.SI,农林牧渔,801016.SI,种植业,850111.SI,种子,600354.SH,敦煌种业,20070702,,Y
801770.SI,通信,801102.SI,通信设备,851026.SI,通信终端及配件,600355.SH,精伦电子,20020612,,Y
801140.SI,轻工制造,801143.SI,造纸,851413.SI,特种纸,600356.SH,恒丰纸业,20010419,,Y
801040.SI,钢铁,801044.SI,普钢,850443.SI,钢铁管材,600357.SH,承德钒钛(退市),20020820,,Y
801760.SI,传媒,801765.SI,广告营销,857651.SI,营销代理,600358.SH,国旅联合,20210730,,Y
801010.SI,农林牧渔,801016.SI,种植业,850113.SI,其他种植业,600359.SH,新农开发,19990429,,Y
801080.SI,电子,801081.SI,半导体,850812.SI,分立器件,600360.SH,ST华微,20010316,,Y
801050.SI,有色金属,801055.SI,工业金属,850551.SI,铝,600361.SH,创新新材,20230704,,Y
801050.SI,有色金属,801055.SI,工业金属,850552.SI,铜,600362.SH,江西铜业,20020111,,Y
801080.SI,电子,801085.SI,消费电子,850854.SI,消费电子零部件及组装,600363.SH,联创光电,20220729,,Y
801200.SI,商贸零售,801206.SI,互联网电商,852061.SI,综合电商,600365.SH,ST通葡,20220729,,Y
801050.SI,有色金属,801051.SI,金属新材料,850522.SI,磁性材料,600366.SH,宁波韵升,20100104,,Y
801030.SI,基础化工,801033.SI,化学原料,850323.SI,无机盐,600367.SH,红星发展,20010320,,Y
801170.SI,交通运输,801179.SI,铁路公路,851731.SI,高速公路,600368.SH,五洲交通,20210730,,Y
801790.SI,非银金融,801193.SI,证券Ⅱ,851931.SI,证券Ⅲ,600369.SH,西南证券,20070702,,Y
801030.SI,基础化工,801032.SI,化学纤维,850341.SI,涤纶,600370.SH,三房巷,20220729,,Y
801010.SI,农林牧渔,801016.SI,种植业,850111.SI,种子,600371.SH,万向德农,20020916,,Y
801740.SI,国防军工,801742.SI,航空装备Ⅱ,857421.SI,航空装备Ⅲ,600372.SH,中航机载,20010704,,Y
801760.SI,传媒,801769.SI,出版,857692.SI,大众出版,600373.SH,中文传媒,20020304,,Y
801880.SI,汽车,801096.SI,商用车,850912.SI,商用载货车,600375.SH,*ST汉马,20230704,,Y
801180.SI,房地产,801181.SI,房地产开发,851811.SI,住宅开发,600376.SH,首开股份,20010209,,Y
801170.SI,交通运输,801179.SI,铁路公路,851731.SI,高速公路,600377.SH,宁沪高速,20210730,,Y
801030.SI,基础化工,801034.SI,化学制品,850382.SI,氟化工,600378.SH,昊华科技,20210730,,Y
801730.SI,电力设备,801738.SI,电网设备,857381.SI,输变电设备,600379.SH,宝光股份,20060901,,Y
801150.SI,医药生物,801151.SI,化学制药,851512.SI,化学制剂,600380.SH,健康元,20110110,,Y
801120.SI,食品饮料,801124.SI,食品加工,851247.SI,保健品,600381.SH,ST春天,20210730,,Y
801040.SI,钢铁,801043.SI,冶钢原料,850431.SI,铁矿石,600382.SH,广东明珠,20220729,,Y
801180.SI,房地产,801181.SI,房地产开发,851811.SI,住宅开发,600383.SH,金地集团,20010208,,Y
801150.SI,医药生物,801151.SI,化学制药,851512.SI,化学制剂,600385.SH,退市金泰(退市),20210730,,Y
801880.SI,汽车,801092.SI,汽车服务,850232.SI,汽车经销商,600386.SH,北巴传媒,20010208,,Y
801960.SI,石油石化,801963.SI,炼化及贸易,859632.SI,油品石化贸易,600387.SH,*ST海越,20040216,,Y
801970.SI,环保,801972.SI,环保设备Ⅱ,859721.SI,环保设备Ⅲ,600388.SH,龙净环保,20220729,,Y
801030.SI,基础化工,801038.SI,农化制品,850333.SI,农药,600389.SH,江山股份,20210730,,Y
801790.SI,非银金融,801191.SI,多元金融,851922.SI,金融控股,600390.SH,五矿资本,20170629,,Y
801740.SI,国防军工,801742.SI,航空装备Ⅱ,857421.SI,航空装备Ⅲ,600391.SH,航发科技,20011212,,Y
801050.SI,有色金属,801054.SI,小金属,850541.SI,稀土,600392.SH,盛和资源,20030529,,Y
801180.SI,房地产,801181.SI,房地产开发,851811.SI,住宅开发,600393.SH,ST粤泰(退市),20010319,,Y
801950.SI,煤炭,801951.SI,煤炭开采,859512.SI,焦煤,600395.SH,盘江股份,20010531,,Y
801160.SI,公用事业,801161.SI,电力,851611.SI,火力发电,600396.SH,金山股份,20170526,,Y
801950.SI,煤炭,801951.SI,煤炭开采,859511.SI,动力煤,600397.SH,安源煤业,20020702,,Y
801130.SI,纺织服饰,801132.SI,服装家纺,851329.SI,非运动服装,600398.SH,海澜之家,20001228,,Y
801040.SI,钢铁,801045.SI,特钢Ⅱ,850412.SI,特钢Ⅲ,600399.SH,抚顺特钢,20210730,,Y
801130.SI,纺织服饰,801132.SI,服装家纺,851329.SI,非运动服装,600400.SH,红豆股份,20010108,,Y
801950.SI,煤炭,801951.SI,煤炭开采,859511.SI,动力煤,600403.SH,大有能源,20031009,,Y
801730.SI,电力设备,801733.SI,其他电源设备Ⅱ,857336.SI,其他电源设备Ⅲ,600405.SH,动力源,20040324,,Y
801730.SI,电力设备,801738.SI,电网设备,857321.SI,电网自动化设备,600406.SH,国电南瑞,20210730,,Y
801950.SI,煤炭,801952.SI,焦炭Ⅱ,859521.SI,焦炭Ⅲ,600408.SH,安泰集团,20030212,,Y
801030.SI,基础化工,801033.SI,化学原料,850321.SI,纯碱,600409.SH,三友化工,20220729,,Y
801750.SI,计算机,801103.SI,IT服务Ⅱ,852226.SI,IT服务Ⅲ,600410.SH,华胜天成,20210730,,Y
801200.SI,商贸零售,801203.SI,一般零售,852034.SI,商业物业经营,600415.SH,小商品城,20020509,,Y
801730.SI,电力设备,801736.SI,风电设备,857361.SI,风电整机,600416.SH,湘电股份,20020718,,Y
801880.SI,汽车,801096.SI,商用车,850912.SI,商用载货车,600418.SH,江淮汽车,20170629,,Y
801120.SI,食品饮料,801127.SI,饮料乳品,851243.SI,乳品,600419.SH,天润乳业,20210730,,Y
801150.SI,医药生物,801151.SI,化学制药,851512.SI,化学制剂,600420.SH,国药现代,20110110,,Y
801890.SI,机械设备,801072.SI,通用设备,850751.SI,金属制品,600421.SH,华嵘控股,20180713,,Y
801150.SI,医药生物,801155.SI,中药Ⅱ,851521.SI,中药Ⅲ,600422.SH,昆药集团,20001206,,Y
801030.SI,基础化工,801038.SI,农化制品,850331.SI,氮肥,600423.SH,柳化股份,20210730,,Y
801710.SI,建筑材料,801711.SI,水泥,857111.SI,水泥制造,600425.SH,青松建化,20030721,,Y
801030.SI,基础化工,801038.SI,农化制品,850331.SI,氮肥,600426.SH,华鲁恒升,20220729,,Y
801170.SI,交通运输,801992.SI,航运港口,851761.SI,航运,600428.SH,中远海特,20210730,,Y
801120.SI,食品饮料,801127.SI,饮料乳品,851243.SI,乳品,600429.SH,三元股份,20210730,,Y
801050.SI,有色金属,801054.SI,小金属,850544.SI,其他小金属,600432.SH,退市吉恩(退市),20030901,,Y
801140.SI,轻工制造,801143.SI,造纸,851413.SI,特种纸,600433.SH,冠豪高新,20030617,,Y
801740.SI,国防军工,801743.SI,地面兵装Ⅱ,857431.SI,地面兵装Ⅲ,600435.SH,北方导航,20030701,,Y
801150.SI,医药生物,801155.SI,中药Ⅱ,851521.SI,中药Ⅲ,600436.SH,片仔癀,20030616,,Y
801730.SI,电力设备,801735.SI,光伏设备,857351.SI,硅料硅片,600438.SH,通威股份,20040301,,Y
801130.SI,纺织服饰,801133.SI,饰品,851333.SI,其他饰品,600439.SH,瑞贝卡,20030707,,Y
801890.SI,机械设备,801074.SI,专用设备,850727.SI,其他专用设备,600444.SH,国机通用,20170629,,Y
801750.SI,计算机,801103.SI,IT服务Ⅱ,852226.SI,IT服务Ⅲ,600446.SH,金证股份,20210730,,Y
801130.SI,纺织服饰,801131.SI,纺织制造,851314.SI,印染,600448.SH,华纺股份,20010903,,Y
801710.SI,建筑材料,801711.SI,水泥,857111.SI,水泥制造,600449.SH,宁夏建材,20030825,,Y
801160.SI,公用事业,801161.SI,电力,851610.SI,电能综合服务,600452.SH,涪陵电力,20210730,,Y
801750.SI,计算机,801104.SI,软件开发,851041.SI,垂直应用软件,600455.SH,博通股份,20180713,,Y
801050.SI,有色金属,801054.SI,小金属,850544.SI,其他小金属,600456.SH,宝钛股份,20000412,,Y
801730.SI,电力设备,801736.SI,风电设备,857362.SI,风电零部件,600458.SH,时代新材,20210730,,Y
801050.SI,有色金属,801054.SI,小金属,850544.SI,其他小金属,600459.SH,贵研铂业,20070702,,Y
801080.SI,电子,801081.SI,半导体,850812.SI,分立器件,600460.SH,士兰微,20151030,,Y
801970.SI,环保,801971.SI,环境治理,859712.SI,水务及水治理,600461.SH,洪城环境,20040531,,Y
801770.SI,通信,801102.SI,通信设备,851026.SI,通信终端及配件,600462.SH,*ST九有,20030901,,Y
801180.SI,房地产,801181.SI,房地产开发,851813.SI,产业地产,600463.SH,空港股份,20040401,,Y
801180.SI,房地产,801181.SI,房地产开发,851811.SI,住宅开发,600466.SH,*ST蓝光(退市),20080602,,Y
801010.SI,农林牧渔,801015.SI,渔业,850122.SI,水产养殖,600467.SH,好当家,20040401,,Y
801730.SI,电力设备,801738.SI,电网设备,857382.SI,配电设备,600468.SH,百利电气,20010612,,Y
801880.SI,汽车,801093.SI,汽车零部件,850924.SI,轮胎轮毂,600469.SH,风神股份,20031016,,Y
801030.SI,基础化工,801038.SI,农化制品,850332.SI,磷肥及磷化工,600470.SH,六国化工,20210730,,Y
801050.SI,有色金属,801055.SI,工业金属,850551.SI,铝,600472.SH,包头铝业(退市),20050509,,Y
801730.SI,电力设备,801733.SI,其他电源设备Ⅱ,857331.SI,综合电力设备商,600475.SH,华光环能,20210730,,Y
801750.SI,计算机,801103.SI,IT服务Ⅱ,852226.SI,IT服务Ⅲ,600476.SH,湘邮科技,20210730,,Y
801720.SI,建筑装饰,801724.SI,专业工程,857241.SI,钢结构,600477.SH,杭萧钢构,20031107,,Y
801730.SI,电力设备,801737.SI,电池,857371.SI,锂电池,600478.SH,科力远,20170629,,Y
801150.SI,医药生物,801155.SI,中药Ⅱ,851521.SI,中药Ⅲ,600479.SH,千金药业,20040310,,Y
801880.SI,汽车,801093.SI,汽车零部件,850925.SI,其他汽车零部件,600480.SH,凌云股份,20030812,,Y
801730.SI,电力设备,801735.SI,光伏设备,857351.SI,硅料硅片,600481.SH,双良节能,20230704,,Y
801730.SI,电力设备,801733.SI,其他电源设备Ⅱ,857336.SI,其他电源设备Ⅲ,600482.SH,中国动力,20220729,,Y
801160.SI,公用事业,801161.SI,电力,851610.SI,电能综合服务,600483.SH,福能股份,20210730,,Y
801770.SI,通信,801223.SI,通信服务,852213.SI,通信工程及服务,600485.SH,*ST信威(退市),20030804,,Y
801030.SI,基础化工,801038.SI,农化制品,850333.SI,农药,600486.SH,扬农化工,20210730,,Y
801770.SI,通信,801102.SI,通信设备,851025.SI,通信线缆及配套,600487.SH,亨通光电,20030821,,Y
801150.SI,医药生物,801151.SI,化学制药,851511.SI,原料药,600488.SH,津药药业,20220729,,Y
801050.SI,有色金属,801053.SI,贵金属,850531.SI,黄金,600489.SH,中金黄金,20030812,,Y
801050.SI,有色金属,801055.SI,工业金属,850552.SI,铜,600490.SH,鹏欣资源,20111010,,Y
801720.SI,建筑装饰,801721.SI,房屋建设Ⅱ,850623.SI,房屋建设Ⅲ,600491.SH,龙元建设,20040520,,Y
801130.SI,纺织服饰,801131.SI,纺织制造,851312.SI,棉纺,600493.SH,凤竹纺织,20040420,,Y
801890.SI,机械设备,801076.SI,轨交设备Ⅱ,850936.SI,轨交设备Ⅲ,600495.SH,晋西车轴,20040525,,Y
801720.SI,建筑装饰,801724.SI,专业工程,857241.SI,钢结构,600496.SH,精工钢构,20020605,,Y
801050.SI,有色金属,801055.SI,工业金属,850553.SI,铅锌,600497.SH,驰宏锌锗,20040419,,Y
801770.SI,通信,801102.SI,通信设备,851024.SI,通信网络设备及器件,600498.SH,烽火通信,20010726,,Y
801890.SI,机械设备,801074.SI,专用设备,850727.SI,其他专用设备,600499.SH,科达制造,20021010,,Y
801030.SI,基础化工,801034.SI,化学制品,850339.SI,其他化学制品,600500.SH,中化国际,20180713,,Y
801890.SI,机械设备,801074.SI,专用设备,850727.SI,其他专用设备,600501.SH,航天晨光,20010615,,Y
801720.SI,建筑装饰,801723.SI,基础建设,857236.SI,基建市政工程,600502.SH,安徽建工,20220729,,Y
801180.SI,房地产,801181.SI,房地产开发,851811.SI,住宅开发,600503.SH,华丽家族,20020709,,Y
801160.SI,公用事业,801161.SI,电力,851610.SI,电能综合服务,600505.SH,西昌电力,20210730,,Y
801960.SI,石油石化,801963.SI,炼化及贸易,859631.SI,炼油化工,600506.SH,统一股份,20220729,,Y
801040.SI,钢铁,801045.SI,特钢Ⅱ,850412.SI,特钢Ⅲ,600507.SH,方大特钢,20210730,,Y
801950.SI,煤炭,801951.SI,煤炭开采,859512.SI,焦煤,600508.SH,上海能源,20010829,,Y
801160.SI,公用事业,801161.SI,电力,851611.SI,火力发电,600509.SH,天富能源,20210730,,Y
801180.SI,房地产,801181.SI,房地产开发,851811.SI,住宅开发,600510.SH,黑牡丹,20190724,,Y
801150.SI,医药生物,801154.SI,医药商业,851542.SI,医药流通,600511.SH,国药股份,20020114,,Y
801720.SI,建筑装饰,801723.SI,基础建设,857236.SI,基建市政工程,600512.SH,腾达建设,20021226,,Y
801150.SI,医药生物,801151.SI,化学制药,851512.SI,化学制剂,600513.SH,联环药业,20030319,,Y
801180.SI,房地产,801181.SI,房地产开发,851811.SI,住宅开发,600515.SH,海南机场,20230704,,Y
801040.SI,钢铁,801043.SI,冶钢原料,850432.SI,冶钢辅料,600516.SH,方大炭素,20210730,,Y
801790.SI,非银金融,801191.SI,多元金融,851924.SI,信托,600517.SH,国网英大,20220729,,Y
801150.SI,医药生物,801155.SI,中药Ⅱ,851521.SI,中药Ⅲ,600518.SH,康美药业,20090115,,Y
801120.SI,食品饮料,801125.SI,白酒Ⅱ,851251.SI,白酒Ⅲ,600519.SH,贵州茅台,20010731,,Y
801890.SI,机械设备,801074.SI,专用设备,850727.SI,其他专用设备,600520.SH,文一科技,20170629,,Y
801150.SI,医药生物,801151.SI,化学制药,851512.SI,化学制剂,600521.SH,华海药业,20190724,,Y
801770.SI,通信,801102.SI,通信设备,851025.SI,通信线缆及配套,600522.SH,中天科技,20021024,,Y
801880.SI,汽车,801093.SI,汽车零部件,850925.SI,其他汽车零部件,600523.SH,贵航股份,20011227,,Y
801730.SI,电力设备,801738.SI,电网设备,857381.SI,输变电设备,600525.SH,长园集团,20210730,,Y
801970.SI,环保,801972.SI,环保设备Ⅱ,859721.SI,环保设备Ⅲ,600526.SH,菲达环保,20020722,,Y
801130.SI,纺织服饰,801131.SI,纺织制造,851316.SI,其他纺织,600527.SH,江南高纤,20210730,,Y
801890.SI,机械设备,801076.SI,轨交设备Ⅱ,850936.SI,轨交设备Ⅲ,600528.SH,中铁工业,20010528,,Y
801150.SI,医药生物,801153.SI,医疗器械,851533.SI,医疗耗材,600529.SH,山东药玻,20020603,,Y
801120.SI,食品饮料,801124.SI,食品加工,851247.SI,保健品,600530.SH,交大昂立,20010702,,Y
801050.SI,有色金属,801055.SI,工业金属,850553.SI,铅锌,600531.SH,豫光金铅,20020730,,Y
801950.SI,煤炭,801951.SI,煤炭开采,859511.SI,动力煤,600532.SH,退市未来(退市),20110110,,Y
801180.SI,房地产,801181.SI,房地产开发,851811.SI,住宅开发,600533.SH,栖霞建设,20020301,,Y
801150.SI,医药生物,801155.SI,中药Ⅱ,851521.SI,中药Ⅲ,600535.SH,天士力,20020823,,Y
801750.SI,计算机,801103.SI,IT服务Ⅱ,852226.SI,IT服务Ⅲ,600536.SH,中国软件,20210730,,Y
801730.SI,电力设备,801735.SI,光伏设备,857352.SI,光伏电池组件,600537.SH,亿晶光电,20100531,,Y
801150.SI,医药生物,801154.SI,医药商业,851542.SI,医药流通,600538.SH,国发股份,20210730,,Y
801200.SI,商贸零售,801206.SI,互联网电商,852063.SI,电商服务,600539.SH,狮头股份,20220729,,Y
801010.SI,农林牧渔,801016.SI,种植业,850113.SI,其他种植业,600540.SH,新赛股份,20040102,,Y
801120.SI,食品饮料,801126.SI,非白酒,851233.SI,其他酒类,600543.SH,莫高股份,20070702,,Y
801890.SI,机械设备,801074.SI,专用设备,850721.SI,纺织服装设备,600545.SH,卓郎智能,20031128,,Y
801950.SI,煤炭,801951.SI,煤炭开采,859511.SI,动力煤,600546.SH,山煤国际,20030729,,Y
801050.SI,有色金属,801053.SI,贵金属,850531.SI,黄金,600547.SH,山东黄金,20030826,,Y
801170.SI,交通运输,801179.SI,铁路公路,851731.SI,高速公路,600548.SH,深高速,20210730,,Y
801050.SI,有色金属,801054.SI,小金属,850542.SI,钨,600549.SH,厦门钨业,20021107,,Y
801730.SI,电力设备,801738.SI,电网设备,857381.SI,输变电设备,600550.SH,保变电气,20010226,,Y
801760.SI,传媒,801769.SI,出版,857692.SI,大众出版,600551.SH,时代出版,20090601,,Y
801080.SI,电子,801084.SI,光学光电子,850831.SI,面板,600552.SH,凯盛科技,20180713,,Y
801710.SI,建筑材料,801711.SI,水泥,857111.SI,水泥制造,600553.SH,太行水泥(退市),20020822,,Y
801760.SI,传媒,801765.SI,广告营销,857651.SI,营销代理,600556.SH,天下秀,20200907,,Y
801150.SI,医药生物,801155.SI,中药Ⅱ,851521.SI,中药Ⅲ,600557.SH,康缘药业,20020918,,Y
801890.SI,机械设备,801072.SI,通用设备,850751.SI,金属制品,600558.SH,大西洋,20210730,,Y
801120.SI,食品饮料,801125.SI,白酒Ⅱ,851251.SI,白酒Ⅲ,600559.SH,老白干酒,20021029,,Y
801890.SI,机械设备,801074.SI,专用设备,850725.SI,能源及重型设备,600560.SH,金自天正,20020909,,Y
801170.SI,交通运输,801179.SI,铁路公路,851721.SI,公交,600561.SH,江西长运,20020716,,Y
801740.SI,国防军工,801745.SI,军工电子Ⅱ,857451.SI,军工电子Ⅲ,600562.SH,国睿科技,20210730,,Y
801080.SI,电子,801083.SI,元件,850823.SI,被动元件,600563.SH,法拉电子,20021210,,Y
801180.SI,房地产,801181.SI,房地产开发,851811.SI,住宅开发,600565.SH,ST迪马,20020723,,Y
801150.SI,医药生物,801155.SI,中药Ⅱ,851521.SI,中药Ⅲ,600566.SH,济川药业,20180713,,Y
801140.SI,轻工制造,801143.SI,造纸,851412.SI,大宗用纸,600567.SH,山鹰国际,20011218,,Y
801150.SI,医药生物,801156.SI,医疗服务,851564.SI,医院,600568.SH,ST中珠,20210730,,Y
801040.SI,钢铁,801044.SI,普钢,850442.SI,板材,600569.SH,安阳钢铁,20010801,,Y
801750.SI,计算机,801104.SI,软件开发,851041.SI,垂直应用软件,600570.SH,恒生电子,20031211,,Y
801750.SI,计算机,801103.SI,IT服务Ⅱ,852226.SI,IT服务Ⅲ,600571.SH,信雅达,20210730,,Y
801150.SI,医药生物,801155.SI,中药Ⅱ,851521.SI,中药Ⅲ,600572.SH,康恩贝,20040409,,Y
801120.SI,食品饮料,801126.SI,非白酒,851232.SI,啤酒,600573.SH,惠泉啤酒,20210730,,Y
801950.SI,煤炭,801951.SI,煤炭开采,859511.SI,动力煤,600575.SH,淮河能源,20220729,,Y
801210.SI,社会服务,801993.SI,旅游及景区,852112.SI,自然景区,600576.SH,祥源文旅,20230704,,Y
801730.SI,电力设备,801738.SI,电网设备,857344.SI,线缆部件及其他,600577.SH,精达股份,20190724,,Y
801160.SI,公用事业,801161.SI,电力,851611.SI,火力发电,600578.SH,京能电力,20170629,,Y
801890.SI,机械设备,801074.SI,专用设备,850727.SI,其他专用设备,600579.SH,克劳斯,20020809,,Y
801730.SI,电力设备,801731.SI,电机Ⅱ,850741.SI,电机Ⅲ,600580.SH,卧龙电驱,20020606,,Y
801040.SI,钢铁,801044.SI,普钢,850442.SI,板材,600581.SH,八一钢铁,20020816,,Y
801890.SI,机械设备,801074.SI,专用设备,850725.SI,能源及重型设备,600582.SH,天地科技,20020508,,Y
801960.SI,石油石化,801962.SI,油服工程,859622.SI,油气及炼化工程,600583.SH,海油工程,20020205,,Y
801080.SI,电子,801081.SI,半导体,850817.SI,集成电路封测,600584.SH,长电科技,20110110,,Y
801710.SI,建筑材料,801711.SI,水泥,857111.SI,水泥制造,600585.SH,海螺水泥,20020207,,Y
801710.SI,建筑材料,801712.SI,玻璃玻纤,857121.SI,玻璃制造,600586.SH,金晶科技,20020815,,Y
801150.SI,医药生物,801153.SI,医疗器械,851532.SI,医疗设备,600587.SH,新华医疗,20020927,,Y
801750.SI,计算机,801104.SI,软件开发,851042.SI,横向通用软件,600588.SH,用友网络,20010518,,Y
801030.SI,基础化工,801036.SI,塑料,850351.SI,其他塑料制品,600589.SH,广东榕泰,20210730,,Y
801750.SI,计算机,801103.SI,IT服务Ⅱ,852226.SI,IT服务Ⅲ,600589.SH,广东榕泰,20240723,,Y
801740.SI,国防军工,801745.SI,军工电子Ⅱ,857451.SI,军工电子Ⅲ,600590.SH,泰豪科技,20220729,,Y
801170.SI,交通运输,801179.SI,铁路公路,851721.SI,公交,600591.SH,*ST上航(退市),20021008,,Y
801890.SI,机械设备,801072.SI,通用设备,850751.SI,金属制品,600592.SH,龙溪股份,20020805,,Y
801210.SI,社会服务,801993.SI,旅游及景区,852111.SI,人工景区,600593.SH,大连圣亚,20210730,,Y
801150.SI,医药生物,801155.SI,中药Ⅱ,851521.SI,中药Ⅲ,600594.SH,益佰制药,20040319,,Y
801050.SI,有色金属,801055.SI,工业金属,850551.SI,铝,600595.SH,中孚实业,20020626,,Y
801030.SI,基础化工,801038.SI,农化制品,850333.SI,农药,600596.SH,新安股份,20230704,,Y
801120.SI,食品饮料,801127.SI,饮料乳品,851243.SI,乳品,600597.SH,光明乳业,20210730,,Y
801010.SI,农林牧渔,801016.SI,种植业,850112.SI,粮食种植,600598.SH,北大荒,20110110,,Y
801790.SI,非银金融,801191.SI,多元金融,851922.SI,金融控股,600599.SH,ST熊猫,20010731,,Y
801120.SI,食品饮料,801126.SI,非白酒,851232.SI,啤酒,600600.SH,青岛啤酒,20210730,,Y
801080.SI,电子,801083.SI,元件,850822.SI,印制电路板,600601.SH,方正科技,19901219,,Y
801750.SI,计算机,801104.SI,软件开发,851041.SI,垂直应用软件,600602.SH,云赛智联,20180619,,Y
801180.SI,房地产,801181.SI,房地产开发,851811.SI,住宅开发,600603.SH,广汇物流,20210730,,Y
801180.SI,房地产,801181.SI,房地产开发,851813.SI,产业地产,600604.SH,市北高新,19920327,,Y
801200.SI,商贸零售,801203.SI,一般零售,852034.SI,商业物业经营,600605.SH,汇通能源,20210730,,Y
801180.SI,房地产,801181.SI,房地产开发,851811.SI,住宅开发,600606.SH,绿地控股,19920327,,Y
801150.SI,医药生物,801155.SI,中药Ⅱ,851521.SI,中药Ⅲ,600607.SH,上实医药(退市),19920327,,Y
801200.SI,商贸零售,801202.SI,贸易Ⅱ,852021.SI,贸易Ⅲ,600608.SH,ST沪科,20170519,,Y
801880.SI,汽车,801093.SI,汽车零部件,850922.SI,车身附件及饰件,600609.SH,金杯汽车,19920724,,Y
801030.SI,基础化工,801033.SI,化学原料,850324.SI,其他化学原料,600610.SH,中毅达,20210730,,Y
801170.SI,交通运输,801179.SI,铁路公路,851721.SI,公交,600611.SH,大众交通,19920807,,Y
801130.SI,纺织服饰,801133.SI,饰品,851331.SI,钟表珠宝,600612.SH,老凤祥,19920814,,Y
801150.SI,医药生物,801151.SI,化学制药,851512.SI,化学制剂,600613.SH,神奇制药,20190724,,Y
801050.SI,有色金属,801054.SI,小金属,850544.SI,其他小金属,600614.SH,退市鹏起(退市),20210730,,Y
801050.SI,有色金属,801055.SI,工业金属,850551.SI,铝,600615.SH,丰华股份,20220729,,Y
801120.SI,食品饮料,801126.SI,非白酒,851233.SI,其他酒类,600616.SH,金枫酒业,20110110,,Y
801160.SI,公用事业,801163.SI,燃气Ⅱ,851631.SI,燃气Ⅲ,600617.SH,国新能源,20140102,,Y
801030.SI,基础化工,801033.SI,化学原料,850322.SI,氯碱,600618.SH,氯碱化工,19921113,,Y
801110.SI,家用电器,801116.SI,家电零部件Ⅱ,851161.SI,家电零部件Ⅲ,600619.SH,海立股份,19921116,,Y
801230.SI,综合,801231.SI,综合Ⅱ,852311.SI,综合Ⅲ,600620.SH,天宸股份,20180619,,Y
801790.SI,非银金融,801193.SI,证券Ⅱ,851931.SI,证券Ⅲ,600621.SH,华鑫股份,20190724,,Y
801180.SI,房地产,801181.SI,房地产开发,851811.SI,住宅开发,600622.SH,光大嘉宝,20140102,,Y
801030.SI,基础化工,801033.SI,化学原料,850325.SI,煤化工,600623.SH,华谊集团,20210730,,Y
801150.SI,医药生物,801151.SI,化学制药,851512.SI,化学制剂,600624.SH,复旦复华,20210730,,Y
801110.SI,家用电器,801111.SI,白色家电,851116.SI,冰洗,600625.SH,PT水仙(退市),19930106,,Y
801880.SI,汽车,801093.SI,汽车零部件,850922.SI,车身附件及饰件,600626.SH,申达股份,20190724,,Y
801200.SI,商贸零售,801203.SI,一般零售,852031.SI,百货,600628.SH,新世界,19930119,,Y
801720.SI,建筑装饰,801726.SI,工程咨询服务Ⅱ,857261.SI,工程咨询服务Ⅲ,600629.SH,华建集团,20210730,,Y
801130.SI,纺织服饰,801132.SI,服装家纺,851329.SI,非运动服装,600630.SH,龙头股份,19930209,,Y
801200.SI,商贸零售,801203.SI,一般零售,852031.SI,百货,600631.SH,百联股份(退市),19930219,,Y
801200.SI,商贸零售,801203.SI,一般零售,852031.SI,百货,600632.SH,华联商厦(退市),19930219,,Y
801760.SI,传媒,801764.SI,游戏Ⅱ,857641.SI,游戏Ⅲ,600633.SH,浙数文化,19930304,,Y
801760.SI,传媒,801764.SI,游戏Ⅱ,857641.SI,游戏Ⅲ,600634.SH,退市富控(退市),20180713,,Y
801160.SI,公用事业,801163.SI,燃气Ⅱ,851631.SI,燃气Ⅲ,600635.SH,大众公用,20150119,,Y
801210.SI,社会服务,801994.SI,教育,859853.SI,教育运营及其他,600636.SH,国新文化,20190724,,Y
801760.SI,传媒,801995.SI,电视广播Ⅱ,859951.SI,电视广播Ⅲ,600637.SH,东方明珠,20111010,,Y
801180.SI,房地产,801181.SI,房地产开发,851811.SI,住宅开发,600638.SH,新黄浦,19930326,,Y
801180.SI,房地产,801181.SI,房地产开发,851813.SI,产业地产,600639.SH,浦东金桥,19930326,,Y
801760.SI,传媒,801765.SI,广告营销,857651.SI,营销代理,600640.SH,国脉文化,20220729,,Y
801180.SI,房地产,801181.SI,房地产开发,851811.SI,住宅开发,600641.SH,万业企业,19930407,,Y
801160.SI,公用事业,801161.SI,电力,851611.SI,火力发电,600642.SH,申能股份,19930416,,Y
801790.SI,非银金融,801191.SI,多元金融,851922.SI,金融控股,600643.SH,爱建集团,19930426,,Y
801160.SI,公用事业,801161.SI,电力,851610.SI,电能综合服务,600644.SH,乐山电力,20210730,,Y
801150.SI,医药生物,801153.SI,医疗器械,851534.SI,体外诊断,600645.SH,中源协和,20010831,,Y
801760.SI,传媒,801767.SI,数字媒体,857676.SI,其他数字媒体,600646.SH,ST国嘉(退市),19930504,,Y
801180.SI,房地产,801181.SI,房地产开发,851811.SI,住宅开发,600647.SH,退市同达(退市),20230704,,Y
801180.SI,房地产,801181.SI,房地产开发,851813.SI,产业地产,600648.SH,外高桥,19930504,,Y
801180.SI,房地产,801181.SI,房地产开发,851811.SI,住宅开发,600649.SH,城投控股,19930518,,Y
801170.SI,交通运输,801179.SI,铁路公路,851721.SI,公交,600650.SH,锦江在线,20040401,,Y
801080.SI,电子,801084.SI,光学光电子,850832.SI,LED,600651.SH,飞乐音响,20170629,,Y
801760.SI,传媒,801764.SI,游戏Ⅱ,857641.SI,游戏Ⅲ,600652.SH,退市游久(退市),20110110,,Y
801880.SI,汽车,801092.SI,汽车服务,850232.SI,汽车经销商,600653.SH,申华控股,19901219,,Y
801750.SI,计算机,801104.SI,软件开发,851041.SI,垂直应用软件,600654.SH,中安科,20180619,,Y
801200.SI,商贸零售,801203.SI,一般零售,852034.SI,商业物业经营,600655.SH,豫园股份,20210730,,Y
801230.SI,综合,801231.SI,综合Ⅱ,852311.SI,综合Ⅲ,600656.SH,退市博元(退市),20111010,,Y
801180.SI,房地产,801181.SI,房地产开发,851811.SI,住宅开发,600657.SH,信达地产,19921221,,Y
801180.SI,房地产,801181.SI,房地产开发,851813.SI,产业地产,600658.SH,电子城,19930524,,Y
801230.SI,综合,801231.SI,综合Ⅱ,852311.SI,综合Ⅲ,600659.SH,*ST花雕(退市),19930528,,Y
801880.SI,汽车,801093.SI,汽车零部件,850922.SI,车身附件及饰件,600660.SH,福耀玻璃,19930610,,Y
801210.SI,社会服务,801994.SI,教育,859852.SI,培训教育,600661.SH,昂立教育,20131231,,Y
801210.SI,社会服务,801218.SI,专业服务,852181.SI,人力资源服务,600662.SH,外服控股,20220729,,Y
801180.SI,房地产,801181.SI,房地产开发,851812.SI,商业地产,600663.SH,陆家嘴,19930628,,Y
801150.SI,医药生物,801151.SI,化学制药,851512.SI,化学制剂,600664.SH,哈药股份,20081007,,Y
801180.SI,房地产,801181.SI,房地产开发,851811.SI,住宅开发,600665.SH,天地源,19930709,,Y
801080.SI,电子,801084.SI,光学光电子,850831.SI,面板,600666.SH,ST瑞德,20151102,,Y
801720.SI,建筑装饰,801726.SI,工程咨询服务Ⅱ,857261.SI,工程咨询服务Ⅲ,600667.SH,太极实业,20220729,,Y
801710.SI,建筑材料,801711.SI,水泥,857111.SI,水泥制造,600668.SH,尖峰集团,20220729,,Y
801230.SI,综合,801231.SI,综合Ⅱ,852311.SI,综合Ⅲ,600669.SH,*ST鞍成(退市),20060901,,Y
801150.SI,医药生物,801152.SI,生物制品,851524.SI,其他生物制品,600670.SH,*ST斯达(退市),19930809,,Y
801150.SI,医药生物,801155.SI,中药Ⅱ,851521.SI,中药Ⅲ,600671.SH,ST目药,19930823,,Y
801010.SI,农林牧渔,801019.SI,农业综合Ⅱ,850191.SI,农业综合Ⅲ,600672.SH,*ST华圣(退市),19930917,,Y
801230.SI,综合,801231.SI,综合Ⅱ,852311.SI,综合Ⅲ,600673.SH,东阳光,20230704,,Y
801160.SI,公用事业,801161.SI,电力,851612.SI,水力发电,600674.SH,川投能源,20110110,,Y
801180.SI,房地产,801181.SI,房地产开发,851811.SI,住宅开发,600675.SH,中华企业,19930924,,Y
801230.SI,综合,801231.SI,综合Ⅱ,852311.SI,综合Ⅲ,600676.SH,交运股份,19930928,,Y
801740.SI,国防军工,801741.SI,航天装备Ⅱ,857411.SI,航天装备Ⅲ,600677.SH,*ST航通(退市),20070702,,Y
801710.SI,建筑材料,801711.SI,水泥,857111.SI,水泥制造,600678.SH,四川金顶,20210730,,Y
801880.SI,汽车,801881.SI,摩托车及其他,858811.SI,其他运输设备,600679.SH,上海凤凰,19931008,,Y
801770.SI,通信,801102.SI,通信设备,851026.SI,通信终端及配件,600680.SH,*ST上普(退市),20111010,,Y
801160.SI,公用事业,801163.SI,燃气Ⅱ,851631.SI,燃气Ⅲ,600681.SH,百川能源,20170526,,Y
801230.SI,综合,801231.SI,综合Ⅱ,852311.SI,综合Ⅲ,600682.SH,南京新百,20230704,,Y
801180.SI,房地产,801181.SI,房地产开发,851811.SI,住宅开发,600683.SH,京投发展,19931025,,Y
801180.SI,房地产,801183.SI,房地产服务,851833.SI,房地产综合服务,600684.SH,珠江股份,20240301,,Y
801740.SI,国防军工,801744.SI,航海装备Ⅱ,850935.SI,航海装备Ⅲ,600685.SH,中船防务,19931028,,Y
801880.SI,汽车,801096.SI,商用车,850913.SI,商用载客车,600686.SH,金龙汽车,20210730,,Y
801050.SI,有色金属,801053.SI,贵金属,850531.SI,黄金,600687.SH,退市刚泰(退市),20130701,,Y
801960.SI,石油石化,801963.SI,炼化及贸易,859631.SI,炼油化工,600688.SH,上海石化,19931108,,Y
801230.SI,综合,801231.SI,综合Ⅱ,852311.SI,综合Ⅲ,600689.SH,上海三毛,20220729,,Y
801110.SI,家用电器,801111.SI,白色家电,851116.SI,冰洗,600690.SH,海尔智家,20110110,,Y
801030.SI,基础化工,801038.SI,农化制品,850331.SI,氮肥,600691.SH,阳煤化工,20210730,,Y
801180.SI,房地产,801181.SI,房地产开发,851811.SI,住宅开发,600692.SH,亚通股份,20180713,,Y
801200.SI,商贸零售,801203.SI,一般零售,852031.SI,百货,600693.SH,东百集团,19931122,,Y
801200.SI,商贸零售,801203.SI,一般零售,852033.SI,多业态零售,600694.SH,大商股份,19931122,,Y
801790.SI,非银金融,801191.SI,多元金融,851927.SI,资产管理,600695.SH,退市绿庭(退市),19931122,,Y
801120.SI,食品饮料,801125.SI,白酒Ⅱ,851251.SI,白酒Ⅲ,600696.SH,岩石股份,20220729,,Y
801200.SI,商贸零售,801203.SI,一般零售,852033.SI,多业态零售,600697.SH,欧亚集团,19931206,,Y
801880.SI,汽车,801093.SI,汽车零部件,850923.SI,底盘与发动机系统,600698.SH,湖南天雁,19931206,,Y
801880.SI,汽车,801093.SI,汽车零部件,850926.SI,汽车电子电气系统,600699.SH,均胜电子,20121008,,Y
801230.SI,综合,801231.SI,综合Ⅱ,852311.SI,综合Ⅲ,600700.SH,*ST数码(退市),19960430,,Y
801230.SI,综合,801231.SI,综合Ⅱ,852311.SI,综合Ⅲ,600701.SH,退市工新(退市),19960528,,Y
801120.SI,食品饮料,801125.SI,白酒Ⅱ,851251.SI,白酒Ⅲ,600702.SH,舍得酒业,19960524,,Y
801080.SI,电子,801084.SI,光学光电子,850832.SI,LED,600703.SH,三安光电,20110110,,Y
801170.SI,交通运输,801178.SI,物流,851782.SI,原材料供应链服务,600704.SH,物产中大,20190724,,Y
801790.SI,非银金融,801191.SI,多元金融,851922.SI,金融控股,600705.SH,中航产融,20130701,,Y
801210.SI,社会服务,801993.SI,旅游及景区,852111.SI,人工景区,600706.SH,曲江文旅,20210730,,Y
801080.SI,电子,801084.SI,光学光电子,850831.SI,面板,600707.SH,彩虹股份,19960520,,Y
801180.SI,房地产,801181.SI,房地产开发,851811.SI,住宅开发,600708.SH,光明地产,20151103,,Y
801010.SI,农林牧渔,801015.SI,渔业,850122.SI,水产养殖,600709.SH,ST生态(退市),19960618,,Y
801200.SI,商贸零售,801202.SI,贸易Ⅱ,852021.SI,贸易Ⅲ,600710.SH,苏美达,19960701,,Y
801050.SI,有色金属,801056.SI,能源金属,850561.SI,钴,600711.SH,盛屯矿业,20210730,,Y
801200.SI,商贸零售,801203.SI,一般零售,852031.SI,百货,600712.SH,南宁百货,19960626,,Y
801150.SI,医药生物,801154.SI,医药商业,851542.SI,医药流通,600713.SH,南京医药,19960701,,Y
801030.SI,基础化工,801033.SI,化学原料,850323.SI,无机盐,600714.SH,金瑞矿业,20090601,,Y
801760.SI,传媒,801764.SI,游戏Ⅱ,857641.SI,游戏Ⅲ,600715.SH,*ST文投,19960701,,Y
801180.SI,房地产,801181.SI,房地产开发,851811.SI,住宅开发,600716.SH,凤凰股份,19960702,,Y
801170.SI,交通运输,801992.SI,航运港口,851711.SI,港口,600717.SH,天津港,20210730,,Y
801750.SI,计算机,801103.SI,IT服务Ⅱ,852226.SI,IT服务Ⅲ,600718.SH,东软集团,20210730,,Y
801160.SI,公用事业,801161.SI,电力,851614.SI,热力服务,600719.SH,大连热电,19960716,,Y
801720.SI,建筑装饰,801726.SI,工程咨询服务Ⅱ,857261.SI,工程咨询服务Ⅲ,600720.SH,中交设计,20240119,,Y
801150.SI,医药生物,801156.SI,医疗服务,851563.SI,医疗研发外包,600721.SH,百花医药,20110110,,Y
801030.SI,基础化工,801033.SI,化学原料,850325.SI,煤化工,600722.SH,金牛化工,20220729,,Y
801200.SI,商贸零售,801203.SI,一般零售,852031.SI,百货,600723.SH,首商股份(退市),19960716,,Y
801710.SI,建筑材料,801711.SI,水泥,857111.SI,水泥制造,600724.SH,宁波富达,20210730,,Y
801950.SI,煤炭,801952.SI,焦炭Ⅱ,859521.SI,焦炭Ⅲ,600725.SH,云维股份,19960702,,Y
801160.SI,公用事业,801161.SI,电力,851611.SI,火力发电,600726.SH,华电能源,19960701,,Y
801030.SI,基础化工,801033.SI,化学原料,850326.SI,钛白粉,600727.SH,鲁北化工,20210730,,Y
801750.SI,计算机,801103.SI,IT服务Ⅱ,852226.SI,IT服务Ⅲ,600728.SH,佳都科技,20210730,,Y
801200.SI,商贸零售,801203.SI,一般零售,852033.SI,多业态零售,600729.SH,重庆百货,19960702,,Y
801210.SI,社会服务,801994.SI,教育,859852.SI,培训教育,600730.SH,中国高科,20210730,,Y
801030.SI,基础化工,801038.SI,农化制品,850333.SI,农药,600731.SH,湖南海利,20210730,,Y
801730.SI,电力设备,801735.SI,光伏设备,857352.SI,光伏电池组件,600732.SH,爱旭股份,20201218,,Y
801880.SI,汽车,801095.SI,乘用车,850951.SI,电动乘用车,600733.SH,北汽蓝谷,20220729,,Y
801770.SI,通信,801102.SI,通信设备,851026.SI,通信终端及配件,600734.SH,实达集团,20170629,,Y
801130.SI,纺织服饰,801133.SI,饰品,851333.SI,其他饰品,600735.SH,新华锦,20190724,,Y
801180.SI,房地产,801181.SI,房地产开发,851811.SI,住宅开发,600736.SH,苏州高新,19960815,,Y
801010.SI,农林牧渔,801012.SI,农产品加工,850154.SI,其他农产品加工,600737.SH,中粮糖业,20170629,,Y
801200.SI,商贸零售,801203.SI,一般零售,852031.SI,百货,600738.SH,丽尚国潮,19960802,,Y
801150.SI,医药生物,801152.SI,生物制品,851523.SI,疫苗,600739.SH,辽宁成大,20190724,,Y
801950.SI,煤炭,801952.SI,焦炭Ⅱ,859521.SI,焦炭Ⅲ,600740.SH,山西焦化,19960808,,Y
801880.SI,汽车,801093.SI,汽车零部件,850922.SI,车身附件及饰件,600741.SH,华域汽车,19960826,,Y
801880.SI,汽车,801093.SI,汽车零部件,850922.SI,车身附件及饰件,600742.SH,一汽富维,19960826,,Y
801180.SI,房地产,801181.SI,房地产开发,851811.SI,住宅开发,600743.SH,华远地产,19960909,,Y
801160.SI,公用事业,801161.SI,电力,851611.SI,火力发电,600744.SH,华银电力,19960905,,Y
801080.SI,电子,801081.SI,半导体,850812.SI,分立器件,600745.SH,闻泰科技,20220729,,Y
801030.SI,基础化工,801033.SI,化学原料,850325.SI,煤化工,600746.SH,江苏索普,20210730,,Y
801230.SI,综合,801231.SI,综合Ⅱ,852311.SI,综合Ⅲ,600747.SH,退市大控(退市),20080602,,Y
801180.SI,房地产,801181.SI,房地产开发,851811.SI,住宅开发,600748.SH,上实发展,19960905,,Y
801210.SI,社会服务,801993.SI,旅游及景区,852112.SI,自然景区,600749.SH,西藏旅游,20210730,,Y
801150.SI,医药生物,801155.SI,中药Ⅱ,851521.SI,中药Ⅲ,600750.SH,江中药业,19960829,,Y
801080.SI,电子,801082.SI,其他电子Ⅱ,850841.SI,其他电子Ⅲ,600751.SH,海航科技,20180713,,Y
801150.SI,医药生物,801153.SI,医疗器械,851532.SI,医疗设备,600752.SH,*ST哈慈(退市),19960925,,Y
801170.SI,交通运输,801178.SI,物流,851782.SI,原材料供应链服务,600753.SH,庚星股份,20210730,,Y
801210.SI,社会服务,801219.SI,酒店餐饮,852121.SI,酒店,600754.SH,锦江酒店,20210730,,Y
801170.SI,交通运输,801178.SI,物流,851782.SI,原材料供应链服务,600755.SH,厦门国贸,20210730,,Y
801750.SI,计算机,801103.SI,IT服务Ⅱ,852226.SI,IT服务Ⅲ,600756.SH,浪潮软件,20210730,,Y
801760.SI,传媒,801769.SI,出版,857691.SI,教育出版,600757.SH,长江传媒,20111010,,Y
801950.SI,煤炭,801951.SI,煤炭开采,859512.SI,焦煤,600758.SH,辽宁能源,20170629,,Y
801960.SI,石油石化,801961.SI,油气开采Ⅱ,859611.SI,油气开采Ⅲ,600759.SH,洲际油气,20150701,,Y
801740.SI,国防军工,801742.SI,航空装备Ⅱ,857421.SI,航空装备Ⅲ,600760.SH,中航沈飞,20180713,,Y
801890.SI,机械设备,801077.SI,工程机械,850771.SI,工程机械整机,600761.SH,安徽合力,19961009,,Y
801010.SI,农林牧渔,801016.SI,种植业,850112.SI,粮食种植,600762.SH,S*ST金荔(退市),19961025,,Y
801150.SI,医药生物,801156.SI,医疗服务,851564.SI,医院,600763.SH,通策医疗,20070702,,Y
801740.SI,国防军工,801744.SI,航海装备Ⅱ,850935.SI,航海装备Ⅲ,600764.SH,中国海防,20210730,,Y
801740.SI,国防军工,801742.SI,航空装备Ⅱ,857421.SI,航空装备Ⅲ,600765.SH,中航重机,19961106,,Y
801230.SI,综合,801231.SI,综合Ⅱ,852311.SI,综合Ⅲ,600766.SH,退市园城(退市),20220729,,Y
801750.SI,计算机,801103.SI,IT服务Ⅱ,852226.SI,IT服务Ⅲ,600767.SH,退市运盛(退市),20220729,,Y
801050.SI,有色金属,801055.SI,工业金属,850551.SI,铝,600768.SH,宁波富邦,19961111,,Y
801970.SI,环保,801971.SI,环境治理,859712.SI,水务及水治理,600769.SH,祥龙电业,20210730,,Y
801230.SI,综合,801231.SI,综合Ⅱ,852311.SI,综合Ⅲ,600770.SH,综艺股份,19961120,,Y
801150.SI,医药生物,801155.SI,中药Ⅱ,851521.SI,中药Ⅲ,600771.SH,广誉远,20170629,,Y
801960.SI,石油石化,801963.SI,炼化及贸易,859632.SI,油品石化贸易,600772.SH,S*ST龙昌(退市),19961104,,Y
801180.SI,房地产,801181.SI,房地产开发,851811.SI,住宅开发,600773.SH,西藏城投,20100104,,Y
801150.SI,医药生物,801151.SI,化学制药,851512.SI,化学制剂,600774.SH,汉商集团,20220729,,Y
801770.SI,通信,801102.SI,通信设备,851026.SI,通信终端及配件,600775.SH,南京熊猫,20010430,,Y
801770.SI,通信,801102.SI,通信设备,851027.SI,其他通信设备,600776.SH,东方通信,19961126,,Y
801960.SI,石油石化,801961.SI,油气开采Ⅱ,859611.SI,油气开采Ⅲ,600777.SH,ST新潮,20170629,,Y
801200.SI,商贸零售,801203.SI,一般零售,852033.SI,多业态零售,600778.SH,友好集团,19961203,,Y
801120.SI,食品饮料,801125.SI,白酒Ⅱ,851251.SI,白酒Ⅲ,600779.SH,水井坊,19961206,,Y
801160.SI,公用事业,801161.SI,电力,851611.SI,火力发电,600780.SH,通宝能源,20120702,,Y
801150.SI,医药生物,801151.SI,化学制药,851512.SI,化学制剂,600781.SH,退市辅仁(退市),20190724,,Y
801040.SI,钢铁,801044.SI,普钢,850442.SI,板材,600782.SH,新钢股份,19961225,,Y
801890.SI,机械设备,801072.SI,通用设备,850713.SI,磨具磨料,600783.SH,鲁信创投,20220729,,Y
801230.SI,综合,801231.SI,综合Ⅱ,852311.SI,综合Ⅲ,600784.SH,鲁银投资,20110110,,Y
801200.SI,商贸零售,801203.SI,一般零售,852033.SI,多业态零售,600785.SH,新华百货,19970108,,Y
801170.SI,交通运输,801178.SI,物流,851786.SI,仓储物流,600787.SH,中储股份,19970121,,Y
801200.SI,商贸零售,801203.SI,一般零售,852031.SI,百货,600788.SH,*ST达曼(退市),19961230,,Y
801150.SI,医药生物,801151.SI,化学制药,851512.SI,化学制剂,600789.SH,鲁抗医药,20110110,,Y
801200.SI,商贸零售,801203.SI,一般零售,852034.SI,商业物业经营,600790.SH,轻纺城,20070702,,Y
801180.SI,房地产,801181.SI,房地产开发,851811.SI,住宅开发,600791.SH,京能置业,20020508,,Y
801950.SI,煤炭,801952.SI,焦炭Ⅱ,859521.SI,焦炭Ⅲ,600792.SH,云煤能源,20111010,,Y
801140.SI,轻工制造,801143.SI,造纸,851413.SI,特种纸,600793.SH,宜宾纸业,19970220,,Y
801170.SI,交通运输,801178.SI,物流,851786.SI,仓储物流,600794.SH,保税科技,20070702,,Y
801160.SI,公用事业,801161.SI,电力,851611.SI,火力发电,600795.SH,国电电力,19970318,,Y
801970.SI,环保,801971.SI,环境治理,859712.SI,水务及水治理,600796.SH,钱江生化,20220729,,Y
801750.SI,计算机,801103.SI,IT服务Ⅱ,852226.SI,IT服务Ⅲ,600797.SH,浙大网新,20210730,,Y
801170.SI,交通运输,801992.SI,航运港口,851761.SI,航运,600798.SH,宁波海运,20210730,,Y
801750.SI,计算机,801103.SI,IT服务Ⅱ,852226.SI,IT服务Ⅲ,600799.SH,*ST龙科(退市),19990901,,Y
801960.SI,石油石化,801963.SI,炼化及贸易,859633.SI,其他石化,600800.SH,渤海化学,20170629,,Y
801710.SI,建筑材料,801711.SI,水泥,857111.SI,水泥制造,600801.SH,华新水泥,19940103,,Y
801710.SI,建筑材料,801711.SI,水泥,857111.SI,水泥制造,600802.SH,福建水泥,19940103,,Y
801160.SI,公用事业,801163.SI,燃气Ⅱ,851631.SI,燃气Ⅲ,600803.SH,新奥股份,20200831,,Y
801770.SI,通信,801223.SI,通信服务,852212.SI,电信运营商,600804.SH,*ST鹏博,19940103,,Y
801230.SI,综合,801231.SI,综合Ⅱ,852311.SI,综合Ⅲ,600805.SH,悦达投资,20111010,,Y
801890.SI,机械设备,801072.SI,通用设备,850711.SI,机床工具,600806.SH,退市昆机(退市),19940103,,Y
801050.SI,有色金属,801053.SI,贵金属,850531.SI,黄金,600807.SH,济南高新,20220729,,Y
801040.SI,钢铁,801044.SI,普钢,850442.SI,板材,600808.SH,马钢股份,19940106,,Y
801120.SI,食品饮料,801125.SI,白酒Ⅱ,851251.SI,白酒Ⅲ,600809.SH,山西汾酒,19940106,,Y
801030.SI,基础化工,801032.SI,化学纤维,850346.SI,锦纶,600810.SH,神马股份,20210730,,Y
801200.SI,商贸零售,801202.SI,贸易Ⅱ,852021.SI,贸易Ⅲ,600811.SH,东方集团,20220729,,Y
801150.SI,医药生物,801151.SI,化学制药,851512.SI,化学制剂,600812.SH,华北制药,20180713,,Y
801890.SI,机械设备,801077.SI,工程机械,850772.SI,工程机械器件,600813.SH,ST鞍一工(退市),19940114,,Y
801200.SI,商贸零售,801203.SI,一般零售,852031.SI,百货,600814.SH,杭州解百,19940114,,Y
801890.SI,机械设备,801077.SI,工程机械,850771.SI,工程机械整机,600815.SH,厦工股份,19940128,,Y
801790.SI,非银金融,801191.SI,多元金融,851924.SI,信托,600816.SH,建元信托,19940128,,Y
801970.SI,环保,801972.SI,环保设备Ⅱ,859721.SI,环保设备Ⅲ,600817.SH,宇通重工,20220729,,Y
801880.SI,汽车,801881.SI,摩托车及其他,858811.SI,其他运输设备,600818.SH,中路股份,20220729,,Y
801710.SI,建筑材料,801712.SI,玻璃玻纤,857121.SI,玻璃制造,600819.SH,耀皮玻璃,19940128,,Y
801720.SI,建筑装饰,801723.SI,基础建设,857236.SI,基建市政工程,600820.SH,隧道股份,19940128,,Y
801160.SI,公用事业,801161.SI,电力,851616.SI,光伏发电,600821.SH,金开新能,20220729,,Y
801880.SI,汽车,801092.SI,汽车服务,850232.SI,汽车经销商,600822.SH,上海物贸,20210730,,Y
801180.SI,房地产,801181.SI,房地产开发,851811.SI,住宅开发,600823.SH,*ST世茂(退市),19931012,,Y
801200.SI,商贸零售,801203.SI,一般零售,852033.SI,多业态零售,600824.SH,益民集团,20190724,,Y
801760.SI,传媒,801769.SI,出版,857692.SI,大众出版,600825.SH,新华传媒,19940204,,Y
801210.SI,社会服务,801218.SI,专业服务,852183.SI,会展服务,600826.SH,兰生股份,20210730,,Y
801200.SI,商贸零售,801203.SI,一般零售,852033.SI,多业态零售,600827.SH,百联股份,19940204,,Y
801200.SI,商贸零售,801203.SI,一般零售,852031.SI,百货,600828.SH,茂业商业,19940224,,Y
801150.SI,医药生物,801154.SI,医药商业,851542.SI,医药流通,600829.SH,人民同泰,20151102,,Y
801790.SI,非银金融,801191.SI,多元金融,851922.SI,金融控股,600830.SH,香溢融通,19940224,,Y
801760.SI,传媒,801995.SI,电视广播Ⅱ,859951.SI,电视广播Ⅲ,600831.SH,ST广网,19940224,,Y
801760.SI,传媒,801995.SI,电视广播Ⅱ,859951.SI,电视广播Ⅲ,600832.SH,东方明珠(退市),19940224,,Y
801150.SI,医药生物,801154.SI,医药商业,851543.SI,线下药店,600833.SH,第一医药,19940224,,Y
801170.SI,交通运输,801179.SI,铁路公路,851721.SI,公交,600834.SH,申通地铁,19920619,,Y
801890.SI,机械设备,801074.SI,专用设备,850728.SI,楼宇设备,600835.SH,上海机电,19930806,,Y
801140.SI,轻工制造,801141.SI,包装印刷,851422.SI,印刷,600836.SH,*ST易连(退市),19940224,,Y
801790.SI,非银金融,801193.SI,证券Ⅱ,851931.SI,证券Ⅲ,600837.SH,海通证券,20050901,,Y
801200.SI,商贸零售,801203.SI,一般零售,852033.SI,多业态零售,600838.SH,上海九百,19940224,,Y
801110.SI,家用电器,801112.SI,黑色家电,851121.SI,彩电,600839.SH,四川长虹,19940311,,Y
801180.SI,房地产,801181.SI,房地产开发,851811.SI,住宅开发,600840.SH,新湖创业(退市),20030512,,Y
801880.SI,汽车,801093.SI,汽车零部件,850923.SI,底盘与发动机系统,600841.SH,动力新科,20230704,,Y
801150.SI,医药生物,801151.SI,化学制药,851512.SI,化学制剂,600842.SH,中西药业(退市),19940311,,Y
801890.SI,机械设备,801074.SI,专用设备,850721.SI,纺织服装设备,600843.SH,上工申贝,19940311,,Y
801030.SI,基础化工,801033.SI,化学原料,850325.SI,煤化工,600844.SH,丹化科技,20210730,,Y
801750.SI,计算机,801103.SI,IT服务Ⅱ,852226.SI,IT服务Ⅲ,600845.SH,宝信软件,20210730,,Y
801720.SI,建筑装饰,801726.SI,工程咨询服务Ⅱ,857261.SI,工程咨询服务Ⅲ,600846.SH,同济科技,20230704,,Y
801730.SI,电力设备,801737.SI,电池,857375.SI,蓄电池及其他电池,600847.SH,万里股份,19940324,,Y
801180.SI,房地产,801181.SI,房地产开发,851813.SI,产业地产,600848.SH,上海临港,20210730,,Y
801750.SI,计算机,801103.SI,IT服务Ⅱ,852226.SI,IT服务Ⅲ,600850.SH,电科数字,20210730,,Y
801150.SI,医药生物,801151.SI,化学制药,851512.SI,化学制剂,600851.SH,海欣股份,20180619,,Y
801720.SI,建筑装饰,801723.SI,基础建设,857236.SI,基建市政工程,600852.SH,*ST中川(退市),19940404,,Y
801720.SI,建筑装饰,801723.SI,基础建设,857236.SI,基建市政工程,600853.SH,龙建股份,20020830,,Y
801180.SI,房地产,801181.SI,房地产开发,851811.SI,住宅开发,600854.SH,春兰股份,20230704,,Y
801750.SI,计算机,801101.SI,计算机设备,850703.SI,其他计算机设备,600855.SH,航天长峰,19940328,,Y
801960.SI,石油石化,801961.SI,油气开采Ⅱ,859611.SI,油气开采Ⅲ,600856.SH,退市中天(退市),20210730,,Y
801200.SI,商贸零售,801203.SI,一般零售,852031.SI,百货,600857.SH,宁波中百,20180713,,Y
801200.SI,商贸零售,801203.SI,一般零售,852033.SI,多业态零售,600858.SH,银座股份,20050901,,Y
801200.SI,商贸零售,801203.SI,一般零售,852031.SI,百货,600859.SH,王府井,19940506,,Y
801890.SI,机械设备,801072.SI,通用设备,850751.SI,金属制品,600860.SH,京城股份,20210730,,Y
801200.SI,商贸零售,801203.SI,一般零售,852033.SI,多业态零售,600861.SH,北京人力,20170629,,Y
801740.SI,国防军工,801742.SI,航空装备Ⅱ,857421.SI,航空装备Ⅲ,600862.SH,中航高科,20151102,,Y
801160.SI,公用事业,801161.SI,电力,851611.SI,火力发电,600863.SH,内蒙华电,19940520,,Y
801790.SI,非银金融,801193.SI,证券Ⅱ,851931.SI,证券Ⅲ,600864.SH,哈投股份,20170629,,Y
801200.SI,商贸零售,801203.SI,一般零售,852031.SI,百货,600865.SH,百大集团,19940809,,Y
801030.SI,基础化工,801034.SI,化学制品,850135.SI,食品及饲料添加剂,600866.SH,星湖科技,20210730,,Y
801150.SI,医药生物,801152.SI,生物制品,851524.SI,其他生物制品,600867.SH,通化东宝,19940824,,Y
801720.SI,建筑装饰,801726.SI,工程咨询服务Ⅱ,857261.SI,工程咨询服务Ⅲ,600868.SH,梅雁吉祥,20220729,,Y
801730.SI,电力设备,801738.SI,电网设备,857344.SI,线缆部件及其他,600869.SH,远东股份,20090601,,Y
801200.SI,商贸零售,801202.SI,贸易Ⅱ,852021.SI,贸易Ⅲ,600870.SH,退市厦华(退市),20190724,,Y
801960.SI,石油石化,801962.SI,油服工程,859621.SI,油田服务,600871.SH,石化油服,20150701,,Y
801120.SI,食品饮料,801129.SI,调味发酵品Ⅱ,851242.SI,调味发酵品Ⅲ,600872.SH,中炬高新,20210730,,Y
801030.SI,基础化工,801034.SI,化学制品,850135.SI,食品及饲料添加剂,600873.SH,梅花生物,20220729,,Y
801970.SI,环保,801971.SI,环境治理,859712.SI,水务及水治理,600874.SH,创业环保,19950630,,Y
801730.SI,电力设备,801733.SI,其他电源设备Ⅱ,857331.SI,综合电力设备商,600875.SH,东方电气,19951010,,Y
801710.SI,建筑材料,801712.SI,玻璃玻纤,857121.SI,玻璃制造,600876.SH,凯盛新能,19951031,,Y
801080.SI,电子,801081.SI,半导体,850815.SI,模拟芯片设计,600877.SH,电科芯片,20220729,,Y
801230.SI,综合,801231.SI,综合Ⅱ,852311.SI,综合Ⅲ,600878.SH,*ST北科(退市),19951013,,Y
801740.SI,国防军工,801741.SI,航天装备Ⅱ,857411.SI,航天装备Ⅲ,600879.SH,航天电子,19951115,,Y
801210.SI,社会服务,801994.SI,教育,859853.SI,教育运营及其他,600880.SH,博瑞传播,20220729,,Y
801230.SI,综合,801231.SI,综合Ⅱ,852311.SI,综合Ⅲ,600881.SH,亚泰集团,20210730,,Y
801120.SI,食品饮料,801127.SI,饮料乳品,851243.SI,乳品,600882.SH,妙可蓝多,20210730,,Y
801010.SI,农林牧渔,801016.SI,种植业,850114.SI,食用菌,600883.SH,博闻科技,20220729,,Y
801730.SI,电力设备,801737.SI,电池,857372.SI,电池化学品,600884.SH,杉杉股份,20210730,,Y
801730.SI,电力设备,801738.SI,电网设备,857321.SI,电网自动化设备,600885.SH,宏发股份,20020430,,Y
801160.SI,公用事业,801161.SI,电力,851612.SI,水力发电,600886.SH,国投电力,20170629,,Y
801120.SI,食品饮料,801127.SI,饮料乳品,851243.SI,乳品,600887.SH,伊利股份,20210730,,Y
801050.SI,有色金属,801055.SI,工业金属,850551.SI,铝,600888.SH,新疆众和,19960215,,Y
801030.SI,基础化工,801032.SI,化学纤维,850343.SI,粘胶,600889.SH,南京化纤,19960308,,Y
801180.SI,房地产,801181.SI,房地产开发,851812.SI,商业地产,600890.SH,退市中房(退市),20210730,,Y
801200.SI,商贸零售,801203.SI,一般零售,852031.SI,百货,600891.SH,退市秋林(退市),19960325,,Y
801760.SI,传媒,801764.SI,游戏Ⅱ,857641.SI,游戏Ⅲ,600892.SH,大晟文化,20170519,,Y
801740.SI,国防军工,801742.SI,航空装备Ⅱ,857421.SI,航空装备Ⅲ,600893.SH,航发动力,20070702,,Y
801890.SI,机械设备,801074.SI,专用设备,850728.SI,楼宇设备,600894.SH,广日股份,19960328,,Y
801180.SI,房地产,801181.SI,房地产开发,851813.SI,产业地产,600895.SH,张江高科,19960422,,Y
801150.SI,医药生物,801156.SI,医疗服务,851564.SI,医院,600896.SH,退市海医(退市),20170629,,Y
801170.SI,交通运输,801991.SI,航空机场,851751.SI,机场,600897.SH,厦门空港,20210730,,Y
801080.SI,电子,801085.SI,消费电子,850854.SI,消费电子零部件及组装,600898.SH,*ST美讯,20210730,,Y
801760.SI,传媒,801995.SI,电视广播Ⅱ,859951.SI,电视广播Ⅲ,600899.SH,*ST信联(退市),19990901,,Y
801160.SI,公用事业,801161.SI,电力,851612.SI,水力发电,600900.SH,长江电力,20031111,,Y
801790.SI,非银金融,801191.SI,多元金融,851925.SI,租赁,600901.SH,江苏金租,20180212,,Y
801160.SI,公用事业,801163.SI,燃气Ⅱ,851631.SI,燃气Ⅲ,600903.SH,贵州燃气,20171030,,Y
801160.SI,公用事业,801161.SI,电力,851617.SI,风力发电,600905.SH,三峡能源,20210510,,Y
801790.SI,非银金融,801193.SI,证券Ⅱ,851931.SI,证券Ⅲ,600906.SH,财达证券,20210415,,Y
801780.SI,银行,801785.SI,农商行Ⅱ,857851.SI,农商行Ⅲ,600908.SH,无锡银行,20160823,,Y
801790.SI,非银金融,801193.SI,证券Ⅱ,851931.SI,证券Ⅲ,600909.SH,华安证券,20161201,,Y
801130.SI,纺织服饰,801133.SI,饰品,851331.SI,钟表珠宝,600916.SH,中国黄金,20210125,,Y
801160.SI,公用事业,801163.SI,燃气Ⅱ,851631.SI,燃气Ⅲ,600917.SH,重庆燃气,20140110,,Y
801790.SI,非银金融,801193.SI,证券Ⅱ,851931.SI,证券Ⅲ,600918.SH,中泰证券,20200427,,Y
801780.SI,银行,801784.SI,城商行Ⅱ,857841.SI,城商行Ⅲ,600919.SH,江苏银行,20160623,,Y
801950.SI,煤炭,801951.SI,煤炭开采,859511.SI,动力煤,600925.SH,苏能股份,20230224,,Y
801780.SI,银行,801784.SI,城商行Ⅱ,857841.SI,城商行Ⅲ,600926.SH,杭州银行,20161012,,Y
801790.SI,非银金融,801191.SI,多元金融,851923.SI,期货,600927.SH,永安期货,20211112,,Y
801780.SI,银行,801784.SI,城商行Ⅱ,857841.SI,城商行Ⅲ,600928.SH,西安银行,20190118,,Y
801030.SI,基础化工,801033.SI,化学原料,850323.SI,无机盐,600929.SH,雪天盐业,20210730,,Y
801880.SI,汽车,801093.SI,汽车零部件,850923.SI,底盘与发动机系统,600933.SH,爱柯迪,20171108,,Y
801030.SI,基础化工,801033.SI,化学原料,850322.SI,氯碱,600935.SH,华塑股份,20211112,,Y
801760.SI,传媒,801995.SI,电视广播Ⅱ,859951.SI,电视广播Ⅲ,600936.SH,广西广电,20160804,,Y
801960.SI,石油石化,801961.SI,油气开采Ⅱ,859611.SI,油气开采Ⅲ,600938.SH,中国海油,20220401,,Y
801720.SI,建筑装饰,801721.SI,房屋建设Ⅱ,850623.SI,房屋建设Ⅲ,600939.SH,重庆建工,20170116,,Y
801770.SI,通信,801223.SI,通信服务,852212.SI,电信运营商,600941.SH,中国移动,20211217,,Y
801030.SI,基础化工,801033.SI,化学原料,850324.SI,其他化学原料,600955.SH,维远股份,20210827,,Y
801160.SI,公用事业,801161.SI,电力,851617.SI,风力发电,600956.SH,新天绿能,20210730,,Y
801790.SI,非银金融,801193.SI,证券Ⅱ,851931.SI,证券Ⅲ,600958.SH,东方证券,20150119,,Y
801760.SI,传媒,801995.SI,电视广播Ⅱ,859951.SI,电视广播Ⅲ,600959.SH,江苏有线,20150113,,Y
801880.SI,汽车,801093.SI,汽车零部件,850923.SI,底盘与发动机系统,600960.SH,渤海汽车,20040407,,Y
801050.SI,有色金属,801055.SI,工业金属,850553.SI,铅锌,600961.SH,株冶集团,20040826,,Y
801010.SI,农林牧渔,801012.SI,农产品加工,850151.SI,果蔬加工,600962.SH,国投中鲁,20040618,,Y
801140.SI,轻工制造,801143.SI,造纸,851412.SI,大宗用纸,600963.SH,岳阳林纸,20040525,,Y
801010.SI,农林牧渔,801017.SI,养殖业,850174.SI,其他养殖,600965.SH,福成股份,20040712,,Y
801140.SI,轻工制造,801143.SI,造纸,851412.SI,大宗用纸,600966.SH,博汇纸业,20040604,,Y
801740.SI,国防军工,801743.SI,地面兵装Ⅱ,857431.SI,地面兵装Ⅲ,600967.SH,内蒙一机,20170629,,Y
801960.SI,石油石化,801962.SI,油服工程,859621.SI,油田服务,600968.SH,海油发展,20190614,,Y
801160.SI,公用事业,801161.SI,电力,851610.SI,电能综合服务,600969.SH,郴电国际,20210730,,Y
801720.SI,建筑装饰,801724.SI,专业工程,857243.SI,国际工程,600970.SH,中材国际,20050323,,Y
801950.SI,煤炭,801951.SI,煤炭开采,859511.SI,动力煤,600971.SH,恒源煤电,20040816,,Y
801730.SI,电力设备,801738.SI,电网设备,857344.SI,线缆部件及其他,600973.SH,宝胜股份,20040730,,Y
801010.SI,农林牧渔,801017.SI,养殖业,850172.SI,生猪养殖,600975.SH,新五丰,20040608,,Y
801150.SI,医药生物,801155.SI,中药Ⅱ,851521.SI,中药Ⅲ,600976.SH,健民集团,20040419,,Y
801760.SI,传媒,801766.SI,影视院线,857661.SI,影视动漫制作,600977.SH,中国电影,20160804,,Y
801140.SI,轻工制造,801142.SI,家居用品,851437.SI,成品家居,600978.SH,*ST宜生(退市),20040823,,Y
801160.SI,公用事业,801161.SI,电力,851610.SI,电能综合服务,600979.SH,广安爱众,20210730,,Y
801050.SI,有色金属,801051.SI,金属新材料,850522.SI,磁性材料,600980.SH,北矿科技,20080102,,Y
801200.SI,商贸零售,801202.SI,贸易Ⅱ,852021.SI,贸易Ⅲ,600981.SH,汇鸿集团,20040628,,Y
801160.SI,公用事业,801161.SI,电力,851614.SI,热力服务,600982.SH,宁波能源,20040629,,Y
801110.SI,家用电器,801111.SI,白色家电,851116.SI,冰洗,600983.SH,惠而浦,20040709,,Y
801890.SI,机械设备,801077.SI,工程机械,850771.SI,工程机械整机,600984.SH,建设机械,20040629,,Y
801950.SI,煤炭,801951.SI,煤炭开采,859512.SI,焦煤,600985.SH,淮北矿业,20190724,,Y
801760.SI,传媒,801765.SI,广告营销,857651.SI,营销代理,600986.SH,浙文互联,20040421,,Y
801130.SI,纺织服饰,801131.SI,纺织制造,851314.SI,印染,600987.SH,航民股份,20040806,,Y
801050.SI,有色金属,801053.SI,贵金属,850531.SI,黄金,600988.SH,赤峰黄金,20040414,,Y
801030.SI,基础化工,801033.SI,化学原料,850325.SI,煤化工,600989.SH,宝丰能源,20210730,,Y
801740.SI,国防军工,801745.SI,军工电子Ⅱ,857451.SI,军工电子Ⅲ,600990.SH,四创电子,20210730,,Y
801880.SI,汽车,801095.SI,乘用车,850952.SI,综合乘用车,600991.SH,广汽长丰(退市),20040614,,Y
801890.SI,机械设备,801072.SI,通用设备,850751.SI,金属制品,600992.SH,贵绳股份,20210730,,Y
801150.SI,医药生物,801155.SI,中药Ⅱ,851521.SI,中药Ⅲ,600993.SH,马应龙,20040513,,Y
801160.SI,公用事业,801161.SI,电力,851610.SI,电能综合服务,600995.SH,南网储能,20210730,,Y
801760.SI,传媒,801995.SI,电视广播Ⅱ,859951.SI,电视广播Ⅲ,600996.SH,贵广网络,20161212,,Y
801950.SI,煤炭,801951.SI,煤炭开采,859512.SI,焦煤,600997.SH,开滦股份,20230704,,Y
801150.SI,医药生物,801154.SI,医药商业,851542.SI,医药流通,600998.SH,九州通,20100125,,Y
801790.SI,非银金融,801193.SI,证券Ⅱ,851931.SI,证券Ⅲ,600999.SH,招商证券,20091103,,Y
801170.SI,交通运输,801992.SI,航运港口,851711.SI,港口,601000.SH,唐山港,20210730,,Y
801950.SI,煤炭,801951.SI,煤炭开采,859511.SI,动力煤,601001.SH,晋控煤业,20060621,,Y
801890.SI,机械设备,801072.SI,通用设备,850751.SI,金属制品,601002.SH,晋亿实业,20070125,,Y
801040.SI,钢铁,801044.SI,普钢,850442.SI,板材,601003.SH,柳钢股份,20070227,,Y
801040.SI,钢铁,801044.SI,普钢,850442.SI,板材,601005.SH,重庆钢铁,20180713,,Y
801170.SI,交通运输,801179.SI,铁路公路,851771.SI,铁路运输,601006.SH,大秦铁路,20210730,,Y
801210.SI,社会服务,801219.SI,酒店餐饮,852121.SI,酒店,601007.SH,金陵饭店,20210730,,Y
801170.SI,交通运输,801992.SI,航运港口,851711.SI,港口,601008.SH,连云港,20210730,,Y
801780.SI,银行,801784.SI,城商行Ⅱ,857841.SI,城商行Ⅲ,601009.SH,南京银行,20070718,,Y
801200.SI,商贸零售,801203.SI,一般零售,852033.SI,多业态零售,601010.SH,文峰股份,20210730,,Y
801950.SI,煤炭,801952.SI,焦炭Ⅱ,859521.SI,焦炭Ⅲ,601011.SH,宝泰隆,20110124,,Y
801730.SI,电力设备,801735.SI,光伏设备,857352.SI,光伏电池组件,601012.SH,隆基绿能,20220729,,Y
801950.SI,煤炭,801952.SI,焦炭Ⅱ,859521.SI,焦炭Ⅲ,601015.SH,陕西黑猫,20140124,,Y
801160.SI,公用事业,801161.SI,电力,851617.SI,风力发电,601016.SH,节能风电,20140110,,Y
801170.SI,交通运输,801992.SI,航运港口,851711.SI,港口,601018.SH,宁波港,20210730,,Y
801760.SI,传媒,801769.SI,出版,857691.SI,教育出版,601019.SH,山东出版,20171108,,Y
801050.SI,有色金属,801055.SI,工业金属,850553.SI,铅锌,601020.SH,华钰矿业,20220729,,Y
801170.SI,交通运输,801991.SI,航空机场,851741.SI,航空运输,601021.SH,春秋航空,20210730,,Y
801170.SI,交通运输,801992.SI,航运港口,851761.SI,航运,601022.SH,宁波远洋,20221104,,Y
801200.SI,商贸零售,801202.SI,贸易Ⅱ,852021.SI,贸易Ⅲ,601028.SH,玉龙股份,20210916,,Y
801970.SI,环保,801971.SI,环境治理,859713.SI,固废治理,601033.SH,永兴股份,20231229,,Y
801890.SI,机械设备,801074.SI,专用设备,850723.SI,农用机械,601038.SH,一拖股份,20120727,,Y
801880.SI,汽车,801093.SI,汽车零部件,850924.SI,轮胎轮毂,601058.SH,赛轮轮胎,20110124,,Y
801790.SI,非银金融,801193.SI,证券Ⅱ,851931.SI,证券Ⅲ,601059.SH,信达证券,20221223,,Y
801200.SI,商贸零售,801202.SI,贸易Ⅱ,852021.SI,贸易Ⅲ,601061.SH,中信金属,20230327,,Y
801030.SI,基础化工,801033.SI,化学原料,850321.SI,纯碱,601065.SH,江盐集团,20230327,,Y
801790.SI,非银金融,801193.SI,证券Ⅱ,851931.SI,证券Ⅲ,601066.SH,中信建投,20180620,,Y
801720.SI,建筑装饰,801724.SI,专业工程,857244.SI,其他专业工程,601068.SH,中铝国际,20180809,,Y
801050.SI,有色金属,801053.SI,贵金属,850531.SI,黄金,601069.SH,西部黄金,20150115,,Y
801780.SI,银行,801785.SI,农商行Ⅱ,857851.SI,农商行Ⅲ,601077.SH,渝农商行,20190916,,Y
801170.SI,交通运输,801992.SI,航运港口,851761.SI,航运,601083.SH,锦江航运,20231117,,Y
801200.SI,商贸零售,801203.SI,一般零售,852031.SI,百货,601086.SH,国芳集团,20170921,,Y
801950.SI,煤炭,801951.SI,煤炭开采,859511.SI,动力煤,601088.SH,中国神华,20071008,,Y
801150.SI,医药生物,801151.SI,化学制药,851512.SI,化学制剂,601089.SH,福元医药,20220617,,Y
801720.SI,建筑装饰,801724.SI,专业工程,857241.SI,钢结构,601096.SH,宏盛华源,20231208,,Y
801760.SI,传媒,801769.SI,出版,857691.SI,教育出版,601098.SH,中南传媒,20101020,,Y
801790.SI,非银金融,801193.SI,证券Ⅱ,851931.SI,证券Ⅲ,601099.SH,太平洋,20071227,,Y
801890.SI,机械设备,801077.SI,工程机械,850772.SI,工程机械器件,601100.SH,恒立液压,20111018,,Y
801950.SI,煤炭,801951.SI,煤炭开采,859511.SI,动力煤,601101.SH,昊华能源,20100115,,Y
801890.SI,机械设备,801074.SI,专用设备,850725.SI,能源及重型设备,601106.SH,中国一重,20100125,,Y
801170.SI,交通运输,801179.SI,铁路公路,851731.SI,高速公路,601107.SH,四川成渝,20210730,,Y
801790.SI,非银金融,801193.SI,证券Ⅱ,851931.SI,证券Ⅲ,601108.SH,财通证券,20171010,,Y
801170.SI,交通运输,801991.SI,航空机场,851741.SI,航空运输,601111.SH,中国国航,20210730,,Y
801200.SI,商贸零售,801206.SI,互联网电商,852062.SI,跨境电商,601113.SH,华鼎股份,20210730,,Y
801200.SI,商贸零售,801203.SI,一般零售,852032.SI,超市,601116.SH,三江购物,20110218,,Y
801720.SI,建筑装饰,801724.SI,专业工程,857242.SI,化学工程,601117.SH,中国化学,20091221,,Y
801010.SI,农林牧渔,801016.SI,种植业,850113.SI,其他种植业,601118.SH,海南橡胶,20100128,,Y
801040.SI,钢铁,801043.SI,冶钢原料,850431.SI,铁矿石,601121.SH,宝地矿业,20230224,,Y
801730.SI,电力设备,801738.SI,电网设备,857321.SI,电网自动化设备,601126.SH,四方股份,20210730,,Y
801880.SI,汽车,801095.SI,乘用车,850952.SI,综合乘用车,601127.SH,赛力斯,20160525,,Y
801780.SI,银行,801785.SI,农商行Ⅱ,857851.SI,农商行Ⅲ,601128.SH,常熟银行,20160823,,Y
801720.SI,建筑装饰,801724.SI,专业工程,857244.SI,其他专业工程,601133.SH,柏诚股份,20230327,,Y
801790.SI,非银金融,801193.SI,证券Ⅱ,851931.SI,证券Ⅲ,601136.SH,首创证券,20221121,,Y
801050.SI,有色金属,801051.SI,金属新材料,850521.SI,其他金属新材料,601137.SH,博威合金,20210730,,Y
801080.SI,电子,801085.SI,消费电子,850854.SI,消费电子零部件及组装,601138.SH,工业富联,20180528,,Y
801160.SI,公用事业,801163.SI,燃气Ⅱ,851631.SI,燃气Ⅲ,601139.SH,深圳燃气,20090105,,Y
801180.SI,房地产,801181.SI,房地产开发,851812.SI,商业地产,601155.SH,新城控股,20210730,,Y
801170.SI,交通运输,801178.SI,物流,851785.SI,跨境物流,601156.SH,东航物流,20210521,,Y
801970.SI,环保,801971.SI,环境治理,859712.SI,水务及水治理,601158.SH,重庆水务,20100111,,Y
801790.SI,非银金融,801193.SI,证券Ⅱ,851931.SI,证券Ⅲ,601162.SH,天风证券,20180918,,Y
801880.SI,汽车,801093.SI,汽车零部件,850924.SI,轮胎轮毂,601163.SH,三角轮胎,20160823,,Y
801780.SI,银行,801783.SI,股份制银行Ⅱ,857831.SI,股份制银行Ⅲ,601166.SH,兴业银行,20070205,,Y
801050.SI,有色金属,801055.SI,工业金属,850552.SI,铜,601168.SH,西部矿业,20210730,,Y
801780.SI,银行,801784.SI,城商行Ⅱ,857841.SI,城商行Ⅲ,601169.SH,北京银行,20070918,,Y
801890.SI,机械设备,801072.SI,通用设备,850751.SI,金属制品,601177.SH,杭齿前进,20100917,,Y
801730.SI,电力设备,801738.SI,电网设备,857381.SI,输变电设备,601179.SH,中国西电,20100112,,Y
801720.SI,建筑装饰,801723.SI,基础建设,857236.SI,基建市政工程,601186.SH,中国铁建,20080226,,Y
801780.SI,银行,801784.SI,城商行Ⅱ,857841.SI,城商行Ⅲ,601187.SH,厦门银行,20200914,,Y
801170.SI,交通运输,801179.SI,铁路公路,851731.SI,高速公路,601188.SH,龙江交通,20210730,,Y
801790.SI,非银金融,801193.SI,证券Ⅱ,851931.SI,证券Ⅲ,601198.SH,东兴证券,20150119,,Y
801970.SI,环保,801971.SI,环境治理,859712.SI,水务及水治理,601199.SH,江南水务,20110110,,Y
801970.SI,环保,801971.SI,环境治理,859713.SI,固废治理,601200.SH,上海环境,20170331,,Y
801030.SI,基础化工,801036.SI,塑料,850355.SI,膜材料,601208.SH,东材科技,20210730,,Y
801790.SI,非银金融,801193.SI,证券Ⅱ,851931.SI,证券Ⅲ,601211.SH,国泰君安,20150119,,Y
801050.SI,有色金属,801055.SI,工业金属,850552.SI,铜,601212.SH,白银有色,20230704,,Y
801030.SI,基础化工,801033.SI,化学原料,850322.SI,氯碱,601216.SH,君正集团,20110110,,Y
801730.SI,电力设备,801736.SI,风电设备,857362.SI,风电零部件,601218.SH,吉鑫科技,20110426,,Y
801160.SI,公用事业,801161.SI,电力,851616.SI,光伏发电,601222.SH,林洋能源,20210730,,Y
801950.SI,煤炭,801951.SI,煤炭开采,859511.SI,动力煤,601225.SH,陕西煤业,20140108,,Y
801720.SI,建筑装饰,801724.SI,专业工程,857244.SI,其他专业工程,601226.SH,华电重工,20140127,,Y
801170.SI,交通运输,801992.SI,航运港口,851711.SI,港口,601228.SH,广州港,20210730,,Y
801780.SI,银行,801784.SI,城商行Ⅱ,857841.SI,城商行Ⅲ,601229.SH,上海银行,20161012,,Y
801080.SI,电子,801085.SI,消费电子,850854.SI,消费电子零部件及组装,601231.SH,环旭电子,20120109,,Y
801960.SI,石油石化,801963.SI,炼化及贸易,859633.SI,其他石化,601233.SH,桐昆股份,20210730,,Y
801790.SI,非银金融,801193.SI,证券Ⅱ,851931.SI,证券Ⅲ,601236.SH,红塔证券,20190529,,Y
801880.SI,汽车,801095.SI,乘用车,850952.SI,综合乘用车,601238.SH,广汽集团,20120329,,Y
801880.SI,汽车,801092.SI,汽车服务,850232.SI,汽车经销商,601258.SH,*ST庞大(退市),20110415,,Y
801890.SI,机械设备,801074.SI,专用设备,850725.SI,能源及重型设备,601268.SH,*ST二重(退市),20100118,,Y
801880.SI,汽车,801093.SI,汽车零部件,850925.SI,其他汽车零部件,601279.SH,英利汽车,20210329,,Y
801780.SI,银行,801782.SI,国有大型银行Ⅱ,857821.SI,国有大型银行Ⅲ,601288.SH,农业银行,20100610,,Y
801170.SI,交通运输,801992.SI,航运港口,851711.SI,港口,601298.SH,青岛港,20210730,,Y
801890.SI,机械设备,801076.SI,轨交设备Ⅱ,850936.SI,轨交设备Ⅲ,601299.SH,中国北车(退市),20091210,,Y
801730.SI,电力设备,801737.SI,电池,857375.SI,蓄电池及其他电池,601311.SH,骆驼股份,20110525,,Y
801790.SI,非银金融,801194.SI,保险Ⅱ,851941.SI,保险Ⅲ,601318.SH,中国平安,20070228,,Y
801790.SI,非银金融,801194.SI,保险Ⅱ,851941.SI,保险Ⅲ,601319.SH,中国人保,20181030,,Y
801170.SI,交通运输,801992.SI,航运港口,851711.SI,港口,601326.SH,秦港股份,20210730,,Y
801780.SI,银行,801782.SI,国有大型银行Ⅱ,857821.SI,国有大型银行Ⅲ,601328.SH,交通银行,20070514,,Y
801970.SI,环保,801971.SI,环境治理,859713.SI,固废治理,601330.SH,绿色动力,20180528,,Y
801170.SI,交通运输,801179.SI,铁路公路,851771.SI,铁路运输,601333.SH,广深铁路,20210730,,Y
801790.SI,非银金融,801194.SI,保险Ⅱ,851941.SI,保险Ⅲ,601336.SH,新华保险,20111207,,Y
801130.SI,纺织服饰,801131.SI,纺织制造,851312.SI,棉纺,601339.SH,百隆东方,20120131,,Y
801750.SI,计算机,801104.SI,软件开发,851042.SI,横向通用软件,601360.SH,三六零,20120116,,Y
801200.SI,商贸零售,801203.SI,一般零售,852033.SI,多业态零售,601366.SH,利群股份,20170330,,Y
801970.SI,环保,801971.SI,环境治理,859712.SI,水务及水治理,601368.SH,绿城水务,20150115,,Y
801890.SI,机械设备,801072.SI,通用设备,850716.SI,其他通用设备,601369.SH,陕鼓动力,20100406,,Y
801790.SI,非银金融,801193.SI,证券Ⅱ,851931.SI,证券Ⅲ,601375.SH,中原证券,20161212,,Y
801790.SI,非银金融,801193.SI,证券Ⅱ,851931.SI,证券Ⅲ,601377.SH,兴业证券,20100920,,Y
801050.SI,有色金属,801055.SI,工业金属,850551.SI,铝,601388.SH,怡球资源,20120409,,Y
801720.SI,建筑装饰,801723.SI,基础建设,857236.SI,基建市政工程,601390.SH,中国中铁,20071203,,Y
801780.SI,银行,801782.SI,国有大型银行Ⅱ,857821.SI,国有大型银行Ⅲ,601398.SH,工商银行,20061026,,Y
801890.SI,机械设备,801074.SI,专用设备,850725.SI,能源及重型设备,601399.SH,国机重装,20210322,,Y
801790.SI,非银金融,801193.SI,证券Ⅱ,851931.SI,证券Ⅲ,601456.SH,国联证券,20200721,,Y
801880.SI,汽车,801093.SI,汽车零部件,850924.SI,轮胎轮毂,601500.SH,通用股份,20160907,,Y
801180.SI,房地产,801181.SI,房地产开发,851813.SI,产业地产,601512.SH,中新集团,20191205,,Y
801140.SI,轻工制造,801141.SI,包装印刷,851425.SI,纸包装,601515.SH,东峰集团,20120106,,Y
801170.SI,交通运输,801179.SI,铁路公路,851731.SI,高速公路,601518.SH,吉林高速,20210730,,Y
801750.SI,计算机,801104.SI,软件开发,851041.SI,垂直应用软件,601519.SH,大智慧,20110119,,Y
801780.SI,银行,801785.SI,农商行Ⅱ,857851.SI,农商行Ⅲ,601528.SH,瑞丰银行,20210518,,Y
801790.SI,非银金融,801193.SI,证券Ⅱ,851931.SI,证券Ⅲ,601555.SH,东吴证券,20111202,,Y
801130.SI,纺织服饰,801132.SI,服装家纺,851329.SI,非运动服装,601566.SH,九牧王,20110110,,Y
801730.SI,电力设备,801738.SI,电网设备,857382.SI,配电设备,601567.SH,三星医疗,20220729,,Y
801030.SI,基础化工,801033.SI,化学原料,850322.SI,氯碱,601568.SH,北元集团,20200924,,Y
801780.SI,银行,801784.SI,城商行Ⅱ,857841.SI,城商行Ⅲ,601577.SH,长沙银行,20180831,,Y
801120.SI,食品饮料,801126.SI,非白酒,851233.SI,其他酒类,601579.SH,会稽山,20140207,,Y
801180.SI,房地产,801181.SI,房地产开发,851811.SI,住宅开发,601588.SH,北辰实业,20061016,,Y
801760.SI,传媒,801766.SI,影视院线,857661.SI,影视动漫制作,601595.SH,上海电影,20160804,,Y
801170.SI,交通运输,801178.SI,物流,851785.SI,跨境物流,601598.SH,中国外运,20190115,,Y
801130.SI,纺织服饰,801131.SI,纺织制造,851316.SI,其他纺织,601599.SH,浙文影业,20110118,,Y
801050.SI,有色金属,801055.SI,工业金属,850551.SI,铝,601600.SH,中国铝业,20070430,,Y
801790.SI,非银金融,801194.SI,保险Ⅱ,851941.SI,保险Ⅲ,601601.SH,中国太保,20071224,,Y
801740.SI,国防军工,801743.SI,地面兵装Ⅱ,857431.SI,地面兵装Ⅲ,601606.SH,长城军工,20180806,,Y
801150.SI,医药生物,801154.SI,医药商业,851542.SI,医药流通,601607.SH,上海医药,19940324,,Y
801890.SI,机械设备,801074.SI,专用设备,850725.SI,能源及重型设备,601608.SH,中信重工,20120626,,Y
801050.SI,有色金属,801055.SI,工业金属,850552.SI,铜,601609.SH,金田股份,20200408,,Y
801720.SI,建筑装饰,801723.SI,基础建设,857236.SI,基建市政工程,601611.SH,中国核建,20160525,,Y
801730.SI,电力设备,801736.SI,风电设备,857361.SI,风电整机,601615.SH,明阳智能,20190104,,Y
801730.SI,电力设备,801738.SI,电网设备,857382.SI,配电设备,601616.SH,广电电气,20110125,,Y
801720.SI,建筑装饰,801724.SI,专业工程,857244.SI,其他专业工程,601618.SH,中国中冶,20090901,,Y
801160.SI,公用事业,801161.SI,电力,851617.SI,风力发电,601619.SH,嘉泽新能,20170712,,Y
801790.SI,非银金融,801194.SI,保险Ⅱ,851941.SI,保险Ⅲ,601628.SH,中国人寿,20070108,,Y
801880.SI,汽车,801095.SI,乘用车,850952.SI,综合乘用车,601633.SH,长城汽车,20110919,,Y
801710.SI,建筑材料,801712.SI,玻璃玻纤,857121.SI,玻璃制造,601636.SH,旗滨集团,20110804,,Y
801780.SI,银行,801782.SI,国有大型银行Ⅱ,857821.SI,国有大型银行Ⅲ,601658.SH,邮储银行,20191101,,Y
801780.SI,银行,801784.SI,城商行Ⅱ,857841.SI,城商行Ⅲ,601665.SH,齐鲁银行,20210512,,Y
801950.SI,煤炭,801951.SI,煤炭开采,859512.SI,焦煤,601666.SH,平煤股份,20061121,,Y
801720.SI,建筑装饰,801721.SI,房屋建设Ⅱ,850623.SI,房屋建设Ⅲ,601668.SH,中国建筑,20090714,,Y
801720.SI,建筑装饰,801723.SI,基础建设,857236.SI,基建市政工程,601669.SH,中国电建,20110927,,Y
801050.SI,有色金属,801055.SI,工业金属,850551.SI,铝,601677.SH,明泰铝业,20110906,,Y
801030.SI,基础化工,801033.SI,化学原料,850322.SI,氯碱,601678.SH,滨化股份,20190724,,Y
801040.SI,钢铁,801044.SI,普钢,850443.SI,钢铁管材,601686.SH,友发集团,20210730,,Y
801790.SI,非银金融,801193.SI,证券Ⅱ,851931.SI,证券Ⅲ,601688.SH,华泰证券,20100203,,Y
801880.SI,汽车,801093.SI,汽车零部件,850923.SI,底盘与发动机系统,601689.SH,拓普集团,20150109,,Y
801790.SI,非银金融,801193.SI,证券Ⅱ,851931.SI,证券Ⅲ,601696.SH,中银证券,20200204,,Y
801740.SI,国防军工,801741.SI,航天装备Ⅱ,857411.SI,航天装备Ⅲ,601698.SH,中国卫通,20190614,,Y
801950.SI,煤炭,801951.SI,煤炭开采,859512.SI,焦煤,601699.SH,潞安环能,20060922,,Y
801730.SI,电力设备,801738.SI,电网设备,857344.SI,线缆部件及其他,601700.SH,风范股份,20110106,,Y
801050.SI,有色金属,801055.SI,工业金属,850551.SI,铝,601702.SH,华峰铝业,20200821,,Y
801890.SI,机械设备,801074.SI,专用设备,850725.SI,能源及重型设备,601717.SH,郑煤机,20190724,,Y
801130.SI,纺织服饰,801132.SI,服装家纺,851329.SI,非运动服装,601718.SH,际华集团,20100727,,Y
801730.SI,电力设备,801733.SI,其他电源设备Ⅱ,857331.SI,综合电力设备商,601727.SH,上海电气,20081111,,Y
801770.SI,通信,801223.SI,通信服务,852212.SI,电信运营商,601728.SH,中国电信,20210813,,Y
801890.SI,机械设备,801076.SI,轨交设备Ⅱ,850936.SI,轨交设备Ⅲ,601766.SH,中国中车,20080728,,Y
801880.SI,汽车,801881.SI,摩托车及其他,858812.SI,摩托车,601777.SH,力帆科技,20101115,,Y
801160.SI,公用事业,801161.SI,电力,851616.SI,光伏发电,601778.SH,晶科科技,20200427,,Y
801790.SI,非银金融,801193.SI,证券Ⅱ,851931.SI,证券Ⅲ,601788.SH,光大证券,20090728,,Y
801720.SI,建筑装饰,801721.SI,房屋建设Ⅱ,850623.SI,房屋建设Ⅲ,601789.SH,宁波建工,20110805,,Y
801890.SI,机械设备,801074.SI,专用设备,850725.SI,能源及重型设备,601798.SH,蓝科高新,20110609,,Y
801880.SI,汽车,801093.SI,汽车零部件,850922.SI,车身附件及饰件,601799.SH,星宇股份,20220729,,Y
801720.SI,建筑装饰,801723.SI,基础建设,857236.SI,基建市政工程,601800.SH,中国交建,20120214,,Y
801760.SI,传媒,801769.SI,出版,857692.SI,大众出版,601801.SH,皖新传媒,20091231,,Y
801960.SI,石油石化,801962.SI,油服工程,859621.SI,油田服务,601808.SH,中海油服,20070927,,Y
801760.SI,传媒,801769.SI,出版,857691.SI,教育出版,601811.SH,新华文轩,20160804,,Y
801170.SI,交通运输,801179.SI,铁路公路,851771.SI,铁路运输,601816.SH,京沪高铁,20210730,,Y
801780.SI,银行,801783.SI,股份制银行Ⅱ,857831.SI,股份制银行Ⅲ,601818.SH,光大银行,20100805,,Y
801780.SI,银行,801785.SI,农商行Ⅱ,857851.SI,农商行Ⅲ,601825.SH,沪农商行,20210709,,Y
801970.SI,环保,801971.SI,环境治理,859713.SI,固废治理,601827.SH,三峰环境,20200518,,Y
801200.SI,商贸零售,801203.SI,一般零售,852034.SI,商业物业经营,601828.SH,美凯龙,20180108,,Y
801780.SI,银行,801784.SI,城商行Ⅱ,857841.SI,城商行Ⅲ,601838.SH,成都银行,20171220,,Y
801960.SI,石油石化,801963.SI,炼化及贸易,859631.SI,炼油化工,601857.SH,中国石油,20071101,,Y
801760.SI,传媒,801769.SI,出版,857692.SI,大众出版,601858.SH,中国科传,20170105,,Y
801780.SI,银行,801785.SI,农商行Ⅱ,857851.SI,农商行Ⅲ,601860.SH,紫金银行,20181128,,Y
801730.SI,电力设备,801735.SI,光伏设备,857354.SI,光伏辅材,601865.SH,福莱特,20210730,,Y
801170.SI,交通运输,801992.SI,航运港口,851761.SI,航运,601866.SH,中远海发,20210730,,Y
801720.SI,建筑装饰,801723.SI,基础建设,857236.SI,基建市政工程,601868.SH,中国能建,20210928,,Y
801770.SI,通信,801102.SI,通信设备,851025.SI,通信线缆及配套,601869.SH,长飞光纤,20180706,,Y
801170.SI,交通运输,801992.SI,航运港口,851761.SI,航运,601872.SH,招商轮船,20210730,,Y
801730.SI,电力设备,801738.SI,电网设备,857382.SI,配电设备,601877.SH,正泰电器,20100104,,Y
801790.SI,非银金融,801193.SI,证券Ⅱ,851931.SI,证券Ⅲ,601878.SH,浙商证券,20170522,,Y
801170.SI,交通运输,801992.SI,航运港口,851711.SI,港口,601880.SH,辽港股份,20210730,,Y
801790.SI,非银金融,801193.SI,证券Ⅱ,851931.SI,证券Ⅲ,601881.SH,中国银河,20161228,,Y
801890.SI,机械设备,801072.SI,通用设备,850711.SI,机床工具,601882.SH,海天精工,20161028,,Y
801720.SI,建筑装饰,801722.SI,装修装饰Ⅱ,857221.SI,装修装饰Ⅲ,601886.SH,江河集团,20110809,,Y
801200.SI,商贸零售,801207.SI,旅游零售Ⅱ,852071.SI,旅游零售Ⅲ,601888.SH,中国中免,20210730,,Y
801740.SI,国防军工,801744.SI,航海装备Ⅱ,850935.SI,航海装备Ⅲ,601890.SH,亚星锚链,20101215,,Y
801950.SI,煤炭,801951.SI,煤炭开采,859511.SI,动力煤,601898.SH,中煤能源,20080102,,Y
801050.SI,有色金属,801055.SI,工业金属,850552.SI,铜,601899.SH,紫金矿业,20210730,,Y
801760.SI,传媒,801769.SI,出版,857691.SI,教育出版,601900.SH,南方传媒,20160203,,Y
801790.SI,非银金融,801193.SI,证券Ⅱ,851931.SI,证券Ⅲ,601901.SH,方正证券,20110801,,Y
801160.SI,公用事业,801161.SI,电力,851616.SI,光伏发电,601908.SH,京运通,20110826,,Y
801780.SI,银行,801783.SI,股份制银行Ⅱ,857831.SI,股份制银行Ⅲ,601916.SH,浙商银行,20191126,,Y
801950.SI,煤炭,801951.SI,煤炭开采,859511.SI,动力煤,601918.SH,新集能源,20071217,,Y
801170.SI,交通运输,801992.SI,航运港口,851761.SI,航运,601919.SH,中远海控,20210730,,Y
801760.SI,传媒,801769.SI,出版,857691.SI,教育出版,601921.SH,浙版传媒,20210615,,Y
801760.SI,传媒,801769.SI,出版,857691.SI,教育出版,601928.SH,凤凰传媒,20111121,,Y
801760.SI,传媒,801995.SI,电视广播Ⅱ,859951.SI,电视广播Ⅲ,601929.SH,吉视传媒,20120209,,Y
801200.SI,商贸零售,801203.SI,一般零售,852032.SI,超市,601933.SH,永辉超市,20101207,,Y
801780.SI,银行,801782.SI,国有大型银行Ⅱ,857821.SI,国有大型银行Ⅲ,601939.SH,建设银行,20070924,,Y
801760.SI,传媒,801769.SI,出版,857692.SI,大众出版,601949.SH,中国出版,20170807,,Y
801010.SI,农林牧渔,801016.SI,种植业,850112.SI,粮食种植,601952.SH,苏垦农发,20170504,,Y
801110.SI,家用电器,801116.SI,家电零部件Ⅱ,851161.SI,家电零部件Ⅲ,601956.SH,东贝集团,20201225,,Y
801050.SI,有色金属,801054.SI,小金属,850545.SI,钼,601958.SH,金钼股份,20210730,,Y
801780.SI,银行,801784.SI,城商行Ⅱ,857841.SI,城商行Ⅲ,601963.SH,重庆银行,20210104,,Y
801880.SI,汽车,801092.SI,汽车服务,850233.SI,汽车综合服务,601965.SH,中国汽研,20120530,,Y
801880.SI,汽车,801093.SI,汽车零部件,850924.SI,轮胎轮毂,601966.SH,玲珑轮胎,20160624,,Y
801140.SI,轻工制造,801141.SI,包装印刷,851423.SI,金属包装,601968.SH,宝钢包装,20150115,,Y
801040.SI,钢铁,801043.SI,冶钢原料,850431.SI,铁矿石,601969.SH,海南矿业,20140127,,Y
801170.SI,交通运输,801992.SI,航运港口,851761.SI,航运,601975.SH,招商南油,20210730,,Y
801160.SI,公用事业,801161.SI,电力,851618.SI,核力发电,601985.SH,中国核电,20150610,,Y
801780.SI,银行,801782.SI,国有大型银行Ⅱ,857821.SI,国有大型银行Ⅲ,601988.SH,中国银行,20060531,,Y
801740.SI,国防军工,801744.SI,航海装备Ⅱ,850935.SI,航海装备Ⅲ,601989.SH,中国重工,20091130,,Y
801790.SI,非银金融,801193.SI,证券Ⅱ,851931.SI,证券Ⅲ,601990.SH,南京证券,20180507,,Y
801160.SI,公用事业,801161.SI,电力,851611.SI,火力发电,601991.SH,大唐发电,20061219,,Y
801710.SI,建筑材料,801711.SI,水泥,857111.SI,水泥制造,601992.SH,金隅集团,20190724,,Y
801790.SI,非银金融,801193.SI,证券Ⅱ,851931.SI,证券Ⅲ,601995.SH,中金公司,20201016,,Y
801140.SI,轻工制造,801142.SI,家居用品,851491.SI,其他家居用品,601996.SH,丰林集团,20220729,,Y
801780.SI,银行,801784.SI,城商行Ⅱ,857841.SI,城商行Ⅲ,601997.SH,贵阳银行,20160804,,Y
801780.SI,银行,801783.SI,股份制银行Ⅱ,857831.SI,股份制银行Ⅲ,601998.SH,中信银行,20070427,,Y
801760.SI,传媒,801769.SI,出版,857692.SI,大众出版,601999.SH,出版传媒,20071220,,Y
801760.SI,传媒,801767.SI,数字媒体,857674.SI,门户网站,603000.SH,人民网,20120417,,Y
801130.SI,纺织服饰,801132.SI,服装家纺,851325.SI,鞋帽及其他,603001.SH,奥康国际,20120118,,Y
801080.SI,电子,801086.SI,电子化学品Ⅱ,850861.SI,电子化学品Ⅲ,603002.SH,宏昌电子,20211014,,Y
801750.SI,计算机,801103.SI,IT服务Ⅱ,852226.SI,IT服务Ⅲ,603003.SH,*ST龙宇,20210730,,Y
801030.SI,基础化工,801034.SI,化学制品,850339.SI,其他化学制品,603004.SH,鼎龙科技,20231208,,Y
801080.SI,电子,801081.SI,半导体,850817.SI,集成电路封测,603005.SH,晶方科技,20140122,,Y
801880.SI,汽车,801093.SI,汽车零部件,850925.SI,其他汽车零部件,603006.SH,联明股份,20140120,,Y
801720.SI,建筑装饰,801723.SI,基础建设,857251.SI,园林工程,603007.SH,ST花王,20210730,,Y
801140.SI,轻工制造,801142.SI,家居用品,851437.SI,成品家居,603008.SH,喜临门,20120106,,Y
801880.SI,汽车,801093.SI,汽车零部件,850923.SI,底盘与发动机系统,603009.SH,北特科技,20140120,,Y
801030.SI,基础化工,801034.SI,化学制品,850339.SI,其他化学制品,603010.SH,万盛股份,20220729,,Y
801890.SI,机械设备,801074.SI,专用设备,850727.SI,其他专用设备,603011.SH,合锻智能,20170629,,Y
801890.SI,机械设备,801074.SI,专用设备,850725.SI,能源及重型设备,603012.SH,创力集团,20150316,,Y
801880.SI,汽车,801093.SI,汽车零部件,850923.SI,底盘与发动机系统,603013.SH,亚普股份,20180507,,Y
801890.SI,机械设备,801078.SI,自动化设备,850782.SI,工控设备,603015.SH,弘讯科技,20150115,,Y
801730.SI,电力设备,801738.SI,电网设备,857382.SI,配电设备,603016.SH,新宏泰,20160701,,Y
801720.SI,建筑装饰,801726.SI,工程咨询服务Ⅱ,857261.SI,工程咨询服务Ⅲ,603017.SH,中衡设计,20210730,,Y
801720.SI,建筑装饰,801726.SI,工程咨询服务Ⅱ,857261.SI,工程咨询服务Ⅲ,603018.SH,华设集团,20140127,,Y
801750.SI,计算机,801101.SI,计算机设备,850703.SI,其他计算机设备,603019.SH,中科曙光,20140124,,Y
801030.SI,基础化工,801034.SI,化学制品,850135.SI,食品及饲料添加剂,603020.SH,爱普股份,20210730,,Y
801140.SI,轻工制造,801142.SI,家居用品,851491.SI,其他家居用品,603021.SH,山东华鹏,20150113,,Y
801140.SI,轻工制造,801141.SI,包装印刷,851426.SI,综合包装,603022.SH,新通联,20150106,,Y
801880.SI,汽车,801093.SI,汽车零部件,850926.SI,汽车电子电气系统,603023.SH,*ST威帝,20150126,,Y
801890.SI,机械设备,801078.SI,自动化设备,850782.SI,工控设备,603025.SH,大豪科技,20150413,,Y
801730.SI,电力设备,801737.SI,电池,857372.SI,电池化学品,603026.SH,石大胜华,20210730,,Y
801120.SI,食品饮料,801129.SI,调味发酵品Ⅱ,851242.SI,调味发酵品Ⅲ,603027.SH,千禾味业,20210730,,Y
801890.SI,机械设备,801072.SI,通用设备,850751.SI,金属制品,603028.SH,赛福天,20210730,,Y
801890.SI,机械设备,801074.SI,专用设备,850723.SI,农用机械,603029.SH,天鹅股份,20220729,,Y
801720.SI,建筑装饰,801722.SI,装修装饰Ⅱ,857221.SI,装修装饰Ⅲ,603030.SH,全筑股份,20150109,,Y
801730.SI,电力设备,801737.SI,电池,857375.SI,蓄电池及其他电池,603031.SH,安孚科技,20230704,,Y
801730.SI,电力设备,801737.SI,电池,857373.SI,锂电专用设备,603032.SH,德新科技,20230915,,Y
801030.SI,基础化工,801037.SI,橡胶,850362.SI,其他橡胶制品,603033.SH,三维股份,20161201,,Y
801880.SI,汽车,801093.SI,汽车零部件,850922.SI,车身附件及饰件,603035.SH,常熟汽饰,20161219,,Y
801890.SI,机械设备,801074.SI,专用设备,850725.SI,能源及重型设备,603036.SH,如通股份,20161201,,Y
801880.SI,汽车,801093.SI,汽车零部件,850923.SI,底盘与发动机系统,603037.SH,凯众股份,20161226,,Y
801710.SI,建筑材料,801713.SI,装修建材,850614.SI,其他建材,603038.SH,华立股份,20170105,,Y
801750.SI,计算机,801104.SI,软件开发,851042.SI,横向通用软件,603039.SH,泛微网络,20170105,,Y
801880.SI,汽车,801093.SI,汽车零部件,850923.SI,底盘与发动机系统,603040.SH,新坐标,20170124,,Y
801030.SI,基础化工,801034.SI,化学制品,850372.SI,聚氨酯,603041.SH,美思德,20170320,,Y
801770.SI,通信,801102.SI,通信设备,851025.SI,通信线缆及配套,603042.SH,华脉科技,20170522,,Y
801120.SI,食品饮料,801128.SI,休闲食品,851282.SI,烘焙食品,603043.SH,广州酒家,20210730,,Y
801050.SI,有色金属,801051.SI,金属新材料,850521.SI,其他金属新材料,603045.SH,福达合金,20180507,,Y
801880.SI,汽车,801093.SI,汽车零部件,850925.SI,其他汽车零部件,603048.SH,浙江黎明,20211029,,Y
801730.SI,电力设备,801738.SI,电网设备,857321.SI,电网自动化设备,603050.SH,科林电气,20210730,,Y
801030.SI,基础化工,801034.SI,化学制品,850137.SI,胶黏剂及胶带,603051.SH,鹿山新材,20220311,,Y
801080.SI,电子,801085.SI,消费电子,850854.SI,消费电子零部件及组装,603052.SH,可川科技,20220923,,Y
801160.SI,公用事业,801163.SI,燃气Ⅱ,851631.SI,燃气Ⅲ,603053.SH,成都燃气,20191129,,Y
801130.SI,纺织服饰,801131.SI,纺织制造,851316.SI,其他纺织,603055.SH,台华新材,20180917,,Y
801170.SI,交通运输,801178.SI,物流,851784.SI,快递,603056.SH,德邦股份,20220729,,Y
801120.SI,食品饮料,801128.SI,休闲食品,851283.SI,熟食,603057.SH,紫燕食品,20220909,,Y
801140.SI,轻工制造,801141.SI,包装印刷,851425.SI,纸包装,603058.SH,永吉股份,20161212,,Y
801980.SI,美容护理,801981.SI,个护用品,859812.SI,洗护用品,603059.SH,倍加洁,20180212,,Y
801210.SI,社会服务,801218.SI,专业服务,852182.SI,检测服务,603060.SH,国检集团,20210730,,Y
801080.SI,电子,801081.SI,半导体,850818.SI,半导体设备,603061.SH,金海通,20230224,,Y
801030.SI,基础化工,801034.SI,化学制品,850335.SI,涂料油墨,603062.SH,麦加芯彩,20231027,,Y
801730.SI,电力设备,801736.SI,风电设备,857362.SI,风电零部件,603063.SH,禾望电气,20170712,,Y
801030.SI,基础化工,801034.SI,化学制品,850339.SI,其他化学制品,603065.SH,宿迁联盛,20230213,,Y
801170.SI,交通运输,801178.SI,物流,851786.SI,仓储物流,603066.SH,音飞储存,20220729,,Y
801030.SI,基础化工,801033.SI,化学原料,850323.SI,无机盐,603067.SH,振华股份,20160907,,Y
801080.SI,电子,801081.SI,半导体,850815.SI,模拟芯片设计,603068.SH,博通集成,20190326,,Y
801170.SI,交通运输,801179.SI,铁路公路,851721.SI,公交,603069.SH,海汽集团,20160624,,Y
801730.SI,电力设备,801738.SI,电网设备,857382.SI,配电设备,603070.SH,万控智造,20220228,,Y
801950.SI,煤炭,801951.SI,煤炭开采,859511.SI,动力煤,603071.SH,物产环能,20220729,,Y
801030.SI,基础化工,801032.SI,化学纤维,850341.SI,涤纶,603073.SH,彩蝶实业,20230213,,Y
801110.SI,家用电器,801116.SI,家电零部件Ⅱ,851161.SI,家电零部件Ⅲ,603075.SH,热威股份,20230908,,Y
801890.SI,机械设备,801074.SI,专用设备,850727.SI,其他专用设备,603076.SH,乐惠国际,20171108,,Y
801030.SI,基础化工,801038.SI,农化制品,850332.SI,磷肥及磷化工,603077.SH,和邦生物,20220729,,Y
801080.SI,电子,801086.SI,电子化学品Ⅱ,850861.SI,电子化学品Ⅲ,603078.SH,江化微,20210730,,Y
801150.SI,医药生物,801151.SI,化学制药,851511.SI,原料药,603079.SH,圣达生物,20170815,,Y
801160.SI,公用事业,801163.SI,燃气Ⅱ,851631.SI,燃气Ⅲ,603080.SH,新疆火炬,20171220,,Y
801890.SI,机械设备,801074.SI,专用设备,850727.SI,其他专用设备,603081.SH,大丰实业,20220812,,Y
801890.SI,机械设备,801078.SI,自动化设备,850784.SI,其他自动化设备,603082.SH,北自科技,20240112,,Y
801770.SI,通信,801102.SI,通信设备,851026.SI,通信终端及配件,603083.SH,剑桥科技,20171108,,Y
801880.SI,汽车,801093.SI,汽车零部件,850922.SI,车身附件及饰件,603085.SH,天成自控,20150119,,Y
801030.SI,基础化工,801038.SI,农化制品,850333.SI,农药,603086.SH,先达股份,20210730,,Y
801150.SI,医药生物,801152.SI,生物制品,851524.SI,其他生物制品,603087.SH,甘李药业,20200612,,Y
801890.SI,机械设备,801072.SI,通用设备,850711.SI,机床工具,603088.SH,宁波精达,20140124,,Y
801880.SI,汽车,801093.SI,汽车零部件,850923.SI,底盘与发动机系统,603089.SH,正裕工业,20170116,,Y
801890.SI,机械设备,801072.SI,通用设备,850716.SI,其他通用设备,603090.SH,宏盛股份,20160823,,Y
801790.SI,非银金融,801191.SI,多元金融,851923.SI,期货,603093.SH,南华期货,20190822,,Y
801890.SI,机械设备,801074.SI,专用设备,850721.SI,纺织服装设备,603095.SH,越剑智能,20200402,,Y
801760.SI,传媒,801769.SI,出版,857692.SI,大众出版,603096.SH,新经典,20170419,,Y
801730.SI,电力设备,801738.SI,电网设备,857381.SI,输变电设备,603097.SH,江苏华辰,20220422,,Y
801720.SI,建筑装饰,801724.SI,专业工程,857241.SI,钢结构,603098.SH,森特股份,20161201,,Y
801210.SI,社会服务,801993.SI,旅游及景区,852112.SI,自然景区,603099.SH,长白山,20210730,,Y
801890.SI,机械设备,801072.SI,通用设备,850731.SI,仪器仪表,603100.SH,川仪股份,20210730,,Y
801200.SI,商贸零售,801203.SI,一般零售,852033.SI,多业态零售,603101.SH,汇嘉时代,20230704,,Y
801120.SI,食品饮料,801124.SI,食品加工,851247.SI,保健品,603102.SH,百合股份,20220114,,Y
801760.SI,传媒,801766.SI,影视院线,857662.SI,院线,603103.SH,横店影视,20170921,,Y
801160.SI,公用事业,801161.SI,电力,851616.SI,光伏发电,603105.SH,芯能科技,20180626,,Y
801750.SI,计算机,801101.SI,计算机设备,850703.SI,其他计算机设备,603106.SH,恒银科技,20170907,,Y
801880.SI,汽车,801093.SI,汽车零部件,850923.SI,底盘与发动机系统,603107.SH,上海汽配,20231013,,Y
801150.SI,医药生物,801154.SI,医药商业,851542.SI,医药流通,603108.SH,润达医疗,20220729,,Y
801880.SI,汽车,801093.SI,汽车零部件,850925.SI,其他汽车零部件,603109.SH,神驰机电,20191212,,Y
801030.SI,基础化工,801034.SI,化学制品,850335.SI,涂料油墨,603110.SH,东方材料,20170925,,Y
801890.SI,机械设备,801076.SI,轨交设备Ⅱ,850936.SI,轨交设备Ⅲ,603111.SH,康尼机电,20140207,,Y
801110.SI,家用电器,801116.SI,家电零部件Ⅱ,851161.SI,家电零部件Ⅲ,603112.SH,华翔股份,20200831,,Y
801030.SI,基础化工,801033.SI,化学原料,850324.SI,其他化学原料,603113.SH,金能科技,20240521,,Y
801050.SI,有色金属,801055.SI,工业金属,850551.SI,铝,603115.SH,海星股份,20190731,,Y
801130.SI,纺织服饰,801132.SI,服装家纺,851325.SI,鞋帽及其他,603116.SH,红蜻蜓,20150119,,Y
801170.SI,交通运输,801178.SI,物流,851785.SI,跨境物流,603117.SH,万林物流,20150119,,Y
801770.SI,通信,801102.SI,通信设备,851026.SI,通信终端及配件,603118.SH,共进股份,20150216,,Y
801880.SI,汽车,801093.SI,汽车零部件,850925.SI,其他汽车零部件,603119.SH,浙江荣泰,20230714,,Y
801880.SI,汽车,801093.SI,汽车零部件,850923.SI,底盘与发动机系统,603121.SH,华培动力,20181128,,Y
801150.SI,医药生物,801154.SI,医药商业,851542.SI,医药流通,603122.SH,合富中国,20220107,,Y
801200.SI,商贸零售,801203.SI,一般零售,852031.SI,百货,603123.SH,翠微股份,20120418,,Y
801030.SI,基础化工,801034.SI,化学制品,850339.SI,其他化学制品,603125.SH,常青科技,20230327,,Y
801970.SI,环保,801971.SI,环境治理,859713.SI,固废治理,603126.SH,中材节能,20140207,,Y
801150.SI,医药生物,801156.SI,医疗服务,851563.SI,医疗研发外包,603127.SH,昭衍新药,20170815,,Y
801170.SI,交通运输,801178.SI,物流,851785.SI,跨境物流,603128.SH,华贸物流,20120117,,Y
801880.SI,汽车,801881.SI,摩托车及其他,858812.SI,摩托车,603129.SH,春风动力,20210730,,Y
801130.SI,纺织服饰,801131.SI,纺织制造,851316.SI,其他纺织,603130.SH,云中马,20221117,,Y
801890.SI,机械设备,801072.SI,通用设备,850716.SI,其他通用设备,603131.SH,上海沪工,20160525,,Y
801050.SI,有色金属,801055.SI,工业金属,850553.SI,铅锌,603132.SH,金徽股份,20220128,,Y
801080.SI,电子,801085.SI,消费电子,850854.SI,消费电子零部件及组装,603133.SH,退市碳元(退市),20210730,,Y
801890.SI,机械设备,801074.SI,专用设备,850725.SI,能源及重型设备,603135.SH,中重科技,20230327,,Y
801210.SI,社会服务,801993.SI,旅游及景区,852112.SI,自然景区,603136.SH,天目湖,20220729,,Y
801720.SI,建筑装饰,801722.SI,装修装饰Ⅱ,857221.SI,装修装饰Ⅲ,603137.SH,恒尚节能,20230331,,Y
801750.SI,计算机,801103.SI,IT服务Ⅱ,852226.SI,IT服务Ⅲ,603138.SH,海量数据,20210730,,Y
801150.SI,医药生物,801155.SI,中药Ⅱ,851521.SI,中药Ⅲ,603139.SH,康惠制药,20170330,,Y
801030.SI,基础化工,801036.SI,塑料,850351.SI,其他塑料制品,603150.SH,万朗磁塑,20220107,,Y
801010.SI,农林牧渔,801014.SI,饲料,850142.SI,畜禽饲料,603151.SH,邦基科技,20220923,,Y
801720.SI,建筑装饰,801726.SI,工程咨询服务Ⅱ,857261.SI,工程咨询服务Ⅲ,603153.SH,上海建科,20230224,,Y
801030.SI,基础化工,801034.SI,化学制品,850136.SI,有机硅,603155.SH,新亚强,20210730,,Y
801120.SI,食品饮料,801127.SI,饮料乳品,851271.SI,软饮料,603156.SH,养元饮品,20180129,,Y
801130.SI,纺织服饰,801132.SI,服装家纺,851329.SI,非运动服装,603157.SH,退市拉夏(退市),20170907,,Y
801880.SI,汽车,801093.SI,汽车零部件,850923.SI,底盘与发动机系统,603158.SH,腾龙股份,20150109,,Y
801890.SI,机械设备,801074.SI,专用设备,850727.SI,其他专用设备,603159.SH,上海亚虹,20160804,,Y
801080.SI,电子,801081.SI,半导体,850815.SI,模拟芯片设计,603160.SH,汇顶科技,20170629,,Y
801880.SI,汽车,801093.SI,汽车零部件,850923.SI,底盘与发动机系统,603161.SH,科华控股,20171208,,Y
801170.SI,交通运输,801992.SI,航运港口,851761.SI,航运,603162.SH,海通发展,20230224,,Y
801720.SI,建筑装饰,801724.SI,专业工程,857244.SI,其他专业工程,603163.SH,圣晖集成,20220902,,Y
801140.SI,轻工制造,801143.SI,造纸,851412.SI,大宗用纸,603165.SH,荣晟环保,20161228,,Y
801880.SI,汽车,801093.SI,汽车零部件,850923.SI,底盘与发动机系统,603166.SH,福达股份,20140124,,Y
801170.SI,交通运输,801992.SI,航运港口,851761.SI,航运,603167.SH,渤海轮渡,20210730,,Y
801150.SI,医药生物,801151.SI,化学制药,851512.SI,化学制剂,603168.SH,莎普爱思,20140120,,Y
801890.SI,机械设备,801074.SI,专用设备,850725.SI,能源及重型设备,603169.SH,兰石重装,20140127,,Y
801120.SI,食品饮料,801129.SI,调味发酵品Ⅱ,851242.SI,调味发酵品Ⅲ,603170.SH,宝立食品,20220701,,Y
801750.SI,计算机,801103.SI,IT服务Ⅱ,852226.SI,IT服务Ⅲ,603171.SH,税友股份,20210730,,Y
801030.SI,基础化工,801034.SI,化学制品,850338.SI,纺织化学制品,603172.SH,万丰股份,20230504,,Y
801890.SI,机械设备,801074.SI,专用设备,850725.SI,能源及重型设备,603173.SH,福斯达,20230704,,Y
801720.SI,建筑装饰,801723.SI,基础建设,857236.SI,基建市政工程,603176.SH,汇通集团,20211217,,Y
801970.SI,环保,801971.SI,环境治理,859711.SI,大气治理,603177.SH,德创环保,20170116,,Y
801880.SI,汽车,801093.SI,汽车零部件,850923.SI,底盘与发动机系统,603178.SH,圣龙股份,20170224,,Y
801880.SI,汽车,801093.SI,汽车零部件,850926.SI,汽车电子电气系统,603179.SH,新泉股份,20170301,,Y
801140.SI,轻工制造,801142.SI,家居用品,851438.SI,定制家居,603180.SH,金牌家居,20170504,,Y
801030.SI,基础化工,801034.SI,化学制品,850339.SI,其他化学制品,603181.SH,皇马科技,20220729,,Y
801010.SI,农林牧渔,801012.SI,农产品加工,850152.SI,粮油加工,603182.SH,嘉华股份,20220826,,Y
801210.SI,社会服务,801218.SI,专业服务,852182.SI,检测服务,603183.SH,建研院,20210730,,Y
801730.SI,电力设备,801735.SI,光伏设备,857351.SI,硅料硅片,603185.SH,弘元绿能,20230704,,Y
801080.SI,电子,801083.SI,元件,850822.SI,印制电路板,603186.SH,华正新材,20161219,,Y
801890.SI,机械设备,801072.SI,通用设备,850715.SI,制冷空调设备,603187.SH,海容冷链,20181128,,Y
801030.SI,基础化工,801034.SI,化学制品,850338.SI,纺织化学制品,603188.SH,亚邦股份,20140110,,Y
801750.SI,计算机,801104.SI,软件开发,851041.SI,垂直应用软件,603189.SH,网达软件,20160907,,Y
801880.SI,汽车,801093.SI,汽车零部件,850925.SI,其他汽车零部件,603190.SH,亚通精工,20230213,,Y
801730.SI,电力设备,801738.SI,电网设备,857381.SI,输变电设备,603191.SH,望变电气,20220318,,Y
801030.SI,基础化工,801034.SI,化学制品,850372.SI,聚氨酯,603192.SH,汇得科技,20180809,,Y
801980.SI,美容护理,801981.SI,个护用品,859812.SI,洗护用品,603193.SH,润本股份,20231013,,Y
801140.SI,轻工制造,801142.SI,家居用品,851491.SI,其他家居用品,603195.SH,公牛集团,20200121,,Y
801130.SI,纺织服饰,801132.SI,服装家纺,851329.SI,非运动服装,603196.SH,日播时尚,20170511,,Y
801880.SI,汽车,801093.SI,汽车零部件,850925.SI,其他汽车零部件,603197.SH,保隆科技,20170504,,Y
801120.SI,食品饮料,801125.SI,白酒Ⅱ,851251.SI,白酒Ⅲ,603198.SH,迎驾贡酒,20150126,,Y
801210.SI,社会服务,801993.SI,旅游及景区,852112.SI,自然景区,603199.SH,九华旅游,20210730,,Y
801970.SI,环保,801971.SI,环境治理,859712.SI,水务及水治理,603200.SH,上海洗霸,20170522,,Y
801890.SI,机械设备,801074.SI,专用设备,850727.SI,其他专用设备,603201.SH,常润股份,20220725,,Y
801890.SI,机械设备,801078.SI,自动化设备,850782.SI,工控设备,603203.SH,快克智能,20210730,,Y
801770.SI,通信,801223.SI,通信服务,852213.SI,通信工程及服务,603206.SH,嘉环科技,20220415,,Y
801140.SI,轻工制造,801142.SI,家居用品,851438.SI,定制家居,603208.SH,江山欧派,20170119,,Y
801170.SI,交通运输,801992.SI,航运港口,851761.SI,航运,603209.SH,兴通股份,20220218,,Y
801880.SI,汽车,801093.SI,汽车零部件,850925.SI,其他汽车零部件,603211.SH,晋拓股份,20220708,,Y
801730.SI,电力设备,801735.SI,光伏设备,857354.SI,光伏辅材,603212.SH,赛伍技术,20200416,,Y
801030.SI,基础化工,801033.SI,化学原料,850322.SI,氯碱,603213.SH,镇洋发展,20211029,,Y
801200.SI,商贸零售,801204.SI,专业连锁Ⅱ,852041.SI,专业连锁Ⅲ,603214.SH,爱婴室,20180330,,Y
801110.SI,家用电器,801113.SI,小家电,851131.SI,厨房小家电,603215.SH,比依股份,20220128,,Y
801140.SI,轻工制造,801142.SI,家居用品,851438.SI,定制家居,603216.SH,梦天家居,20211126,,Y
801030.SI,基础化工,801034.SI,化学制品,850339.SI,其他化学制品,603217.SH,元利科技,20190520,,Y
801730.SI,电力设备,801736.SI,风电设备,857362.SI,风电零部件,603218.SH,日月股份,20161212,,Y
801110.SI,家用电器,801113.SI,小家电,851132.SI,清洁小家电,603219.SH,富佳股份,20211105,,Y
801770.SI,通信,801223.SI,通信服务,852213.SI,通信工程及服务,603220.SH,中贝通信,20181030,,Y
801140.SI,轻工制造,801142.SI,家居用品,851436.SI,瓷砖地板,603221.SH,爱丽家居,20200310,,Y
801150.SI,医药生物,801153.SI,医疗器械,851533.SI,医疗耗材,603222.SH,济民医疗,20210730,,Y
801960.SI,石油石化,801963.SI,炼化及贸易,859632.SI,油品石化贸易,603223.SH,恒通股份,20220729,,Y
801030.SI,基础化工,801032.SI,化学纤维,850341.SI,涤纶,603225.SH,新凤鸣,20170330,,Y
801140.SI,轻工制造,801142.SI,家居用品,851436.SI,瓷砖地板,603226.SH,菲林格尔,20170605,,Y
801030.SI,基础化工,801034.SI,化学制品,850337.SI,民爆制品,603227.SH,雪峰科技,20150106,,Y
801080.SI,电子,801083.SI,元件,850822.SI,印制电路板,603228.SH,景旺电子,20161219,,Y
801150.SI,医药生物,801151.SI,化学制药,851511.SI,原料药,603229.SH,奥翔药业,20170419,,Y
801760.SI,传媒,801769.SI,出版,857692.SI,大众出版,603230.SH,内蒙新华,20230704,,Y
801010.SI,农林牧渔,801012.SI,农产品加工,850152.SI,粮油加工,603231.SH,索宝蛋白,20231201,,Y
801750.SI,计算机,801104.SI,软件开发,851041.SI,垂直应用软件,603232.SH,格尔软件,20170419,,Y
801150.SI,医药生物,801154.SI,医药商业,851543.SI,线下药店,603233.SH,大参林,20170712,,Y
801030.SI,基础化工,801034.SI,化学制品,850135.SI,食品及饲料添加剂,603235.SH,天新药业,20220624,,Y
801770.SI,通信,801102.SI,通信设备,851026.SI,通信终端及配件,603236.SH,移远通信,20190702,,Y
801120.SI,食品饮料,801124.SI,食品加工,851246.SI,预加工食品,603237.SH,五芳斋,20220819,,Y
801980.SI,美容护理,801981.SI,个护用品,859811.SI,生活用纸,603238.SH,诺邦股份,20210730,,Y
801880.SI,汽车,801093.SI,汽车零部件,850925.SI,其他汽车零部件,603239.SH,浙江仙通,20161201,,Y
801030.SI,基础化工,801034.SI,化学制品,850339.SI,其他化学制品,603255.SH,鼎际得,20220715,,Y
801710.SI,建筑材料,801712.SI,玻璃玻纤,857122.SI,玻纤制造,603256.SH,宏和科技,20190614,,Y
801760.SI,传媒,801764.SI,游戏Ⅱ,857641.SI,游戏Ⅲ,603258.SH,电魂网络,20161017,,Y
801150.SI,医药生物,801156.SI,医疗服务,851563.SI,医疗研发外包,603259.SH,药明康德,20180507,,Y
801030.SI,基础化工,801034.SI,化学制品,850136.SI,有机硅,603260.SH,合盛硅业,20220729,,Y
801740.SI,国防军工,801742.SI,航空装备Ⅱ,857421.SI,航空装备Ⅲ,603261.SH,立航科技,20220304,,Y
801880.SI,汽车,801093.SI,汽车零部件,850922.SI,车身附件及饰件,603266.SH,天龙股份,20220218,,Y
801740.SI,国防军工,801745.SI,军工电子Ⅱ,857451.SI,军工电子Ⅲ,603267.SH,鸿远电子,20210730,,Y
801140.SI,轻工制造,801142.SI,家居用品,851491.SI,其他家居用品,603268.SH,松发股份,20150109,,Y
801890.SI,机械设备,801072.SI,通用设备,850716.SI,其他通用设备,603269.SH,海鸥股份,20170504,,Y
801890.SI,机械设备,801072.SI,通用设备,850751.SI,金属制品,603270.SH,金帝股份,20230821,,Y
801140.SI,轻工制造,801142.SI,家居用品,851491.SI,其他家居用品,603272.SH,联翔股份,20220429,,Y
801890.SI,机械设备,801077.SI,工程机械,850771.SI,工程机械整机,603273.SH,天元智能,20231013,,Y
801890.SI,机械设备,801078.SI,自动化设备,850782.SI,工控设备,603275.SH,众辰科技,20230821,,Y
801030.SI,基础化工,801034.SI,化学制品,850339.SI,其他化学制品,603276.SH,恒兴新材,20230908,,Y
801890.SI,机械设备,801072.SI,通用设备,850715.SI,制冷空调设备,603277.SH,银都股份,20190724,,Y
801890.SI,机械设备,801072.SI,通用设备,850751.SI,金属制品,603278.SH,大业股份,20210730,,Y
801970.SI,环保,801972.SI,环保设备Ⅱ,859721.SI,环保设备Ⅲ,603279.SH,景津装备,20190711,,Y
801890.SI,机械设备,801077.SI,工程机械,850771.SI,工程机械整机,603280.SH,南方路机,20221021,,Y
801030.SI,基础化工,801034.SI,化学制品,850136.SI,有机硅,603281.SH,江瀚新材,20230106,,Y
801970.SI,环保,801972.SI,环保设备Ⅱ,859721.SI,环保设备Ⅲ,603282.SH,亚光股份,20230224,,Y
801890.SI,机械设备,801078.SI,自动化设备,850782.SI,工控设备,603283.SH,赛腾股份,20210730,,Y
801030.SI,基础化工,801034.SI,化学制品,850339.SI,其他化学制品,603285.SH,键邦股份,20240704,,Y
801880.SI,汽车,801093.SI,汽车零部件,850923.SI,底盘与发动机系统,603286.SH,日盈电子,20170522,,Y
801120.SI,食品饮料,801129.SI,调味发酵品Ⅱ,851242.SI,调味发酵品Ⅲ,603288.SH,海天味业,20210730,,Y
801890.SI,机械设备,801074.SI,专用设备,850727.SI,其他专用设备,603289.SH,泰瑞机器,20171030,,Y
801080.SI,电子,801081.SI,半导体,850812.SI,分立器件,603290.SH,斯达半导,20200114,,Y
801970.SI,环保,801971.SI,环境治理,859712.SI,水务及水治理,603291.SH,联合水务,20230224,,Y
801080.SI,电子,801085.SI,消费电子,850854.SI,消费电子零部件及组装,603296.SH,华勤技术,20230731,,Y
801080.SI,电子,801084.SI,光学光电子,850833.SI,光学元件,603297.SH,永新光学,20180831,,Y
801890.SI,机械设备,801077.SI,工程机械,850771.SI,工程机械整机,603298.SH,杭叉集团,20161212,,Y
801030.SI,基础化工,801033.SI,化学原料,850323.SI,无机盐,603299.SH,苏盐井神,20210730,,Y
801790.SI,非银金融,801191.SI,多元金融,851925.SI,租赁,603300.SH,华铁应急,20150126,,Y
801150.SI,医药生物,801153.SI,医疗器械,851533.SI,医疗耗材,603301.SH,振德医疗,20180403,,Y
801110.SI,家用电器,801115.SI,照明设备Ⅱ,851151.SI,照明设备Ⅲ,603303.SH,得邦照明,20210730,,Y
801880.SI,汽车,801093.SI,汽车零部件,850923.SI,底盘与发动机系统,603305.SH,旭升集团,20170628,,Y
801880.SI,汽车,801093.SI,汽车零部件,850922.SI,车身附件及饰件,603306.SH,华懋科技,20140110,,Y
801130.SI,纺织服饰,801132.SI,服装家纺,851325.SI,鞋帽及其他,603307.SH,扬州金泉,20230120,,Y
801890.SI,机械设备,801072.SI,通用设备,850751.SI,金属制品,603308.SH,应流股份,20140108,,Y
801150.SI,医药生物,801153.SI,医疗器械,851533.SI,医疗耗材,603309.SH,维力医疗,20150115,,Y
801110.SI,家用电器,801116.SI,家电零部件Ⅱ,851161.SI,家电零部件Ⅲ,603311.SH,金海高科,20150106,,Y
801730.SI,电力设备,801738.SI,电网设备,857381.SI,输变电设备,603312.SH,西典新能,20231222,,Y
801140.SI,轻工制造,801142.SI,家居用品,851437.SI,成品家居,603313.SH,梦百合,20161012,,Y
801970.SI,环保,801971.SI,环境治理,859711.SI,大气治理,603315.SH,福鞍股份,20220729,,Y
801720.SI,建筑装饰,801723.SI,基础建设,857251.SI,园林工程,603316.SH,诚邦股份,20210730,,Y
801120.SI,食品饮料,801129.SI,调味发酵品Ⅱ,851242.SI,调味发酵品Ⅲ,603317.SH,天味食品,20210730,,Y
801160.SI,公用事业,801163.SI,燃气Ⅱ,851631.SI,燃气Ⅲ,603318.SH,水发燃气,20210730,,Y
801880.SI,汽车,801093.SI,汽车零部件,850923.SI,底盘与发动机系统,603319.SH,湘油泵,20161028,,Y
801730.SI,电力设备,801731.SI,电机Ⅱ,850741.SI,电机Ⅲ,603320.SH,迪贝电气,20170419,,Y
801890.SI,机械设备,801074.SI,专用设备,850728.SI,楼宇设备,603321.SH,梅轮电梯,20170907,,Y
801770.SI,通信,801223.SI,通信服务,852213.SI,通信工程及服务,603322.SH,超讯通信,20160718,,Y
801780.SI,银行,801785.SI,农商行Ⅱ,857851.SI,农商行Ⅲ,603323.SH,苏农银行,20161028,,Y
801970.SI,环保,801972.SI,环保设备Ⅱ,859721.SI,环保设备Ⅲ,603324.SH,盛剑环境,20210407,,Y
801890.SI,机械设备,801074.SI,专用设备,850725.SI,能源及重型设备,603325.SH,博隆技术,20231222,,Y
801140.SI,轻工制造,801142.SI,家居用品,851438.SI,定制家居,603326.SH,我乐家居,20170511,,Y
801080.SI,电子,801085.SI,消费电子,850854.SI,消费电子零部件及组装,603327.SH,福蓉科技,20190506,,Y
801080.SI,电子,801083.SI,元件,850822.SI,印制电路板,603328.SH,依顿电子,20040621,,Y
801170.SI,交通运输,801178.SI,物流,851782.SI,原材料供应链服务,603329.SH,上海雅仕,20171220,,Y
801030.SI,基础化工,801036.SI,塑料,850351.SI,其他塑料制品,603330.SH,天洋新材,20210730,,Y
801890.SI,机械设备,801072.SI,通用设备,850716.SI,其他通用设备,603331.SH,百达精工,20170620,,Y
801030.SI,基础化工,801032.SI,化学纤维,850341.SI,涤纶,603332.SH,苏州龙杰,20190104,,Y
801730.SI,电力设备,801738.SI,电网设备,857344.SI,线缆部件及其他,603333.SH,尚纬股份,20120424,,Y
801880.SI,汽车,801093.SI,汽车零部件,850924.SI,轮胎轮毂,603335.SH,迪生力,20170605,,Y
801010.SI,农林牧渔,801016.SI,种植业,850113.SI,其他种植业,603336.SH,宏辉果蔬,20161107,,Y
801890.SI,机械设备,801074.SI,专用设备,850721.SI,纺织服装设备,603337.SH,杰克股份,20210730,,Y
801890.SI,机械设备,801077.SI,工程机械,850771.SI,工程机械整机,603338.SH,浙江鼎力,20210730,,Y
801890.SI,机械设备,801072.SI,通用设备,850715.SI,制冷空调设备,603339.SH,四方科技,20160509,,Y
801080.SI,电子,801085.SI,消费电子,850854.SI,消费电子零部件及组装,603341.SH,龙旗科技,20240202,,Y
801730.SI,电力设备,801731.SI,电机Ⅱ,850741.SI,电机Ⅲ,603344.SH,星德胜,20240301,,Y
801120.SI,食品饮料,801124.SI,食品加工,851246.SI,预加工食品,603345.SH,安井食品,20210730,,Y
801880.SI,汽车,801093.SI,汽车零部件,850925.SI,其他汽车零部件,603348.SH,文灿股份,20180426,,Y
801730.SI,电力设备,801731.SI,电机Ⅱ,850741.SI,电机Ⅲ,603350.SH,安乃达,20240614,,Y
801150.SI,医药生物,801151.SI,化学制药,851511.SI,原料药,603351.SH,威尔药业,20190124,,Y
801960.SI,石油石化,801963.SI,炼化及贸易,859632.SI,油品石化贸易,603353.SH,和顺石油,20200309,,Y
801110.SI,家用电器,801113.SI,小家电,851132.SI,清洁小家电,603355.SH,莱克电气,20150506,,Y
801890.SI,机械设备,801074.SI,专用设备,850728.SI,楼宇设备,603356.SH,华菱精工,20180108,,Y
801720.SI,建筑装饰,801726.SI,工程咨询服务Ⅱ,857261.SI,工程咨询服务Ⅲ,603357.SH,设计总院,20170726,,Y
801880.SI,汽车,801093.SI,汽车零部件,850925.SI,其他汽车零部件,603358.SH,华达科技,20170116,,Y
801720.SI,建筑装饰,801723.SI,基础建设,857251.SI,园林工程,603359.SH,东珠生态,20210730,,Y
801030.SI,基础化工,801038.SI,农化制品,850333.SI,农药,603360.SH,百傲化学,20210730,,Y
801890.SI,机械设备,801072.SI,通用设备,850715.SI,制冷空调设备,603361.SH,浙江国祥,20231027,,Y
801010.SI,农林牧渔,801014.SI,饲料,850142.SI,畜禽饲料,603363.SH,*ST傲农,20170907,,Y
801130.SI,纺织服饰,801132.SI,服装家纺,851326.SI,家纺,603365.SH,水星家纺,20171108,,Y
801110.SI,家用电器,801114.SI,厨卫电器,851142.SI,卫浴电器,603366.SH,日出东方,20120110,,Y
801150.SI,医药生物,801151.SI,化学制药,851512.SI,化学制剂,603367.SH,辰欣药业,20170921,,Y
801150.SI,医药生物,801154.SI,医药商业,851542.SI,医药流通,603368.SH,柳药集团,20140127,,Y
801120.SI,食品饮料,801125.SI,白酒Ⅱ,851251.SI,白酒Ⅲ,603369.SH,今世缘,20140120,,Y
801210.SI,社会服务,801218.SI,专业服务,852184.SI,其他专业服务,603373.SH,安邦护卫,20231201,,Y
801080.SI,电子,801081.SI,半导体,850815.SI,模拟芯片设计,603375.SH,盛景微,20240108,,Y
801210.SI,社会服务,801994.SI,教育,859852.SI,培训教育,603377.SH,ST东时,20160125,,Y
801710.SI,建筑材料,801713.SI,装修建材,850618.SI,涂料,603378.SH,亚士创能,20210730,,Y
801030.SI,基础化工,801034.SI,化学制品,850382.SI,氟化工,603379.SH,三美股份,20190318,,Y
801080.SI,电子,801085.SI,消费电子,850854.SI,消费电子零部件及组装,603380.SH,易德龙,20170605,,Y
801730.SI,电力设备,801735.SI,光伏设备,857354.SI,光伏辅材,603381.SH,永臻股份,20240614,,Y
801750.SI,计算机,801104.SI,软件开发,851041.SI,垂直应用软件,603383.SH,顶点软件,20170504,,Y
801140.SI,轻工制造,801142.SI,家居用品,851439.SI,卫浴制品,603385.SH,惠达卫浴,20170320,,Y
801080.SI,电子,801083.SI,元件,850822.SI,印制电路板,603386.SH,骏亚科技,20170828,,Y
801150.SI,医药生物,801153.SI,医疗器械,851534.SI,体外诊断,603387.SH,基蛋生物,20170628,,Y
801720.SI,建筑装饰,801723.SI,基础建设,857251.SI,园林工程,603388.SH,ST元成,20210730,,Y
801140.SI,轻工制造,801142.SI,家居用品,851437.SI,成品家居,603389.SH,亚振家居,20161201,,Y
801880.SI,汽车,801093.SI,汽车零部件,850926.SI,汽车电子电气系统,603390.SH,通达电气,20191111,,Y
801890.SI,机械设备,801074.SI,专用设备,850725.SI,能源及重型设备,603391.SH,N力聚,20240712,,Y
801150.SI,医药生物,801152.SI,生物制品,851523.SI,疫苗,603392.SH,万泰生物,20220729,,Y
801160.SI,公用事业,801163.SI,燃气Ⅱ,851631.SI,燃气Ⅲ,603393.SH,新天然气,20160831,,Y
801730.SI,电力设备,801735.SI,光伏设备,857355.SI,光伏加工设备,603396.SH,金辰股份,20171010,,Y
801730.SI,电力设备,801735.SI,光伏设备,857351.SI,硅料硅片,603398.SH,沐邦高科,20230704,,Y
801050.SI,有色金属,801056.SI,能源金属,850543.SI,锂,603399.SH,永杉锂业,20230704,,Y
801140.SI,轻工制造,801142.SI,家居用品,851439.SI,卫浴制品,603408.SH,建霖家居,20200713,,Y
801890.SI,机械设备,801078.SI,自动化设备,850781.SI,机器人,603416.SH,信捷电气,20161212,,Y
801770.SI,通信,801102.SI,通信设备,851024.SI,通信网络设备及器件,603421.SH,鼎信通讯,20161011,,Y
801140.SI,轻工制造,801141.SI,包装印刷,851425.SI,纸包装,603429.SH,集友股份,20170116,,Y
801150.SI,医药生物,801155.SI,中药Ⅱ,851521.SI,中药Ⅲ,603439.SH,贵州三力,20200413,,Y
801760.SI,传媒,801764.SI,游戏Ⅱ,857641.SI,游戏Ⅲ,603444.SH,吉比特,20161226,,Y
801150.SI,医药生物,801156.SI,医疗服务,851563.SI,医疗研发外包,603456.SH,九洲药业,20230704,,Y
801720.SI,建筑装饰,801726.SI,工程咨询服务Ⅱ,857261.SI,工程咨询服务Ⅲ,603458.SH,勘设股份,20170726,,Y
801760.SI,传媒,801767.SI,数字媒体,857676.SI,其他数字媒体,603466.SH,风语筑,20220114,,Y
801010.SI,农林牧渔,801017.SI,养殖业,850172.SI,生猪养殖,603477.SH,巨星农牧,20220121,,Y
801110.SI,家用电器,801113.SI,小家电,851132.SI,清洁小家电,603486.SH,科沃斯,20210730,,Y
801890.SI,机械设备,801074.SI,专用设备,850728.SI,楼宇设备,603488.SH,展鹏科技,20170504,,Y
801730.SI,电力设备,801731.SI,电机Ⅱ,850741.SI,电机Ⅲ,603489.SH,八方股份,20190927,,Y
801750.SI,计算机,801101.SI,计算机设备,850703.SI,其他计算机设备,603496.SH,恒为科技,20170522,,Y
801140.SI,轻工制造,801141.SI,包装印刷,851425.SI,纸包装,603499.SH,翔港科技,20170925,,Y
801890.SI,机械设备,801076.SI,轨交设备Ⅱ,850936.SI,轨交设备Ⅲ,603500.SH,祥和实业,20170828,,Y
801080.SI,电子,801081.SI,半导体,850814.SI,数字芯片设计,603501.SH,韦尔股份,20170419,,Y
801030.SI,基础化工,801034.SI,化学制品,850382.SI,氟化工,603505.SH,金石资源,20170419,,Y
801180.SI,房地产,801183.SI,房地产服务,851831.SI,物业管理,603506.SH,南都物业,20210730,,Y
801730.SI,电力设备,801736.SI,风电设备,857362.SI,风电零部件,603507.SH,振江股份,20171030,,Y
801750.SI,计算机,801101.SI,计算机设备,850702.SI,安防设备,603508.SH,思维列控,20210730,,Y
801130.SI,纺织服饰,801132.SI,服装家纺,851325.SI,鞋帽及其他,603511.SH,爱慕股份,20210421,,Y
801110.SI,家用电器,801115.SI,照明设备Ⅱ,851151.SI,照明设备Ⅲ,603515.SH,欧普照明,20210730,,Y
801750.SI,计算机,801101.SI,计算机设备,850703.SI,其他计算机设备,603516.SH,淳中科技,20180129,,Y
801120.SI,食品饮料,801128.SI,休闲食品,851283.SI,熟食,603517.SH,绝味食品,20210730,,Y
801130.SI,纺织服饰,801132.SI,服装家纺,851329.SI,非运动服装,603518.SH,锦泓集团,20140127,,Y
801110.SI,家用电器,801116.SI,家电零部件Ⅱ,851161.SI,家电零部件Ⅲ,603519.SH,立霸股份,20150309,,Y
801150.SI,医药生物,801151.SI,化学制药,851511.SI,原料药,603520.SH,司太立,20160304,,Y
801050.SI,有色金属,801055.SI,工业金属,850552.SI,铜,603527.SH,众源新材,20170828,,Y
801750.SI,计算机,801104.SI,软件开发,851041.SI,垂直应用软件,603528.SH,多伦科技,20160418,,Y
801880.SI,汽车,801881.SI,摩托车及其他,858811.SI,其他运输设备,603529.SH,爱玛科技,20210531,,Y
801730.SI,电力设备,801738.SI,电网设备,857344.SI,线缆部件及其他,603530.SH,神马电力,20190702,,Y
801760.SI,传媒,801767.SI,数字媒体,857675.SI,文字媒体,603533.SH,掌阅科技,20170907,,Y
801170.SI,交通运输,801178.SI,物流,851785.SI,跨境物流,603535.SH,嘉诚国际,20170726,,Y
801120.SI,食品饮料,801124.SI,食品加工,851246.SI,预加工食品,603536.SH,惠发食品,20210730,,Y
801150.SI,医药生物,801151.SI,化学制药,851511.SI,原料药,603538.SH,美诺华,20170320,,Y
801110.SI,家用电器,801114.SI,厨卫电器,851142.SI,卫浴电器,603551.SH,奥普科技,20191227,,Y
801130.SI,纺织服饰,801132.SI,服装家纺,851328.SI,运动服装,603555.SH,ST贵人(退市),20140108,,Y
801730.SI,电力设备,801738.SI,电网设备,857323.SI,电工仪器仪表,603556.SH,海兴电力,20210730,,Y
801130.SI,纺织服饰,801132.SI,服装家纺,851325.SI,鞋帽及其他,603557.SH,ST起步,20170807,,Y
801130.SI,纺织服饰,801131.SI,纺织制造,851312.SI,棉纺,603558.SH,健盛集团,20150115,,Y
801770.SI,通信,801223.SI,通信服务,852213.SI,通信工程及服务,603559.SH,*ST通脉,20161201,,Y
801170.SI,交通运输,801992.SI,航运港口,851761.SI,航运,603565.SH,中谷物流,20210730,,Y
801010.SI,农林牧渔,801018.SI,动物保健Ⅱ,850181.SI,动物保健Ⅲ,603566.SH,普莱柯,20150126,,Y
801150.SI,医药生物,801155.SI,中药Ⅱ,851521.SI,中药Ⅲ,603567.SH,珍宝岛,20150113,,Y
801970.SI,环保,801971.SI,环境治理,859713.SI,固废治理,603568.SH,伟明环保,20150126,,Y
801170.SI,交通运输,801178.SI,物流,851787.SI,公路货运,603569.SH,长久物流,20160803,,Y
801730.SI,电力设备,801738.SI,电网设备,857344.SI,线缆部件及其他,603577.SH,汇金通,20161212,,Y
801110.SI,家用电器,801116.SI,家电零部件Ⅱ,851161.SI,家电零部件Ⅲ,603578.SH,三星新材,20170214,,Y
801110.SI,家用电器,801117.SI,其他家电Ⅱ,851171.SI,其他家电Ⅲ,603579.SH,荣泰健康,20170228,,Y
801030.SI,基础化工,801036.SI,塑料,850351.SI,其他塑料制品,603580.SH,艾艾精工,20170522,,Y
801890.SI,机械设备,801078.SI,自动化设备,850782.SI,工控设备,603583.SH,捷昌驱动,20180831,,Y
801030.SI,基础化工,801038.SI,农化制品,850333.SI,农药,603585.SH,苏利股份,20210730,,Y
801880.SI,汽车,801093.SI,汽车零部件,850923.SI,底盘与发动机系统,603586.SH,金麒麟,20170320,,Y
801130.SI,纺织服饰,801132.SI,服装家纺,851329.SI,非运动服装,603587.SH,地素时尚,20170605,,Y
801970.SI,环保,801971.SI,环境治理,859713.SI,固废治理,603588.SH,高能环境,20140120,,Y
801120.SI,食品饮料,801125.SI,白酒Ⅱ,851251.SI,白酒Ⅲ,603589.SH,口子窖,20150119,,Y
801150.SI,医药生物,801152.SI,生物制品,851524.SI,其他生物制品,603590.SH,康辰药业,20180809,,Y
801080.SI,电子,801085.SI,消费电子,850854.SI,消费电子零部件及组装,603595.SH,东尼电子,20210730,,Y
801880.SI,汽车,801093.SI,汽车零部件,850923.SI,底盘与发动机系统,603596.SH,伯特利,20180403,,Y
801760.SI,传媒,801765.SI,广告营销,857651.SI,营销代理,603598.SH,引力传媒,20150126,,Y
801030.SI,基础化工,801038.SI,农化制品,850333.SI,农药,603599.SH,广信股份,20210730,,Y
801140.SI,轻工制造,801142.SI,家居用品,851437.SI,成品家居,603600.SH,永艺股份,20150115,,Y
801710.SI,建筑材料,801712.SI,玻璃玻纤,857122.SI,玻纤制造,603601.SH,再升科技,20150115,,Y
801770.SI,通信,801223.SI,通信服务,852213.SI,通信工程及服务,603602.SH,纵横通信,20170807,,Y
801980.SI,美容护理,801982.SI,化妆品,859822.SI,品牌化妆品,603605.SH,珀莱雅,20171108,,Y
801730.SI,电力设备,801738.SI,电网设备,857344.SI,线缆部件及其他,603606.SH,东方电缆,20140127,,Y
801140.SI,轻工制造,801141.SI,包装印刷,851426.SI,综合包装,603607.SH,京华激光,20171010,,Y
801130.SI,纺织服饰,801132.SI,服装家纺,851325.SI,鞋帽及其他,603608.SH,*ST天创,20160218,,Y
801010.SI,农林牧渔,801014.SI,饲料,850142.SI,畜禽饲料,603609.SH,禾丰股份,20140207,,Y
801140.SI,轻工制造,801142.SI,家居用品,851437.SI,成品家居,603610.SH,麒盛科技,20191021,,Y
801750.SI,计算机,801103.SI,IT服务Ⅱ,852226.SI,IT服务Ⅲ,603611.SH,诺力股份,20220729,,Y
801030.SI,基础化工,801039.SI,非金属材料Ⅱ,850523.SI,非金属材料Ⅲ,603612.SH,索通发展,20210730,,Y
801200.SI,商贸零售,801206.SI,互联网电商,852061.SI,综合电商,603613.SH,国联股份,20190718,,Y
801140.SI,轻工制造,801142.SI,家居用品,851491.SI,其他家居用品,603615.SH,茶花股份,20210730,,Y
801710.SI,建筑材料,801711.SI,水泥,857112.SI,水泥制品,603616.SH,韩建河山,20210730,,Y
801890.SI,机械设备,801072.SI,通用设备,850716.SI,其他通用设备,603617.SH,君禾股份,20170620,,Y
801730.SI,电力设备,801738.SI,电网设备,857344.SI,线缆部件及其他,603618.SH,杭电股份,20150115,,Y
801960.SI,石油石化,801962.SI,油服工程,859621.SI,油田服务,603619.SH,中曼石油,20170807,,Y
801080.SI,电子,801085.SI,消费电子,850854.SI,消费电子零部件及组装,603626.SH,科森科技,20210730,,Y
801730.SI,电力设备,801735.SI,光伏设备,857354.SI,光伏辅材,603628.SH,清源股份,20161226,,Y
801080.SI,电子,801085.SI,消费电子,850854.SI,消费电子零部件及组装,603629.SH,利通电子,20181221,,Y
801980.SI,美容护理,801982.SI,化妆品,859822.SI,品牌化妆品,603630.SH,拉芳家化,20170224,,Y
801080.SI,电子,801085.SI,消费电子,850854.SI,消费电子零部件及组装,603633.SH,徕木股份,20161107,,Y
801750.SI,计算机,801103.SI,IT服务Ⅱ,852226.SI,IT服务Ⅲ,603636.SH,南威软件,20210730,,Y
801720.SI,建筑装饰,801724.SI,专业工程,857242.SI,化学工程,603637.SH,镇海股份,20170116,,Y
801890.SI,机械设备,801077.SI,工程机械,850772.SI,工程机械器件,603638.SH,艾迪精密,20210730,,Y
801030.SI,基础化工,801038.SI,农化制品,850333.SI,农药,603639.SH,海利尔,20210730,,Y
801170.SI,交通运输,801178.SI,物流,851783.SI,中间产品及消费品供应链服务,603648.SH,畅联股份,20170828,,Y
801030.SI,基础化工,801037.SI,橡胶,850364.SI,橡胶助剂,603650.SH,彤程新材,20210730,,Y
801880.SI,汽车,801093.SI,汽车零部件,850925.SI,其他汽车零部件,603655.SH,朗博科技,20171220,,Y
801890.SI,机械设备,801074.SI,专用设备,850727.SI,其他专用设备,603656.SH,泰禾智能,20170310,,Y
801110.SI,家用电器,801116.SI,家电零部件Ⅱ,851161.SI,家电零部件Ⅲ,603657.SH,春光科技,20180730,,Y
801150.SI,医药生物,801153.SI,医疗器械,851534.SI,体外诊断,603658.SH,安图生物,20180713,,Y
801730.SI,电力设备,801737.SI,电池,857372.SI,电池化学品,603659.SH,璞泰来,20200724,,Y
801750.SI,计算机,801101.SI,计算机设备,850703.SI,其他计算机设备,603660.SH,苏州科达,20161201,,Y
801140.SI,轻工制造,801142.SI,家居用品,851437.SI,成品家居,603661.SH,恒林股份,20171108,,Y
801890.SI,机械设备,801072.SI,通用设备,850731.SI,仪器仪表,603662.SH,柯力传感,20210730,,Y
801030.SI,基础化工,801033.SI,化学原料,850323.SI,无机盐,603663.SH,三祥新材,20210730,,Y
801130.SI,纺织服饰,801132.SI,服装家纺,851325.SI,鞋帽及其他,603665.SH,康隆达,20170224,,Y
801890.SI,机械设备,801078.SI,自动化设备,850781.SI,机器人,603666.SH,亿嘉和,20210730,,Y
801890.SI,机械设备,801072.SI,通用设备,850751.SI,金属制品,603667.SH,五洲新春,20161017,,Y
801010.SI,农林牧渔,801014.SI,饲料,850143.SI,水产饲料,603668.SH,天马科技,20161201,,Y
801150.SI,医药生物,801151.SI,化学制药,851512.SI,化学制剂,603669.SH,灵康药业,20150126,,Y
801150.SI,医药生物,801151.SI,化学制药,851512.SI,化学制剂,603676.SH,卫信康,20170712,,Y
801110.SI,家用电器,801116.SI,家电零部件Ⅱ,851161.SI,家电零部件Ⅲ,603677.SH,奇精机械,20170119,,Y
801740.SI,国防军工,801745.SI,军工电子Ⅱ,857451.SI,军工电子Ⅲ,603678.SH,火炬电子,20210730,,Y
801080.SI,电子,801084.SI,光学光电子,850832.SI,LED,603679.SH,华体科技,20170605,,Y
801890.SI,机械设备,801076.SI,轨交设备Ⅱ,850936.SI,轨交设备Ⅲ,603680.SH,今创集团,20170504,,Y
801030.SI,基础化工,801034.SI,化学制品,850137.SI,胶黏剂及胶带,603681.SH,永冠新材,20210730,,Y
801200.SI,商贸零售,801203.SI,一般零售,852034.SI,商业物业经营,603682.SH,锦和商管,20200408,,Y
801030.SI,基础化工,801034.SI,化学制品,850137.SI,胶黏剂及胶带,603683.SH,晶华新材,20210730,,Y
801080.SI,电子,801084.SI,光学光电子,850832.SI,LED,603685.SH,晨丰科技,20171121,,Y
801970.SI,环保,801972.SI,环保设备Ⅱ,859721.SI,环保设备Ⅲ,603686.SH,福龙马,20210730,,Y
801140.SI,轻工制造,801141.SI,包装印刷,851425.SI,纸包装,603687.SH,大胜达,20190618,,Y
801030.SI,基础化工,801039.SI,非金属材料Ⅱ,850523.SI,非金属材料Ⅲ,603688.SH,石英股份,20210730,,Y
801160.SI,公用事业,801163.SI,燃气Ⅱ,851631.SI,燃气Ⅲ,603689.SH,皖天然气,20161219,,Y
801080.SI,电子,801081.SI,半导体,850818.SI,半导体设备,603690.SH,至纯科技,20210730,,Y
801160.SI,公用事业,801161.SI,电力,851617.SI,风力发电,603693.SH,江苏新能,20180703,,Y
801120.SI,食品饮料,801129.SI,调味发酵品Ⅱ,851242.SI,调味发酵品Ⅲ,603696.SH,安记食品,20210730,,Y
801120.SI,食品饮料,801128.SI,休闲食品,851281.SI,零食,603697.SH,有友食品,20210730,,Y
801890.SI,机械设备,801074.SI,专用设备,850725.SI,能源及重型设备,603698.SH,航天工程,20210730,,Y
801890.SI,机械设备,801072.SI,通用设备,850751.SI,金属制品,603699.SH,纽威股份,20140108,,Y
801890.SI,机械设备,801072.SI,通用设备,850731.SI,仪器仪表,603700.SH,宁水集团,20210730,,Y
801880.SI,汽车,801093.SI,汽车零部件,850923.SI,底盘与发动机系统,603701.SH,德宏股份,20160412,,Y
801080.SI,电子,801084.SI,光学光电子,850832.SI,LED,603703.SH,盛洋科技,20150413,,Y
801160.SI,公用事业,801163.SI,燃气Ⅱ,851631.SI,燃气Ⅲ,603706.SH,东方环宇,20180706,,Y
801150.SI,医药生物,801151.SI,化学制药,851512.SI,化学制剂,603707.SH,健友股份,20210730,,Y
801200.SI,商贸零售,801203.SI,一般零售,852032.SI,超市,603708.SH,家家悦,20161201,,Y
801140.SI,轻工制造,801142.SI,家居用品,851437.SI,成品家居,603709.SH,中源家居,20180208,,Y
801120.SI,食品饮料,801127.SI,饮料乳品,851271.SI,软饮料,603711.SH,香飘飘,20171121,,Y
801740.SI,国防军工,801745.SI,军工电子Ⅱ,857451.SI,军工电子Ⅲ,603712.SH,七一二,20180212,,Y
801170.SI,交通运输,801178.SI,物流,851786.SI,仓储物流,603713.SH,密尔克卫,20180706,,Y
801150.SI,医药生物,801154.SI,医药商业,851542.SI,医药流通,603716.SH,塞力医疗,20161031,,Y
801720.SI,建筑装饰,801723.SI,基础建设,857251.SI,园林工程,603717.SH,天域生态,20210730,,Y
801010.SI,农林牧渔,801018.SI,动物保健Ⅱ,850181.SI,动物保健Ⅲ,603718.SH,海利生物,20150506,,Y
801120.SI,食品饮料,801128.SI,休闲食品,851281.SI,零食,603719.SH,良品铺子,20210730,,Y
801760.SI,传媒,801766.SI,影视院线,857661.SI,影视动漫制作,603721.SH,中广天择,20170807,,Y
801030.SI,基础化工,801034.SI,化学制品,850339.SI,其他化学制品,603722.SH,阿科力,20220729,,Y
801030.SI,基础化工,801034.SI,化学制品,850339.SI,其他化学制品,603725.SH,天安新材,20190724,,Y
801110.SI,家用电器,801116.SI,家电零部件Ⅱ,851161.SI,家电零部件Ⅲ,603726.SH,朗迪集团,20160418,,Y
801960.SI,石油石化,801962.SI,油服工程,859622.SI,油气及炼化工程,603727.SH,博迈科,20161107,,Y
801730.SI,电力设备,801731.SI,电机Ⅱ,850741.SI,电机Ⅲ,603728.SH,鸣志电器,20170504,,Y
801760.SI,传媒,801765.SI,广告营销,857651.SI,营销代理,603729.SH,龙韵股份,20150109,,Y
801880.SI,汽车,801093.SI,汽车零部件,850922.SI,车身附件及饰件,603730.SH,岱美股份,20170628,,Y
801140.SI,轻工制造,801143.SI,造纸,851413.SI,特种纸,603733.SH,仙鹤股份,20180403,,Y
801710.SI,建筑材料,801713.SI,装修建材,850618.SI,涂料,603737.SH,三棵树,20210730,,Y
801080.SI,电子,801083.SI,元件,850823.SI,被动元件,603738.SH,泰晶科技,20160928,,Y
801030.SI,基础化工,801034.SI,化学制品,850135.SI,食品及饲料添加剂,603739.SH,蔚蓝生物,20220729,,Y
801120.SI,食品饮料,801129.SI,调味发酵品Ⅱ,851242.SI,调味发酵品Ⅲ,603755.SH,日辰股份,20210730,,Y
801890.SI,机械设备,801072.SI,通用设备,850716.SI,其他通用设备,603757.SH,大元泵业,20170628,,Y
801880.SI,汽车,801093.SI,汽车零部件,850923.SI,底盘与发动机系统,603758.SH,秦安股份,20170504,,Y
801970.SI,环保,801971.SI,环境治理,859712.SI,水务及水治理,603759.SH,海天股份,20210219,,Y
801880.SI,汽车,801881.SI,摩托车及其他,858812.SI,摩托车,603766.SH,隆鑫通用,20210730,,Y
801880.SI,汽车,801093.SI,汽车零部件,850923.SI,底盘与发动机系统,603767.SH,中马传动,20170504,,Y
801880.SI,汽车,801093.SI,汽车零部件,850925.SI,其他汽车零部件,603768.SH,常青股份,20170214,,Y
801080.SI,电子,801084.SI,光学光电子,850831.SI,面板,603773.SH,沃格光电,20180403,,Y
801880.SI,汽车,801881.SI,摩托车及其他,858812.SI,摩托车,603776.SH,永安行,20210730,,Y
801120.SI,食品饮料,801128.SI,休闲食品,851281.SI,零食,603777.SH,来伊份,20210730,,Y
801720.SI,建筑装饰,801723.SI,基础建设,857251.SI,园林工程,603778.SH,国晟科技,20210730,,Y
801120.SI,食品饮料,801126.SI,非白酒,851233.SI,其他酒类,603779.SH,威龙股份,20160426,,Y
801880.SI,汽车,801093.SI,汽车零部件,850926.SI,汽车电子电气系统,603786.SH,科博达,20190902,,Y
801880.SI,汽车,801881.SI,摩托车及其他,858812.SI,摩托车,603787.SH,新日股份,20210730,,Y
801880.SI,汽车,801093.SI,汽车零部件,850923.SI,底盘与发动机系统,603788.SH,宁波高发,20140120,,Y
801890.SI,机械设备,801074.SI,专用设备,850723.SI,农用机械,603789.SH,星光农机,20150113,,Y
801030.SI,基础化工,801034.SI,化学制品,850338.SI,纺织化学制品,603790.SH,雅运股份,20180831,,Y
801970.SI,环保,801971.SI,环境治理,859712.SI,水务及水治理,603797.SH,联泰环保,20170330,,Y
801960.SI,石油石化,801963.SI,炼化及贸易,859633.SI,其他石化,603798.SH,康普顿,20160406,,Y
801050.SI,有色金属,801056.SI,能源金属,850561.SI,钴,603799.SH,华友钴业,20210730,,Y
801890.SI,机械设备,801074.SI,专用设备,850725.SI,能源及重型设备,603800.SH,道森股份,20151210,,Y
801140.SI,轻工制造,801142.SI,家居用品,851438.SI,定制家居,603801.SH,志邦家居,20170620,,Y
801770.SI,通信,801102.SI,通信设备,851026.SI,通信终端及配件,603803.SH,瑞斯康达,20170330,,Y
801730.SI,电力设备,801735.SI,光伏设备,857354.SI,光伏辅材,603806.SH,福斯特,20140106,,Y
801130.SI,纺织服饰,801132.SI,服装家纺,851329.SI,非运动服装,603808.SH,歌力思,20150113,,Y
801880.SI,汽车,801093.SI,汽车零部件,850923.SI,底盘与发动机系统,603809.SH,豪能股份,20171030,,Y
801030.SI,基础化工,801038.SI,农化制品,850333.SI,农药,603810.SH,丰山集团,20210730,,Y
801150.SI,医药生物,801151.SI,化学制药,851512.SI,化学制剂,603811.SH,诚意药业,20170224,,Y
801170.SI,交通运输,801178.SI,物流,851787.SI,公路货运,603813.SH,原尚股份,20170815,,Y
801720.SI,建筑装饰,801723.SI,基础建设,857236.SI,基建市政工程,603815.SH,交建股份,20190909,,Y
801140.SI,轻工制造,801142.SI,家居用品,851437.SI,成品家居,603816.SH,顾家家居,20161012,,Y
801970.SI,环保,801971.SI,环境治理,859712.SI,水务及水治理,603817.SH,海峡环保,20170124,,Y
801140.SI,轻工制造,801142.SI,家居用品,851437.SI,成品家居,603818.SH,曲美家居,20150113,,Y
801730.SI,电力设备,801731.SI,电机Ⅱ,850741.SI,电机Ⅲ,603819.SH,神力股份,20161107,,Y
801030.SI,基础化工,801034.SI,化学制品,850339.SI,其他化学制品,603822.SH,嘉澳环保,20160418,,Y
801030.SI,基础化工,801034.SI,化学制品,850335.SI,涂料油墨,603823.SH,百合花,20161212,,Y
801760.SI,传媒,801765.SI,广告营销,857651.SI,营销代理,603825.SH,华扬联众,20170726,,Y
801030.SI,基础化工,801039.SI,非金属材料Ⅱ,850523.SI,非金属材料Ⅲ,603826.SH,坤彩科技,20210730,,Y
801720.SI,建筑装饰,801722.SI,装修装饰Ⅱ,857221.SI,装修装饰Ⅲ,603828.SH,ST柯利达,20150115,,Y
801730.SI,电力设备,801738.SI,电网设备,857382.SI,配电设备,603829.SH,洛凯股份,20170925,,Y
801140.SI,轻工制造,801142.SI,家居用品,851438.SI,定制家居,603833.SH,欧派家居,20170310,,Y
801170.SI,交通运输,801178.SI,物流,851785.SI,跨境物流,603836.SH,海程邦达,20210512,,Y
801140.SI,轻工制造,801142.SI,家居用品,851491.SI,其他家居用品,603838.SH,四通股份,20150119,,Y
801130.SI,纺织服饰,801132.SI,服装家纺,851329.SI,非运动服装,603839.SH,安正时尚,20170119,,Y
801720.SI,建筑装饰,801723.SI,基础建设,857236.SI,基建市政工程,603843.SH,正平股份,20160804,,Y
801140.SI,轻工制造,801142.SI,家居用品,851437.SI,成品家居,603848.SH,好太太,20171121,,Y
801890.SI,机械设备,801074.SI,专用设备,850727.SI,其他专用设备,603855.SH,华荣股份,20170504,,Y
801710.SI,建筑材料,801713.SI,装修建材,850616.SI,管材,603856.SH,东宏股份,20171030,,Y
801150.SI,医药生物,801155.SI,中药Ⅱ,851521.SI,中药Ⅲ,603858.SH,步长制药,20161107,,Y
801750.SI,计算机,801103.SI,IT服务Ⅱ,852226.SI,IT服务Ⅲ,603859.SH,能科科技,20220729,,Y
801720.SI,建筑装饰,801726.SI,工程咨询服务Ⅱ,857261.SI,工程咨询服务Ⅲ,603860.SH,中公高科,20170726,,Y
801730.SI,电力设备,801738.SI,电网设备,857382.SI,配电设备,603861.SH,白云电器,20160322,,Y
801140.SI,轻工制造,801143.SI,造纸,851412.SI,大宗用纸,603863.SH,松炀资源,20190520,,Y
801120.SI,食品饮料,801128.SI,休闲食品,851282.SI,烘焙食品,603866.SH,桃李面包,20210730,,Y
801030.SI,基础化工,801034.SI,化学制品,850339.SI,其他化学制品,603867.SH,新化股份,20190614,,Y
801110.SI,家用电器,801113.SI,小家电,851133.SI,个护小家电,603868.SH,飞科电器,20160418,,Y
801750.SI,计算机,801103.SI,IT服务Ⅱ,852226.SI,IT服务Ⅲ,603869.SH,ST智知,20210730,,Y
801170.SI,交通运输,801178.SI,物流,851785.SI,跨境物流,603871.SH,嘉友国际,20180129,,Y
801050.SI,有色金属,801055.SI,工业金属,850551.SI,铝,603876.SH,鼎胜新材,20180403,,Y
801130.SI,纺织服饰,801132.SI,服装家纺,851329.SI,非运动服装,603877.SH,太平鸟,20161226,,Y
801040.SI,钢铁,801044.SI,普钢,850443.SI,钢铁管材,603878.SH,武进不锈,20161201,,Y
801030.SI,基础化工,801036.SI,塑料,850354.SI,合成树脂,603879.SH,ST永悦,20210730,,Y
801150.SI,医药生物,801153.SI,医疗器械,851533.SI,医疗耗材,603880.SH,南卫股份,20170726,,Y
801770.SI,通信,801223.SI,通信服务,852214.SI,通信应用增值服务,603881.SH,数据港,20230704,,Y
801150.SI,医药生物,801156.SI,医疗服务,851562.SI,诊断服务,603882.SH,金域医学,20170828,,Y
801150.SI,医药生物,801154.SI,医药商业,851543.SI,线下药店,603883.SH,老百姓,20150113,,Y
801170.SI,交通运输,801991.SI,航空机场,851741.SI,航空运输,603885.SH,吉祥航空,20210730,,Y
801120.SI,食品饮料,801128.SI,休闲食品,851282.SI,烘焙食品,603886.SH,元祖股份,20210730,,Y
801750.SI,计算机,801103.SI,IT服务Ⅱ,852226.SI,IT服务Ⅲ,603887.SH,城地香江,20210730,,Y
801760.SI,传媒,801767.SI,数字媒体,857674.SI,门户网站,603888.SH,新华网,20161017,,Y
801130.SI,纺织服饰,801131.SI,纺织制造,851316.SI,其他纺织,603889.SH,新澳股份,20140120,,Y
801080.SI,电子,801085.SI,消费电子,850854.SI,消费电子零部件及组装,603890.SH,春秋电子,20171208,,Y
801080.SI,电子,801081.SI,半导体,850814.SI,数字芯片设计,603893.SH,瑞芯微,20200114,,Y
801890.SI,机械设备,801074.SI,专用设备,850727.SI,其他专用设备,603895.SH,天永智能,20180122,,Y
801150.SI,医药生物,801155.SI,中药Ⅱ,851521.SI,中药Ⅲ,603896.SH,寿仙谷,20170504,,Y
801730.SI,电力设备,801738.SI,电网设备,857344.SI,线缆部件及其他,603897.SH,长城科技,20180403,,Y
801140.SI,轻工制造,801142.SI,家居用品,851438.SI,定制家居,603898.SH,好莱客,20150115,,Y
801140.SI,轻工制造,801145.SI,文娱用品,851451.SI,文化用品,603899.SH,晨光股份,20150115,,Y
801130.SI,纺织服饰,801133.SI,饰品,851331.SI,钟表珠宝,603900.SH,莱绅通灵,20210730,,Y
801890.SI,机械设备,801074.SI,专用设备,850726.SI,印刷包装机械,603901.SH,永创智能,20150526,,Y
801970.SI,环保,801971.SI,环境治理,859712.SI,水务及水治理,603903.SH,中持股份,20170224,,Y
801730.SI,电力设备,801737.SI,电池,857372.SI,电池化学品,603906.SH,龙蟠科技,20230915,,Y
801130.SI,纺织服饰,801132.SI,服装家纺,851325.SI,鞋帽及其他,603908.SH,牧高笛,20170224,,Y
801720.SI,建筑装饰,801726.SI,工程咨询服务Ⅱ,857261.SI,工程咨询服务Ⅲ,603909.SH,建发合诚,20160624,,Y
801890.SI,机械设备,801072.SI,通用设备,850715.SI,制冷空调设备,603912.SH,佳力图,20210730,,Y
801890.SI,机械设备,801072.SI,通用设备,850751.SI,金属制品,603915.SH,国茂股份,20190529,,Y
801030.SI,基础化工,801034.SI,化学制品,850339.SI,其他化学制品,603916.SH,苏博特,20171108,,Y
801880.SI,汽车,801093.SI,汽车零部件,850925.SI,其他汽车零部件,603917.SH,合力科技,20171121,,Y
801750.SI,计算机,801103.SI,IT服务Ⅱ,852226.SI,IT服务Ⅲ,603918.SH,金桥信息,20210730,,Y
801120.SI,食品饮料,801125.SI,白酒Ⅱ,851251.SI,白酒Ⅲ,603919.SH,金徽酒,20160304,,Y
801080.SI,电子,801083.SI,元件,850822.SI,印制电路板,603920.SH,世运电路,20170419,,Y
801880.SI,汽车,801093.SI,汽车零部件,850925.SI,其他汽车零部件,603922.SH,金鸿顺,20170907,,Y
801880.SI,汽车,801093.SI,汽车零部件,850923.SI,底盘与发动机系统,603926.SH,铁流股份,20170330,,Y
801750.SI,计算机,801104.SI,软件开发,851041.SI,垂直应用软件,603927.SH,中科软,20190822,,Y
801030.SI,基础化工,801036.SI,塑料,850354.SI,合成树脂,603928.SH,兴业股份,20210730,,Y
801720.SI,建筑装饰,801724.SI,专业工程,857244.SI,其他专业工程,603929.SH,亚翔集成,20161213,,Y
801080.SI,电子,801086.SI,电子化学品Ⅱ,850861.SI,电子化学品Ⅲ,603931.SH,格林达,20210730,,Y
801080.SI,电子,801082.SI,其他电子Ⅱ,850841.SI,其他电子Ⅲ,603933.SH,睿能科技,20170620,,Y
801080.SI,电子,801083.SI,元件,850822.SI,印制电路板,603936.SH,博敏电子,20151209,,Y
801050.SI,有色金属,801055.SI,工业金属,850551.SI,铝,603937.SH,丽岛新材,20210730,,Y
801030.SI,基础化工,801033.SI,化学原料,850324.SI,其他化学原料,603938.SH,三孚股份,20220729,,Y
801150.SI,医药生物,801154.SI,医药商业,851543.SI,线下药店,603939.SH,益丰药房,20150115,,Y
801030.SI,基础化工,801034.SI,化学制品,850339.SI,其他化学制品,603948.SH,建业股份,20200217,,Y
801880.SI,汽车,801093.SI,汽车零部件,850923.SI,底盘与发动机系统,603949.SH,雪龙集团,20200122,,Y
801880.SI,汽车,801093.SI,汽车零部件,850923.SI,底盘与发动机系统,603950.SH,长源东谷,20200416,,Y
801720.SI,建筑装饰,801723.SI,基础建设,857251.SI,园林工程,603955.SH,大千生态,20210730,,Y
801890.SI,机械设备,801074.SI,专用设备,850727.SI,其他专用设备,603956.SH,威派格,20190218,,Y
801130.SI,纺织服饰,801132.SI,服装家纺,851325.SI,鞋帽及其他,603958.SH,哈森股份,20160624,,Y
801720.SI,建筑装饰,801724.SI,专业工程,857242.SI,化学工程,603959.SH,ST百利,20160509,,Y
801890.SI,机械设备,801078.SI,自动化设备,850784.SI,其他自动化设备,603960.SH,克来机电,20210730,,Y
801150.SI,医药生物,801155.SI,中药Ⅱ,851521.SI,中药Ⅲ,603963.SH,*ST大药,20170907,,Y
801890.SI,机械设备,801074.SI,专用设备,850725.SI,能源及重型设备,603966.SH,法兰泰克,20170116,,Y
801170.SI,交通运输,801178.SI,物流,851785.SI,跨境物流,603967.SH,中创物流,20190326,,Y
801030.SI,基础化工,801034.SI,化学制品,850135.SI,食品及饲料添加剂,603968.SH,醋化股份,20210730,,Y
801890.SI,机械设备,801072.SI,通用设备,850751.SI,金属制品,603969.SH,银龙股份,20210730,,Y
801030.SI,基础化工,801038.SI,农化制品,850333.SI,农药,603970.SH,中农立华,20210730,,Y
801150.SI,医药生物,801153.SI,医疗器械,851533.SI,医疗耗材,603976.SH,正川股份,20170807,,Y
801030.SI,基础化工,801034.SI,化学制品,850337.SI,民爆制品,603977.SH,国泰集团,20180713,,Y
801050.SI,有色金属,801051.SI,金属新材料,850521.SI,其他金属新材料,603978.SH,深圳新星,20170807,,Y
801050.SI,有色金属,801055.SI,工业金属,850552.SI,铜,603979.SH,金诚信,20231013,,Y
801030.SI,基础化工,801034.SI,化学制品,850338.SI,纺织化学制品,603980.SH,吉华集团,20170605,,Y
801880.SI,汽车,801093.SI,汽车零部件,850923.SI,底盘与发动机系统,603982.SH,泉峰汽车,20190415,,Y
801980.SI,美容护理,801982.SI,化妆品,859822.SI,品牌化妆品,603983.SH,丸美股份,20190618,,Y
801730.SI,电力设备,801736.SI,风电设备,857362.SI,风电零部件,603985.SH,恒润股份,20220729,,Y
801080.SI,电子,801081.SI,半导体,850814.SI,数字芯片设计,603986.SH,兆易创新,20160804,,Y
801150.SI,医药生物,801153.SI,医疗器械,851533.SI,医疗耗材,603987.SH,康德莱,20161107,,Y
801730.SI,电力设备,801731.SI,电机Ⅱ,850741.SI,电机Ⅲ,603988.SH,中电电机,20140124,,Y
801080.SI,电子,801083.SI,元件,850823.SI,被动元件,603989.SH,艾华集团,20150106,,Y
801750.SI,计算机,801104.SI,软件开发,851041.SI,垂直应用软件,603990.SH,麦迪科技,20161201,,Y
801030.SI,基础化工,801036.SI,塑料,850351.SI,其他塑料制品,603991.SH,至正股份,20170224,,Y
801140.SI,轻工制造,801142.SI,家居用品,851439.SI,卫浴制品,603992.SH,松霖科技,20190808,,Y
801050.SI,有色金属,801054.SI,小金属,850545.SI,钼,603993.SH,洛阳钼业,20210730,,Y
801040.SI,钢铁,801045.SI,特钢Ⅱ,850412.SI,特钢Ⅲ,603995.SH,甬金股份,20210730,,Y
801080.SI,电子,801085.SI,消费电子,850853.SI,品牌消费电子,603996.SH,退市中新(退市),20210730,,Y
801880.SI,汽车,801093.SI,汽车零部件,850922.SI,车身附件及饰件,603997.SH,继峰股份,20150115,,Y
801150.SI,医药生物,801155.SI,中药Ⅱ,851521.SI,中药Ⅲ,603998.SH,方盛制药,20140127,,Y
801760.SI,传媒,801769.SI,出版,857692.SI,大众出版,603999.SH,读者传媒,20151210,,Y
801890.SI,机械设备,801076.SI,轨交设备Ⅱ,850936.SI,轨交设备Ⅲ,605001.SH,威奥股份,20200506,,Y
801130.SI,纺织服饰,801132.SI,服装家纺,851326.SI,家纺,605003.SH,众望布艺,20200731,,Y
801880.SI,汽车,801093.SI,汽车零部件,850926.SI,汽车电子电气系统,605005.SH,合兴股份,20210104,,Y
801710.SI,建筑材料,801712.SI,玻璃玻纤,857122.SI,玻纤制造,605006.SH,山东玻纤,20200817,,Y
801140.SI,轻工制造,801143.SI,造纸,851413.SI,特种纸,605007.SH,五洲特纸,20201026,,Y
801030.SI,基础化工,801036.SI,塑料,850351.SI,其他塑料制品,605008.SH,长鸿高科,20200807,,Y
801980.SI,美容护理,801981.SI,个护用品,859811.SI,生活用纸,605009.SH,豪悦护理,20200831,,Y
801160.SI,公用事业,801161.SI,电力,851614.SI,热力服务,605011.SH,杭州热电,20210615,,Y
801030.SI,基础化工,801034.SI,化学制品,850135.SI,食品及饲料添加剂,605016.SH,百龙创园,20210730,,Y
801880.SI,汽车,801093.SI,汽车零部件,850925.SI,其他汽车零部件,605018.SH,长华集团,20200914,,Y
801030.SI,基础化工,801034.SI,化学制品,850382.SI,氟化工,605020.SH,永和股份,20210630,,Y
801160.SI,公用事业,801161.SI,电力,851614.SI,热力服务,605028.SH,世茂能源,20210607,,Y
801030.SI,基础化工,801038.SI,农化制品,850333.SI,农药,605033.SH,美邦股份,20210827,,Y
801170.SI,交通运输,801178.SI,物流,851782.SI,原材料供应链服务,605050.SH,福然德,20200904,,Y
801130.SI,纺织服饰,801131.SI,纺织制造,851314.SI,印染,605055.SH,迎丰股份,20210129,,Y
801890.SI,机械设备,801072.SI,通用设备,850731.SI,仪器仪表,605056.SH,咸亨国际,20210730,,Y
801080.SI,电子,801083.SI,元件,850822.SI,印制电路板,605058.SH,澳弘电子,20200924,,Y
801890.SI,机械设备,801072.SI,通用设备,850716.SI,其他通用设备,605060.SH,联德股份,20210205,,Y
801730.SI,电力设备,801738.SI,电网设备,857382.SI,配电设备,605066.SH,天正电气,20200727,,Y
801880.SI,汽车,801093.SI,汽车零部件,850922.SI,车身附件及饰件,605068.SH,明新旭腾,20201110,,Y
801970.SI,环保,801971.SI,环境治理,859714.SI,综合环境治理,605069.SH,正和生态,20210806,,Y
801030.SI,基础化工,801034.SI,化学制品,850135.SI,食品及饲料添加剂,605077.SH,华康股份,20210730,,Y
801140.SI,轻工制造,801145.SI,文娱用品,851452.SI,娱乐用品,605080.SH,浙江自然,20210730,,Y
801970.SI,环保,801971.SI,环境治理,859712.SI,水务及水治理,605081.SH,太和水,20210730,,Y
801030.SI,基础化工,801039.SI,非金属材料Ⅱ,850523.SI,非金属材料Ⅲ,605086.SH,龙高股份,20210312,,Y
801880.SI,汽车,801093.SI,汽车零部件,850923.SI,底盘与发动机系统,605088.SH,冠盛股份,20200713,,Y
801120.SI,食品饮料,801124.SI,食品加工,851246.SI,预加工食品,605089.SH,味知香,20210730,,Y
801160.SI,公用事业,801163.SI,燃气Ⅱ,851631.SI,燃气Ⅲ,605090.SH,九丰能源,20210510,,Y
801210.SI,社会服务,801994.SI,教育,859852.SI,培训教育,605098.SH,行动教育,20210730,,Y
801140.SI,轻工制造,801142.SI,家居用品,851491.SI,其他家居用品,605099.SH,共创草坪,20200914,,Y
801890.SI,机械设备,801072.SI,通用设备,850751.SI,金属制品,605100.SH,华丰股份,20200722,,Y
801210.SI,社会服务,801219.SI,酒店餐饮,852141.SI,餐饮,605108.SH,同庆楼,20210730,,Y
801080.SI,电子,801081.SI,半导体,850812.SI,分立器件,605111.SH,新洁能,20200909,,Y
801150.SI,医药生物,801151.SI,化学制药,851511.SI,原料药,605116.SH,奥锐特,20200904,,Y
801730.SI,电力设备,801735.SI,光伏设备,857353.SI,逆变器,605117.SH,德业股份,20230704,,Y
801750.SI,计算机,801101.SI,计算机设备,850702.SI,安防设备,605118.SH,力鼎光电,20210730,,Y
801710.SI,建筑材料,801711.SI,水泥,857112.SI,水泥制品,605122.SH,四方新材,20210730,,Y
801740.SI,国防军工,801742.SI,航空装备Ⅱ,857421.SI,航空装备Ⅲ,605123.SH,派克新材,20200810,,Y
801880.SI,汽车,801093.SI,汽车零部件,850922.SI,车身附件及饰件,605128.SH,上海沿浦,20200814,,Y
801880.SI,汽车,801093.SI,汽车零部件,850923.SI,底盘与发动机系统,605133.SH,嵘泰股份,20210129,,Y
801200.SI,商贸零售,801206.SI,互联网电商,852063.SI,电商服务,605136.SH,丽人丽妆,20200914,,Y
801130.SI,纺织服饰,801132.SI,服装家纺,851329.SI,非运动服装,605138.SH,盛泰集团,20210917,,Y
801880.SI,汽车,801093.SI,汽车零部件,850922.SI,车身附件及饰件,605151.SH,西上海,20220729,,Y
801140.SI,轻工制造,801142.SI,家居用品,851491.SI,其他家居用品,605155.SH,西大门,20210730,,Y
801050.SI,有色金属,801051.SI,金属新材料,850521.SI,其他金属新材料,605158.SH,华达新材,20230704,,Y
801160.SI,公用事业,801161.SI,电力,851614.SI,热力服务,605162.SH,新中港,20210622,,Y
801030.SI,基础化工,801032.SI,化学纤维,850346.SI,锦纶,605166.SH,聚合顺,20210730,,Y
801720.SI,建筑装饰,801724.SI,专业工程,857242.SI,化学工程,605167.SH,利柏特,20210709,,Y
801760.SI,传媒,801765.SI,广告营销,857651.SI,营销代理,605168.SH,三人行,20200427,,Y
801160.SI,公用事业,801163.SI,燃气Ⅱ,851631.SI,燃气Ⅲ,605169.SH,洪通燃气,20201016,,Y
801150.SI,医药生物,801151.SI,化学制药,851511.SI,原料药,605177.SH,东亚药业,20201123,,Y
801720.SI,建筑装饰,801724.SI,专业工程,857244.SI,其他专业工程,605178.SH,时空科技,20220729,,Y
801120.SI,食品饮料,801127.SI,饮料乳品,851243.SI,乳品,605179.SH,一鸣食品,20210730,,Y
801130.SI,纺织服饰,801131.SI,纺织制造,851316.SI,其他纺织,605180.SH,华生科技,20210415,,Y
801030.SI,基础化工,801037.SI,橡胶,850363.SI,炭黑,605183.SH,确成股份,20201125,,Y
801890.SI,机械设备,801078.SI,自动化设备,850784.SI,其他自动化设备,605186.SH,健麾信息,20210730,,Y
801200.SI,商贸零售,801203.SI,一般零售,852032.SI,超市,605188.SH,国光连锁,20200624,,Y
801130.SI,纺织服饰,801131.SI,纺织制造,851314.SI,印染,605189.SH,富春染织,20210730,,Y
801730.SI,电力设备,801738.SI,电网设备,857344.SI,线缆部件及其他,605196.SH,华通线缆,20210426,,Y
801010.SI,农林牧渔,801012.SI,农产品加工,850151.SI,果蔬加工,605198.SH,安德利,20200909,,Y
801150.SI,医药生物,801155.SI,中药Ⅱ,851521.SI,中药Ⅲ,605199.SH,葫芦娃,20200624,,Y
801050.SI,有色金属,801055.SI,工业金属,850551.SI,铝,605208.SH,永茂泰,20210219,,Y
801080.SI,电子,801084.SI,光学光电子,850831.SI,面板,605218.SH,伟时电子,20200914,,Y
801730.SI,电力设备,801738.SI,电网设备,857344.SI,线缆部件及其他,605222.SH,起帆电缆,20200721,,Y
801880.SI,汽车,801093.SI,汽车零部件,850922.SI,车身附件及饰件,605228.SH,神通科技,20210104,,Y
801880.SI,汽车,801093.SI,汽车零部件,850923.SI,底盘与发动机系统,605255.SH,天普股份,20200810,,Y
801080.SI,电子,801083.SI,元件,850822.SI,印制电路板,605258.SH,协和电子,20201123,,Y
801890.SI,机械设备,801074.SI,专用设备,850727.SI,其他专用设备,605259.SH,绿田机械,20210730,,Y
801150.SI,医药生物,801154.SI,医药商业,851543.SI,线下药店,605266.SH,健之佳,20201029,,Y
801140.SI,轻工制造,801142.SI,家居用品,851438.SI,定制家居,605268.SH,王力安防,20210205,,Y
801080.SI,电子,801085.SI,消费电子,850854.SI,消费电子零部件及组装,605277.SH,新亚电子,20201223,,Y
801890.SI,机械设备,801074.SI,专用设备,850728.SI,楼宇设备,605286.SH,同力日升,20210305,,Y
801720.SI,建筑装饰,801722.SI,装修装饰Ⅱ,857221.SI,装修装饰Ⅲ,605287.SH,德才股份,20210622,,Y
801890.SI,机械设备,801078.SI,自动化设备,850782.SI,工控设备,605288.SH,凯迪股份,20200525,,Y
801720.SI,建筑装饰,801724.SI,专业工程,857244.SI,其他专业工程,605289.SH,罗曼股份,20210730,,Y
801010.SI,农林牧渔,801017.SI,养殖业,850172.SI,生猪养殖,605296.SH,神农集团,20210426,,Y
801890.SI,机械设备,801076.SI,轨交设备Ⅱ,850936.SI,轨交设备Ⅲ,605298.SH,必得科技,20210205,,Y
801140.SI,轻工制造,801145.SI,文娱用品,851452.SI,娱乐用品,605299.SH,舒华体育,20201201,,Y
801120.SI,食品饮料,801127.SI,饮料乳品,851243.SI,乳品,605300.SH,佳禾食品,20210730,,Y
801720.SI,建筑装饰,801723.SI,基础建设,857251.SI,园林工程,605303.SH,园林股份,20210730,,Y
801890.SI,机械设备,801077.SI,工程机械,850771.SI,工程机械整机,605305.SH,中际联合,20210730,,Y
801710.SI,建筑材料,801713.SI,装修建材,850614.SI,其他建材,605318.SH,法狮龙,20200721,,Y
801880.SI,汽车,801093.SI,汽车零部件,850925.SI,其他汽车零部件,605319.SH,无锡振华,20210521,,Y
801880.SI,汽车,801093.SI,汽车零部件,850926.SI,汽车电子电气系统,605333.SH,沪光股份,20200713,,Y
801110.SI,家用电器,801114.SI,厨卫电器,851141.SI,厨房电器,605336.SH,帅丰电器,20200921,,Y
801120.SI,食品饮料,801127.SI,饮料乳品,851271.SI,软饮料,605337.SH,李子园,20210125,,Y
801120.SI,食品饮料,801124.SI,食品加工,851246.SI,预加工食品,605338.SH,巴比食品,20210730,,Y
801120.SI,食品饮料,801128.SI,休闲食品,851282.SI,烘焙食品,605339.SH,南侨食品,20210730,,Y
801080.SI,电子,801081.SI,半导体,850813.SI,半导体材料,605358.SH,立昂微,20200831,,Y
801110.SI,家用电器,801115.SI,照明设备Ⅱ,851151.SI,照明设备Ⅲ,605365.SH,立达信,20210730,,Y
801030.SI,基础化工,801034.SI,化学制品,850339.SI,其他化学制品,605366.SH,宏柏新材,20200727,,Y
801160.SI,公用事业,801163.SI,燃气Ⅱ,851631.SI,燃气Ⅲ,605368.SH,蓝天燃气,20210114,,Y
801150.SI,医药生物,801153.SI,医疗器械,851533.SI,医疗耗材,605369.SH,拱东医疗,20200909,,Y
801050.SI,有色金属,801056.SI,能源金属,850562.SI,镍,605376.SH,博迁新材,20230704,,Y
801140.SI,轻工制造,801143.SI,造纸,851413.SI,特种纸,605377.SH,华旺科技,20201214,,Y
801730.SI,电力设备,801737.SI,电池,857375.SI,蓄电池及其他电池,605378.SH,野马电池,20210325,,Y
801120.SI,食品饮料,801127.SI,饮料乳品,851243.SI,乳品,605388.SH,均瑶健康,20200804,,Y
801890.SI,机械设备,801077.SI,工程机械,850772.SI,工程机械器件,605389.SH,长龄液压,20210305,,Y
801750.SI,计算机,801103.SI,IT服务Ⅱ,852226.SI,IT服务Ⅲ,605398.SH,新炬网络,20210730,,Y
801030.SI,基础化工,801034.SI,化学制品,850136.SI,有机硅,605399.SH,晨光新材,20210730,,Y
801030.SI,基础化工,801036.SI,塑料,850355.SI,膜材料,605488.SH,福莱新材,20220729,,Y
801120.SI,食品饮料,801127.SI,饮料乳品,851271.SI,软饮料,605499.SH,东鹏饮料,20210512,,Y
801140.SI,轻工制造,801143.SI,造纸,851412.SI,大宗用纸,605500.SH,森林包装,20201207,,Y
801150.SI,医药生物,801151.SI,化学制药,851511.SI,原料药,605507.SH,国邦医药,20210723,,Y
801110.SI,家用电器,801113.SI,小家电,851132.SI,清洁小家电,605555.SH,德昌股份,20211015,,Y
801030.SI,基础化工,801034.SI,化学制品,850338.SI,纺织化学制品,605566.SH,福莱蒽特,20211015,,Y
801120.SI,食品饮料,801124.SI,食品加工,851246.SI,预加工食品,605567.SH,春雪食品,20210917,,Y
801760.SI,传媒,801769.SI,出版,857691.SI,教育出版,605577.SH,龙版传媒,20210723,,Y
801160.SI,公用事业,801161.SI,电力,851614.SI,热力服务,605580.SH,恒盛能源,20210813,,Y
801080.SI,电子,801084.SI,光学光电子,850833.SI,光学元件,605588.SH,冠石科技,20210806,,Y
801030.SI,基础化工,801036.SI,塑料,850354.SI,合成树脂,605589.SH,圣泉集团,20210810,,Y
801720.SI,建筑装饰,801724.SI,专业工程,857244.SI,其他专业工程,605598.SH,上海港湾,20210820,,Y
801130.SI,纺织服饰,801133.SI,饰品,851331.SI,钟表珠宝,605599.SH,菜百股份,20210820,,Y
801890.SI,机械设备,801072.SI,通用设备,850731.SI,仪器仪表,688001.SH,华兴源创,20210730,,Y
801740.SI,国防军工,801745.SI,军工电子Ⅱ,857451.SI,军工电子Ⅲ,688002.SH,睿创微纳,20190626,,Y
801890.SI,机械设备,801078.SI,自动化设备,850784.SI,其他自动化设备,688003.SH,天准科技,20210730,,Y
801750.SI,计算机,801103.SI,IT服务Ⅱ,852226.SI,IT服务Ⅲ,688004.SH,博汇科技,20210730,,Y
801730.SI,电力设备,801737.SI,电池,857372.SI,电池化学品,688005.SH,容百科技,20210730,,Y
801730.SI,电力设备,801737.SI,电池,857373.SI,锂电专用设备,688006.SH,杭可科技,20210730,,Y
801080.SI,电子,801085.SI,消费电子,850853.SI,品牌消费电子,688007.SH,光峰科技,20210730,,Y
801080.SI,电子,801081.SI,半导体,850814.SI,数字芯片设计,688008.SH,澜起科技,20190702,,Y
801890.SI,机械设备,801076.SI,轨交设备Ⅱ,850936.SI,轨交设备Ⅲ,688009.SH,中国通号,20190708,,Y
801080.SI,电子,801084.SI,光学光电子,850833.SI,光学元件,688010.SH,福光股份,20190708,,Y
801740.SI,国防军工,801745.SI,军工电子Ⅱ,857451.SI,军工电子Ⅲ,688011.SH,新光光电,20210730,,Y
801080.SI,电子,801081.SI,半导体,850818.SI,半导体设备,688012.SH,中微公司,20210730,,Y
801150.SI,医药生物,801153.SI,医疗器械,851533.SI,医疗耗材,688013.SH,天臣医疗,20200914,,Y
801890.SI,机械设备,801076.SI,轨交设备Ⅱ,850936.SI,轨交设备Ⅲ,688015.SH,交控科技,20190711,,Y
801150.SI,医药生物,801153.SI,医疗器械,851533.SI,医疗耗材,688016.SH,心脉医疗,20190708,,Y
801890.SI,机械设备,801078.SI,自动化设备,850781.SI,机器人,688017.SH,绿的谐波,20200814,,Y
801080.SI,电子,801081.SI,半导体,850814.SI,数字芯片设计,688018.SH,乐鑫科技,20190708,,Y
801080.SI,电子,801086.SI,电子化学品Ⅱ,850861.SI,电子化学品Ⅲ,688019.SH,安集科技,20210730,,Y
801080.SI,电子,801083.SI,元件,850822.SI,印制电路板,688020.SH,方邦股份,20210730,,Y
801880.SI,汽车,801093.SI,汽车零部件,850925.SI,其他汽车零部件,688021.SH,奥福环保,20210730,,Y
801890.SI,机械设备,801074.SI,专用设备,850727.SI,其他专用设备,688022.SH,瀚川智能,20190711,,Y
801750.SI,计算机,801104.SI,软件开发,851042.SI,横向通用软件,688023.SH,安恒信息,20191023,,Y
801890.SI,机械设备,801078.SI,自动化设备,850783.SI,激光设备,688025.SH,杰普特,20210730,,Y
801150.SI,医药生物,801153.SI,医疗器械,851533.SI,医疗耗材,688026.SH,洁特生物,20220729,,Y
801770.SI,通信,801102.SI,通信设备,851026.SI,通信终端及配件,688027.SH,国盾量子,20200618,,Y
801890.SI,机械设备,801072.SI,通用设备,850713.SI,磨具磨料,688028.SH,沃尔德,20190711,,Y
801150.SI,医药生物,801153.SI,医疗器械,851533.SI,医疗耗材,688029.SH,南微医学,20190708,,Y
801750.SI,计算机,801104.SI,软件开发,851042.SI,横向通用软件,688030.SH,山石网科,20190911,,Y
801750.SI,计算机,801104.SI,软件开发,851042.SI,横向通用软件,688031.SH,星环科技-U,20220923,,Y
801730.SI,电力设备,801735.SI,光伏设备,857353.SI,逆变器,688032.SH,禾迈股份,20211203,,Y
801890.SI,机械设备,801076.SI,轨交设备Ⅱ,850936.SI,轨交设备Ⅲ,688033.SH,天宜上佳,20190711,,Y
801080.SI,电子,801086.SI,电子化学品Ⅱ,850861.SI,电子化学品Ⅲ,688035.SH,德邦科技,20220902,,Y
801080.SI,电子,801085.SI,消费电子,850853.SI,品牌消费电子,688036.SH,传音控股,20190916,,Y
801080.SI,电子,801081.SI,半导体,850818.SI,半导体设备,688037.SH,芯源微,20210730,,Y
801750.SI,计算机,801104.SI,软件开发,851041.SI,垂直应用软件,688038.SH,中科通达,20210705,,Y
801750.SI,计算机,801103.SI,IT服务Ⅱ,852226.SI,IT服务Ⅲ,688039.SH,当虹科技,20210730,,Y
801080.SI,电子,801081.SI,半导体,850814.SI,数字芯片设计,688041.SH,海光信息,20220802,,Y
801080.SI,电子,801081.SI,半导体,850815.SI,模拟芯片设计,688045.SH,必易微,20220513,,Y
801150.SI,医药生物,801156.SI,医疗服务,851563.SI,医疗研发外包,688046.SH,药康生物,20220401,,Y
801080.SI,电子,801081.SI,半导体,850814.SI,数字芯片设计,688047.SH,龙芯中科,20220610,,Y
801080.SI,电子,801081.SI,半导体,850812.SI,分立器件,688048.SH,长光华芯,20220318,,Y
801080.SI,电子,801081.SI,半导体,850814.SI,数字芯片设计,688049.SH,炬芯科技,20211112,,Y
801150.SI,医药生物,801153.SI,医疗器械,851533.SI,医疗耗材,688050.SH,爱博医疗,20200721,,Y
801750.SI,计算机,801103.SI,IT服务Ⅱ,852226.SI,IT服务Ⅲ,688051.SH,佳华科技,20210730,,Y
801080.SI,电子,801081.SI,半导体,850815.SI,模拟芯片设计,688052.SH,纳芯微,20220401,,Y
801740.SI,国防军工,801745.SI,军工电子Ⅱ,857451.SI,军工电子Ⅲ,688053.SH,思科瑞,20220708,,Y
801080.SI,电子,801084.SI,光学光电子,850831.SI,面板,688055.SH,龙腾光电,20200731,,Y
801890.SI,机械设备,801072.SI,通用设备,850731.SI,仪器仪表,688056.SH,莱伯泰科,20210730,,Y
801970.SI,环保,801971.SI,环境治理,859712.SI,水务及水治理,688057.SH,金达莱,20201029,,Y
801750.SI,计算机,801104.SI,软件开发,851042.SI,横向通用软件,688058.SH,宝兰德,20211203,,Y
801890.SI,机械设备,801072.SI,通用设备,850751.SI,金属制品,688059.SH,华锐精密,20210730,,Y
801750.SI,计算机,801101.SI,计算机设备,850703.SI,其他计算机设备,688060.SH,云涌科技,20200624,,Y
801080.SI,电子,801081.SI,半导体,850815.SI,模拟芯片设计,688061.SH,灿瑞科技,20220923,,Y
801150.SI,医药生物,801151.SI,化学制药,851512.SI,化学制剂,688062.SH,迈威生物-U,20211224,,Y
801730.SI,电力设备,801737.SI,电池,857371.SI,锂电池,688063.SH,派能科技,20201214,,Y
801030.SI,基础化工,801034.SI,化学制品,850339.SI,其他化学制品,688065.SH,凯赛生物,20200727,,Y
801750.SI,计算机,801103.SI,IT服务Ⅱ,852226.SI,IT服务Ⅲ,688066.SH,航天宏图,20210730,,Y
801150.SI,医药生物,801153.SI,医疗器械,851534.SI,体外诊断,688067.SH,爱威科技,20210531,,Y
801150.SI,医药生物,801153.SI,医疗器械,851534.SI,体外诊断,688068.SH,热景生物,20190911,,Y
801970.SI,环保,801971.SI,环境治理,859712.SI,水务及水治理,688069.SH,德林海,20200713,,Y
801740.SI,国防军工,801742.SI,航空装备Ⅱ,857421.SI,航空装备Ⅲ,688070.SH,纵横股份,20210125,,Y
801890.SI,机械设备,801074.SI,专用设备,850727.SI,其他专用设备,688071.SH,华依科技,20210712,,Y
801080.SI,电子,801081.SI,半导体,850818.SI,半导体设备,688072.SH,拓荆科技,20220401,,Y
801150.SI,医药生物,801156.SI,医疗服务,851563.SI,医疗研发外包,688073.SH,毕得医药,20220916,,Y
801150.SI,医药生物,801153.SI,医疗器械,851534.SI,体外诊断,688075.SH,安旭生物,20211105,,Y
801150.SI,医药生物,801156.SI,医疗服务,851563.SI,医疗研发外包,688076.SH,诺泰生物,20210510,,Y
801050.SI,有色金属,801051.SI,金属新材料,850522.SI,磁性材料,688077.SH,大地熊,20200706,,Y
801750.SI,计算机,801104.SI,软件开发,851041.SI,垂直应用软件,688078.SH,龙软科技,20230704,,Y
801080.SI,电子,801084.SI,光学光电子,850833.SI,光学元件,688079.SH,美迪凯,20210219,,Y
801770.SI,通信,801102.SI,通信设备,851027.SI,其他通信设备,688080.SH,映翰通,20200122,,Y
801740.SI,国防军工,801745.SI,军工电子Ⅱ,857451.SI,军工电子Ⅲ,688081.SH,兴图新科,20210730,,Y
801080.SI,电子,801081.SI,半导体,850818.SI,半导体设备,688082.SH,盛美上海,20211105,,Y
801750.SI,计算机,801104.SI,软件开发,851041.SI,垂直应用软件,688083.SH,中望软件,20210301,,Y
801740.SI,国防军工,801745.SI,军工电子Ⅱ,857451.SI,军工电子Ⅲ,688084.SH,晶品特装,20221121,,Y
801150.SI,医药生物,801153.SI,医疗器械,851533.SI,医疗耗材,688085.SH,三友医疗,20200325,,Y
801750.SI,计算机,801101.SI,计算机设备,850703.SI,其他计算机设备,688086.SH,退市紫晶(退市),20200204,,Y
801030.SI,基础化工,801036.SI,塑料,850351.SI,其他塑料制品,688087.SH,英科再生,20210622,,Y
801750.SI,计算机,801103.SI,IT服务Ⅱ,852226.SI,IT服务Ⅲ,688088.SH,虹软科技,20210730,,Y
801030.SI,基础化工,801034.SI,化学制品,850135.SI,食品及饲料添加剂,688089.SH,嘉必优,20210730,,Y
801890.SI,机械设备,801078.SI,自动化设备,850781.SI,机器人,688090.SH,瑞松科技,20210730,,Y
801150.SI,医药生物,801151.SI,化学制药,851512.SI,化学制剂,688091.SH,上海谊众,20210820,,Y
801890.SI,机械设备,801074.SI,专用设备,850727.SI,其他专用设备,688092.SH,爱科科技,20210305,,Y
801080.SI,电子,801082.SI,其他电子Ⅱ,850841.SI,其他电子Ⅲ,688093.SH,世华科技,20200914,,Y
801750.SI,计算机,801104.SI,软件开发,851042.SI,横向通用软件,688095.SH,福昕软件,20200831,,Y
801970.SI,环保,801971.SI,环境治理,859712.SI,水务及水治理,688096.SH,京源环保,20200325,,Y
801890.SI,机械设备,801078.SI,自动化设备,850784.SI,其他自动化设备,688097.SH,博众精工,20210730,,Y
801010.SI,农林牧渔,801018.SI,动物保健Ⅱ,850181.SI,动物保健Ⅲ,688098.SH,申联生物,20191011,,Y
801080.SI,电子,801081.SI,半导体,850814.SI,数字芯片设计,688099.SH,晶晨股份,20190724,,Y
801770.SI,通信,801102.SI,通信设备,851026.SI,通信终端及配件,688100.SH,威胜信息,20200525,,Y
801970.SI,环保,801971.SI,环境治理,859712.SI,水务及水治理,688101.SH,三达膜,20191101,,Y
801050.SI,有色金属,801051.SI,金属新材料,850521.SI,其他金属新材料,688102.SH,斯瑞新材,20220729,,Y
801080.SI,电子,801082.SI,其他电子Ⅱ,850841.SI,其他电子Ⅲ,688103.SH,国力股份,20210827,,Y
801150.SI,医药生物,801152.SI,生物制品,851524.SI,其他生物制品,688105.SH,诺唯赞,20220729,,Y
801080.SI,电子,801086.SI,电子化学品Ⅱ,850861.SI,电子化学品Ⅲ,688106.SH,金宏气体,20210730,,Y
801080.SI,电子,801081.SI,半导体,850814.SI,数字芯片设计,688107.SH,安路科技,20211029,,Y
801150.SI,医药生物,801153.SI,医疗器械,851533.SI,医疗耗材,688108.SH,赛诺医疗,20191021,,Y
801750.SI,计算机,801104.SI,软件开发,851041.SI,垂直应用软件,688109.SH,品茗科技,20210312,,Y
801080.SI,电子,801081.SI,半导体,850814.SI,数字芯片设计,688110.SH,东芯股份,20211126,,Y
801750.SI,计算机,801104.SI,软件开发,851042.SI,横向通用软件,688111.SH,金山办公,20191101,,Y
801890.SI,机械设备,801072.SI,通用设备,850731.SI,仪器仪表,688112.SH,鼎阳科技,20211119,,Y
801890.SI,机械设备,801074.SI,专用设备,850727.SI,其他专用设备,688113.SH,联测科技,20210421,,Y
801150.SI,医药生物,801153.SI,医疗器械,851532.SI,医疗设备,688114.SH,华大智造,20220826,,Y
801890.SI,机械设备,801072.SI,通用设备,850731.SI,仪器仪表,688115.SH,思林杰,20220228,,Y
801730.SI,电力设备,801737.SI,电池,857372.SI,电池化学品,688116.SH,天奈科技,20210730,,Y
801150.SI,医药生物,801151.SI,化学制药,851512.SI,化学制剂,688117.SH,圣诺生物,20210518,,Y
801750.SI,计算机,801104.SI,软件开发,851041.SI,垂直应用软件,688118.SH,普元信息,20191120,,Y
801710.SI,建筑材料,801713.SI,装修建材,850615.SI,耐火材料,688119.SH,中钢洛耐,20220520,,Y
801080.SI,电子,801081.SI,半导体,850818.SI,半导体设备,688120.SH,华海清科,20220520,,Y
801890.SI,机械设备,801074.SI,专用设备,850725.SI,能源及重型设备,688121.SH,卓然股份,20210820,,Y
801740.SI,国防军工,801742.SI,航空装备Ⅱ,857421.SI,航空装备Ⅲ,688122.SH,西部超导,20210730,,Y
801080.SI,电子,801081.SI,半导体,850814.SI,数字芯片设计,688123.SH,聚辰股份,20191205,,Y
801890.SI,机械设备,801078.SI,自动化设备,850784.SI,其他自动化设备,688125.SH,安达智能,20220401,,Y
801080.SI,电子,801081.SI,半导体,850813.SI,半导体材料,688126.SH,沪硅产业,20200402,,Y
801080.SI,电子,801084.SI,光学光电子,850833.SI,光学元件,688127.SH,蓝特光学,20200904,,Y
801890.SI,机械设备,801074.SI,专用设备,850727.SI,其他专用设备,688128.SH,中国电研,20191023,,Y
801030.SI,基础化工,801034.SI,化学制品,850335.SI,涂料油墨,688129.SH,东来技术,20201016,,Y
801080.SI,电子,801081.SI,半导体,850815.SI,模拟芯片设计,688130.SH,晶华微,20220715,,Y
801150.SI,医药生物,801156.SI,医疗服务,851563.SI,医疗研发外包,688131.SH,皓元医药,20220729,,Y
801740.SI,国防军工,801745.SI,军工电子Ⅱ,857451.SI,军工电子Ⅲ,688132.SH,邦彦技术,20220909,,Y
801030.SI,基础化工,801034.SI,化学制品,850339.SI,其他化学制品,688133.SH,泰坦科技,20201016,,Y
801080.SI,电子,801081.SI,半导体,850817.SI,集成电路封测,688135.SH,利扬芯片,20201026,,Y
801150.SI,医药生物,801152.SI,生物制品,851524.SI,其他生物制品,688136.SH,科兴制药,20201201,,Y
801150.SI,医药生物,801152.SI,生物制品,851524.SI,其他生物制品,688137.SH,近岸蛋白,20220916,,Y
801080.SI,电子,801081.SI,半导体,850813.SI,半导体材料,688138.SH,清溢光电,20191111,,Y
801150.SI,医药生物,801153.SI,医疗器械,851532.SI,医疗设备,688139.SH,海尔生物,20191011,,Y
801080.SI,电子,801081.SI,半导体,850815.SI,模拟芯片设计,688141.SH,杰华特,20221209,,Y
801770.SI,通信,801102.SI,通信设备,851025.SI,通信线缆及配套,688143.SH,长盈通,20221121,,Y
801080.SI,电子,801081.SI,半导体,850813.SI,半导体材料,688146.SH,中船特气,20230331,,Y
801730.SI,电力设备,801735.SI,光伏设备,857355.SI,光伏加工设备,688147.SH,微导纳米,20221208,,Y
801730.SI,电力设备,801737.SI,电池,857372.SI,电池化学品,688148.SH,芳源股份,20210806,,Y
801080.SI,电子,801086.SI,电子化学品Ⅱ,850861.SI,电子化学品Ⅲ,688150.SH,莱特光电,20220304,,Y
801150.SI,医药生物,801153.SI,医疗器械,851533.SI,医疗耗材,688151.SH,华强科技,20220729,,Y
801750.SI,计算机,801104.SI,软件开发,851042.SI,横向通用软件,688152.SH,麒麟信安,20220930,,Y
801080.SI,电子,801081.SI,半导体,850815.SI,模拟芯片设计,688153.SH,唯捷创芯,20220401,,Y
801730.SI,电力设备,801737.SI,电池,857373.SI,锂电专用设备,688155.SH,先惠技术,20210730,,Y
801970.SI,环保,801971.SI,环境治理,859712.SI,水务及水治理,688156.SH,路德环境,20220729,,Y
801030.SI,基础化工,801034.SI,化学制品,850335.SI,涂料油墨,688157.SH,松井股份,20200525,,Y
801750.SI,计算机,801103.SI,IT服务Ⅱ,852226.SI,IT服务Ⅲ,688158.SH,优刻得-W,20210730,,Y
801770.SI,通信,801102.SI,通信设备,851026.SI,通信终端及配件,688159.SH,有方科技,20200108,,Y
801890.SI,机械设备,801078.SI,自动化设备,850782.SI,工控设备,688160.SH,步科股份,20210730,,Y
801150.SI,医药生物,801153.SI,医疗器械,851533.SI,医疗耗材,688161.SH,威高骨科,20210615,,Y
801890.SI,机械设备,801074.SI,专用设备,850727.SI,其他专用设备,688162.SH,巨一科技,20220729,,Y
801150.SI,医药生物,801152.SI,生物制品,851524.SI,其他生物制品,688163.SH,赛伦生物,20220225,,Y
801890.SI,机械设备,801078.SI,自动化设备,850781.SI,机器人,688165.SH,埃夫特-U,20210730,,Y
801150.SI,医药生物,801151.SI,化学制药,851511.SI,原料药,688166.SH,博瑞医药,20220729,,Y
801080.SI,电子,801081.SI,半导体,850812.SI,分立器件,688167.SH,炬光科技,20220513,,Y
801750.SI,计算机,801104.SI,软件开发,851042.SI,横向通用软件,688168.SH,安博通,20190822,,Y
801110.SI,家用电器,801113.SI,小家电,851132.SI,清洁小家电,688169.SH,石头科技,20210730,,Y
801890.SI,机械设备,801078.SI,自动化设备,850783.SI,激光设备,688170.SH,德龙激光,20220415,,Y
801750.SI,计算机,801104.SI,软件开发,851041.SI,垂直应用软件,688171.SH,纬德信息,20220114,,Y
801080.SI,电子,801081.SI,半导体,850812.SI,分立器件,688172.SH,燕东微,20221202,,Y
801080.SI,电子,801081.SI,半导体,850815.SI,模拟芯片设计,688173.SH,希荻微,20220107,,Y
801740.SI,国防军工,801745.SI,军工电子Ⅱ,857451.SI,军工电子Ⅲ,688175.SH,高凌信息,20220228,,Y
801150.SI,医药生物,801151.SI,化学制药,851512.SI,化学制剂,688176.SH,亚虹医药-U,20211217,,Y
801150.SI,医药生物,801152.SI,生物制品,851524.SI,其他生物制品,688177.SH,百奥泰,20200204,,Y
801970.SI,环保,801971.SI,环境治理,859713.SI,固废治理,688178.SH,万德斯,20220729,,Y
801030.SI,基础化工,801034.SI,化学制品,850339.SI,其他化学制品,688179.SH,阿拉丁,20201016,,Y
801150.SI,医药生物,801152.SI,生物制品,851524.SI,其他生物制品,688180.SH,君实生物-U,20200624,,Y
801080.SI,电子,801084.SI,光学光电子,850831.SI,面板,688181.SH,八亿时空,20191223,,Y
801770.SI,通信,801102.SI,通信设备,851024.SI,通信网络设备及器件,688182.SH,灿勤科技,20211105,,Y
801080.SI,电子,801083.SI,元件,850822.SI,印制电路板,688183.SH,生益电子,20210205,,Y
801730.SI,电力设备,801737.SI,电池,857372.SI,电池化学品,688184.SH,帕瓦股份,20220902,,Y
801150.SI,医药生物,801152.SI,生物制品,851523.SI,疫苗,688185.SH,康希诺,20200727,,Y
801040.SI,钢铁,801045.SI,特钢Ⅱ,850412.SI,特钢Ⅲ,688186.SH,广大特材,20210730,,Y
801890.SI,机械设备,801076.SI,轨交设备Ⅱ,850936.SI,轨交设备Ⅲ,688187.SH,时代电气,20210820,,Y
801750.SI,计算机,801101.SI,计算机设备,850703.SI,其他计算机设备,688188.SH,柏楚电子,20190724,,Y
801150.SI,医药生物,801151.SI,化学制药,851512.SI,化学制剂,688189.SH,南新制药,20200310,,Y
801050.SI,有色金属,801051.SI,金属新材料,850521.SI,其他金属新材料,688190.SH,云路股份,20211112,,Y
801730.SI,电力设备,801738.SI,电网设备,857321.SI,电网自动化设备,688191.SH,智洋创新,20210730,,Y
801150.SI,医药生物,801151.SI,化学制药,851512.SI,化学制剂,688192.SH,迪哲医药-U,20211126,,Y
801150.SI,医药生物,801153.SI,医疗器械,851534.SI,体外诊断,688193.SH,仁度生物,20220311,,Y
801080.SI,电子,801084.SI,光学光电子,850833.SI,光学元件,688195.SH,腾景科技,20210312,,Y
801030.SI,基础化工,801034.SI,化学制品,850339.SI,其他化学制品,688196.SH,卓越新能,20191111,,Y
801150.SI,医药生物,801151.SI,化学制药,851512.SI,化学制剂,688197.SH,首药控股-U,20220304,,Y
801150.SI,医药生物,801153.SI,医疗器械,851533.SI,医疗耗材,688198.SH,佰仁医疗,20191129,,Y
801030.SI,基础化工,801034.SI,化学制品,850339.SI,其他化学制品,688199.SH,久日新材,20191021,,Y
801080.SI,电子,801081.SI,半导体,850818.SI,半导体设备,688200.SH,华峰测控,20210730,,Y
801750.SI,计算机,801104.SI,软件开发,851042.SI,横向通用软件,688201.SH,信安世纪,20210406,,Y
801150.SI,医药生物,801156.SI,医疗服务,851563.SI,医疗研发外包,688202.SH,美迪西,20191021,,Y
801030.SI,基础化工,801036.SI,塑料,850353.SI,改性塑料,688203.SH,海正生材,20220805,,Y
801770.SI,通信,801102.SI,通信设备,851024.SI,通信网络设备及器件,688205.SH,德科立,20220725,,Y
801750.SI,计算机,801104.SI,软件开发,851041.SI,垂直应用软件,688206.SH,概伦电子,20221111,,Y
801750.SI,计算机,801103.SI,IT服务Ⅱ,852226.SI,IT服务Ⅲ,688207.SH,格灵深瞳,20220225,,Y
801750.SI,计算机,801101.SI,计算机设备,850703.SI,其他计算机设备,688208.SH,道通科技,20200122,,Y
801080.SI,电子,801081.SI,半导体,850815.SI,模拟芯片设计,688209.SH,英集芯,20220401,,Y
801080.SI,电子,801085.SI,消费电子,850854.SI,消费电子零部件及组装,688210.SH,统联精密,20211210,,Y
801890.SI,机械设备,801074.SI,专用设备,850727.SI,其他专用设备,688211.SH,中科微至,20210930,,Y
801150.SI,医药生物,801153.SI,医疗器械,851532.SI,医疗设备,688212.SH,澳华内镜,20211029,,Y
801080.SI,电子,801081.SI,半导体,850814.SI,数字芯片设计,688213.SH,思特威-W,20220429,,Y
801890.SI,机械设备,801078.SI,自动化设备,850784.SI,其他自动化设备,688215.SH,瑞晟智能,20210730,,Y
801080.SI,电子,801081.SI,半导体,850817.SI,集成电路封测,688216.SH,气派科技,20210607,,Y
801150.SI,医药生物,801153.SI,医疗器械,851534.SI,体外诊断,688217.SH,睿昂基因,20210426,,Y
801890.SI,机械设备,801078.SI,自动化设备,850781.SI,机器人,688218.SH,江苏北人,20210730,,Y
801030.SI,基础化工,801036.SI,塑料,850353.SI,改性塑料,688219.SH,会通股份,20201029,,Y
801080.SI,电子,801081.SI,半导体,850815.SI,模拟芯片设计,688220.SH,翱捷科技-U,20211224,,Y
801150.SI,医药生物,801151.SI,化学制药,851512.SI,化学制剂,688221.SH,前沿生物-U,20201016,,Y
801150.SI,医药生物,801156.SI,医疗服务,851563.SI,医疗研发外包,688222.SH,成都先导,20200330,,Y
801730.SI,电力设备,801735.SI,光伏设备,857352.SI,光伏电池组件,688223.SH,晶科能源,20220107,,Y
801750.SI,计算机,801104.SI,软件开发,851042.SI,横向通用软件,688225.SH,亚信安全,20220114,,Y
801730.SI,电力设备,801738.SI,电网设备,857344.SI,线缆部件及其他,688226.SH,威腾电气,20210622,,Y
801750.SI,计算机,801103.SI,IT服务Ⅱ,852226.SI,IT服务Ⅲ,688227.SH,品高股份,20211217,,Y
801750.SI,计算机,801103.SI,IT服务Ⅱ,852226.SI,IT服务Ⅲ,688228.SH,开普云,20210730,,Y
801750.SI,计算机,801103.SI,IT服务Ⅱ,852226.SI,IT服务Ⅲ,688229.SH,博睿数据,20210730,,Y
801080.SI,电子,801081.SI,半导体,850812.SI,分立器件,688230.SH,芯导科技,20211119,,Y
801050.SI,有色金属,801051.SI,金属新材料,850521.SI,其他金属新材料,688231.SH,隆达股份,20220701,,Y
801750.SI,计算机,801104.SI,软件开发,851041.SI,垂直应用软件,688232.SH,新点软件,20211105,,Y
801080.SI,电子,801081.SI,半导体,850813.SI,半导体材料,688233.SH,神工股份,20200204,,Y
801080.SI,电子,801081.SI,半导体,850813.SI,半导体材料,688234.SH,天岳先进,20211224,,Y
801150.SI,医药生物,801151.SI,化学制药,851512.SI,化学制剂,688235.SH,百济神州-U,20240517,,Y
801150.SI,医药生物,801153.SI,医疗器械,851533.SI,医疗耗材,688236.SH,春立医疗,20211217,,Y
801740.SI,国防军工,801742.SI,航空装备Ⅱ,857421.SI,航空装备Ⅲ,688237.SH,超卓航科,20220624,,Y
801150.SI,医药生物,801156.SI,医疗服务,851563.SI,医疗研发外包,688238.SH,和元生物,20220304,,Y
801740.SI,国防军工,801742.SI,航空装备Ⅱ,857421.SI,航空装备Ⅲ,688239.SH,航宇科技,20210622,,Y
801750.SI,计算机,801104.SI,软件开发,851042.SI,横向通用软件,688244.SH,永信至诚,20220923,,Y
801750.SI,计算机,801104.SI,软件开发,851041.SI,垂直应用软件,688246.SH,嘉和美康,20211203,,Y
801150.SI,医药生物,801151.SI,化学制药,851512.SI,化学制剂,688247.SH,宣泰医药,20220812,,Y
801730.SI,电力设备,801738.SI,电网设备,857321.SI,电网自动化设备,688248.SH,南网科技,20211203,,Y
801080.SI,电子,801081.SI,半导体,850816.SI,集成电路制造,688249.SH,晶合集成,20230414,,Y
801750.SI,计算机,801103.SI,IT服务Ⅱ,852226.SI,IT服务Ⅲ,688251.SH,井松智能,20220520,,Y
801080.SI,电子,801081.SI,半导体,850814.SI,数字芯片设计,688252.SH,天德钰,20220909,,Y
801150.SI,医药生物,801153.SI,医疗器械,851534.SI,体外诊断,688253.SH,英诺特,20220715,,Y
801890.SI,机械设备,801078.SI,自动化设备,850781.SI,机器人,688255.SH,凯尔达,20211015,,Y
801080.SI,电子,801081.SI,半导体,850814.SI,数字芯片设计,688256.SH,寒武纪-U,20200707,,Y
801890.SI,机械设备,801072.SI,通用设备,850751.SI,金属制品,688257.SH,新锐股份,20211015,,Y
801750.SI,计算机,801103.SI,IT服务Ⅱ,852226.SI,IT服务Ⅲ,688258.SH,卓易信息,20210730,,Y
801080.SI,电子,801081.SI,半导体,850814.SI,数字芯片设计,688259.SH,创耀科技,20211224,,Y
801080.SI,电子,801085.SI,消费电子,850854.SI,消费电子零部件及组装,688260.SH,昀冢科技,20210319,,Y
801080.SI,电子,801081.SI,半导体,850812.SI,分立器件,688261.SH,东微半导,20220114,,Y
801080.SI,电子,801081.SI,半导体,850814.SI,数字芯片设计,688262.SH,国芯科技,20211217,,Y
801150.SI,医药生物,801156.SI,医疗服务,851563.SI,医疗研发外包,688265.SH,南模生物,20211210,,Y
801150.SI,医药生物,801151.SI,化学制药,851512.SI,化学制剂,688266.SH,泽璟制药-U,20200108,,Y
801030.SI,基础化工,801034.SI,化学制品,850339.SI,其他化学制品,688267.SH,中触媒,20220121,,Y
801080.SI,电子,801086.SI,电子化学品Ⅱ,850861.SI,电子化学品Ⅲ,688268.SH,华特气体,20210730,,Y
801030.SI,基础化工,801034.SI,化学制品,850339.SI,其他化学制品,688269.SH,凯立新材,20220729,,Y
801080.SI,电子,801081.SI,半导体,850815.SI,模拟芯片设计,688270.SH,臻镭科技,20220114,,Y
801150.SI,医药生物,801153.SI,医疗器械,851532.SI,医疗设备,688271.SH,联影医疗,20220805,,Y
801740.SI,国防军工,801745.SI,军工电子Ⅱ,857451.SI,军工电子Ⅲ,688272.SH,富吉瑞,20210924,,Y
801150.SI,医药生物,801153.SI,医疗器械,851532.SI,医疗设备,688273.SH,麦澜德,20220725,,Y
801730.SI,电力设备,801737.SI,电池,857372.SI,电池化学品,688275.SH,万润新能,20220909,,Y
801150.SI,医药生物,801152.SI,生物制品,851523.SI,疫苗,688276.SH,百克生物,20210609,,Y
801150.SI,医药生物,801153.SI,医疗器械,851532.SI,医疗设备,688277.SH,天智航-U,20200618,,Y
801150.SI,医药生物,801152.SI,生物制品,851524.SI,其他生物制品,688278.SH,特宝生物,20200106,,Y
801080.SI,电子,801081.SI,半导体,850814.SI,数字芯片设计,688279.SH,峰岹科技,20220401,,Y
801880.SI,汽车,801093.SI,汽车零部件,850923.SI,底盘与发动机系统,688280.SH,精进电动-UW,20211015,,Y
801740.SI,国防军工,801742.SI,航空装备Ⅱ,857421.SI,航空装备Ⅲ,688281.SH,华秦科技,20220218,,Y
801740.SI,国防军工,801741.SI,航天装备Ⅱ,857411.SI,航天装备Ⅲ,688282.SH,*ST导航,20220304,,Y
801770.SI,通信,801102.SI,通信设备,851027.SI,其他通信设备,688283.SH,坤恒顺维,20220121,,Y
801890.SI,机械设备,801076.SI,轨交设备Ⅱ,850936.SI,轨交设备Ⅲ,688285.SH,高铁电气,20211015,,Y
801080.SI,电子,801081.SI,半导体,850815.SI,模拟芯片设计,688286.SH,敏芯股份,20200722,,Y
801740.SI,国防军工,801742.SI,航空装备Ⅱ,857421.SI,航空装备Ⅲ,688287.SH,观典防务,20220525,,Y
801750.SI,计算机,801101.SI,计算机设备,850703.SI,其他计算机设备,688288.SH,鸿泉物联,20191023,,Y
801150.SI,医药生物,801153.SI,医疗器械,851534.SI,体外诊断,688289.SH,圣湘生物,20200811,,Y
801890.SI,机械设备,801078.SI,自动化设备,850781.SI,机器人,688290.SH,景业智能,20220415,,Y
801750.SI,计算机,801104.SI,软件开发,851041.SI,垂直应用软件,688291.SH,金橙子,20220930,,Y
801750.SI,计算机,801101.SI,计算机设备,850703.SI,其他计算机设备,688292.SH,浩瀚深度,20240517,,Y
801150.SI,医药生物,801152.SI,生物制品,851524.SI,其他生物制品,688293.SH,奥浦迈,20220819,,Y
801030.SI,基础化工,801032.SI,化学纤维,850344.SI,其他化学纤维,688295.SH,中复神鹰,20220318,,Y
801750.SI,计算机,801104.SI,软件开发,851041.SI,垂直应用软件,688296.SH,和达科技,20210709,,Y
801740.SI,国防军工,801742.SI,航空装备Ⅱ,857421.SI,航空装备Ⅲ,688297.SH,中无人机,20220610,,Y
801150.SI,医药生物,801153.SI,医疗器械,851534.SI,体外诊断,688298.SH,东方生物,20200108,,Y
801080.SI,电子,801084.SI,光学光电子,850831.SI,面板,688299.SH,长阳科技,20191021,,Y
801030.SI,基础化工,801039.SI,非金属材料Ⅱ,850523.SI,非金属材料Ⅲ,688300.SH,联瑞新材,20210730,,Y
801150.SI,医药生物,801153.SI,医疗器械,851532.SI,医疗设备,688301.SH,奕瑞科技,20200831,,Y
801150.SI,医药生物,801151.SI,化学制药,851512.SI,化学制剂,688302.SH,海创药业-U,20220401,,Y
801730.SI,电力设备,801735.SI,光伏设备,857351.SI,硅料硅片,688303.SH,大全能源,20210709,,Y
801890.SI,机械设备,801072.SI,通用设备,850711.SI,机床工具,688305.SH,科德数控,20210630,,Y
801890.SI,机械设备,801078.SI,自动化设备,850784.SI,其他自动化设备,688306.SH,均普智能,20220304,,Y
801750.SI,计算机,801101.SI,计算机设备,850702.SI,安防设备,688307.SH,中润光学,20230120,,Y
801890.SI,机械设备,801072.SI,通用设备,850751.SI,金属制品,688308.SH,欧科亿,20210730,,Y
801970.SI,环保,801972.SI,环保设备Ⅱ,859721.SI,环保设备Ⅲ,688309.SH,恒誉环保,20200629,,Y
801890.SI,机械设备,801078.SI,自动化设备,850784.SI,其他自动化设备,688310.SH,迈得医疗,20210730,,Y
801740.SI,国防军工,801745.SI,军工电子Ⅱ,857451.SI,军工电子Ⅲ,688311.SH,盟升电子,20210730,,Y
801890.SI,机械设备,801074.SI,专用设备,850727.SI,其他专用设备,688312.SH,燕麦科技,20200525,,Y
801770.SI,通信,801102.SI,通信设备,851024.SI,通信网络设备及器件,688313.SH,仕佳光子,20200727,,Y
801150.SI,医药生物,801153.SI,医疗器械,851533.SI,医疗耗材,688314.SH,康拓医疗,20210510,,Y
801150.SI,医药生物,801156.SI,医疗服务,851565.SI,其他医疗服务,688315.SH,诺禾致源,20210325,,Y
801750.SI,计算机,801103.SI,IT服务Ⅱ,852226.SI,IT服务Ⅲ,688316.SH,青云科技-U,20210730,,Y
801150.SI,医药生物,801153.SI,医疗器械,851534.SI,体外诊断,688317.SH,之江生物,20210104,,Y
801750.SI,计算机,801104.SI,软件开发,851041.SI,垂直应用软件,688318.SH,财富趋势,20200413,,Y
801150.SI,医药生物,801152.SI,生物制品,851523.SI,疫苗,688319.SH,欧林生物,20210521,,Y
801890.SI,机械设备,801078.SI,自动化设备,850782.SI,工控设备,688320.SH,禾川科技,20220415,,Y
801150.SI,医药生物,801151.SI,化学制药,851512.SI,化学制剂,688321.SH,微芯生物,20190724,,Y
801080.SI,电子,801084.SI,光学光电子,850833.SI,光学元件,688322.SH,奥比中光-UW,20220707,,Y
801030.SI,基础化工,801036.SI,塑料,850355.SI,膜材料,688323.SH,瑞华泰,20210730,,Y
801080.SI,电子,801081.SI,半导体,850815.SI,模拟芯片设计,688325.SH,赛微微电,20220401,,Y
801750.SI,计算机,801104.SI,软件开发,851041.SI,垂直应用软件,688326.SH,经纬恒润-W,20220330,,Y
801750.SI,计算机,801103.SI,IT服务Ⅱ,852226.SI,IT服务Ⅲ,688327.SH,云从科技-UW,20220429,,Y
801890.SI,机械设备,801074.SI,专用设备,850727.SI,其他专用设备,688328.SH,深科达,20210219,,Y
801890.SI,机械设备,801078.SI,自动化设备,850784.SI,其他自动化设备,688329.SH,艾隆科技,20210730,,Y
801730.SI,电力设备,801738.SI,电网设备,857321.SI,电网自动化设备,688330.SH,宏力达,20210730,,Y
801150.SI,医药生物,801152.SI,生物制品,851524.SI,其他生物制品,688331.SH,荣昌生物,20220325,,Y
801080.SI,电子,801081.SI,半导体,850814.SI,数字芯片设计,688332.SH,中科蓝讯,20220701,,Y
801890.SI,机械设备,801072.SI,通用设备,850716.SI,其他通用设备,688333.SH,铂力特,20220729,,Y
801210.SI,社会服务,801218.SI,专业服务,852182.SI,检测服务,688334.SH,西高院,20230609,,Y
801970.SI,环保,801971.SI,环境治理,859712.SI,水务及水治理,688335.SH,复洁环保,20200731,,Y
801150.SI,医药生物,801152.SI,生物制品,851524.SI,其他生物制品,688336.SH,三生国健,20200707,,Y
801890.SI,机械设备,801072.SI,通用设备,850731.SI,仪器仪表,688337.SH,普源精电,20220318,,Y
801150.SI,医药生物,801153.SI,医疗器械,851534.SI,体外诊断,688338.SH,赛科希德,20200721,,Y
801730.SI,电力设备,801737.SI,电池,857374.SI,燃料电池,688339.SH,亿华通-U,20200722,,Y
801750.SI,计算机,801103.SI,IT服务Ⅱ,852226.SI,IT服务Ⅲ,688343.SH,云天励飞-U,20230317,,Y
801730.SI,电力设备,801737.SI,电池,857371.SI,锂电池,688345.SH,博力威,20210524,,Y
801080.SI,电子,801081.SI,半导体,850816.SI,集成电路制造,688347.SH,华虹公司,20230731,,Y
801730.SI,电力设备,801735.SI,光伏设备,857353.SI,逆变器,688348.SH,昱能科技,20220520,,Y
801730.SI,电力设备,801736.SI,风电设备,857361.SI,风电整机,688349.SH,三一重能,20220602,,Y
801030.SI,基础化工,801034.SI,化学制品,850339.SI,其他化学制品,688350.SH,富淼科技,20210114,,Y
801150.SI,医药生物,801153.SI,医疗器械,851533.SI,医疗耗材,688351.SH,微电生理-U,20220812,,Y
801080.SI,电子,801081.SI,半导体,850817.SI,集成电路封测,688352.SH,颀中科技,20230331,,Y
801730.SI,电力设备,801737.SI,电池,857372.SI,电池化学品,688353.SH,华盛锂电,20220624,,Y
801890.SI,机械设备,801072.SI,通用设备,850751.SI,金属制品,688355.SH,明志科技,20210730,,Y
801150.SI,医药生物,801151.SI,化学制药,851511.SI,原料药,688356.SH,键凯科技,20200810,,Y
801030.SI,基础化工,801034.SI,化学制品,850339.SI,其他化学制品,688357.SH,建龙微纳,20220729,,Y
801150.SI,医药生物,801153.SI,医疗器械,851532.SI,医疗设备,688358.SH,祥生医疗,20191114,,Y
801080.SI,电子,801086.SI,电子化学品Ⅱ,850861.SI,电子化学品Ⅲ,688359.SH,三孚新科,20210730,,Y
801890.SI,机械设备,801072.SI,通用设备,850716.SI,其他通用设备,688360.SH,德马科技,20200518,,Y
801080.SI,电子,801081.SI,半导体,850818.SI,半导体设备,688361.SH,中科飞测,20230504,,Y
801080.SI,电子,801081.SI,半导体,850817.SI,集成电路封测,688362.SH,甬矽电子,20221028,,Y
801980.SI,美容护理,801983.SI,医疗美容,859831.SI,医美耗材,688363.SH,华熙生物,20191021,,Y
801750.SI,计算机,801103.SI,IT服务Ⅱ,852226.SI,IT服务Ⅲ,688365.SH,光云科技,20210730,,Y
801150.SI,医药生物,801153.SI,医疗器械,851533.SI,医疗耗材,688366.SH,昊海生科,20191021,,Y
801890.SI,机械设备,801076.SI,轨交设备Ⅱ,850936.SI,轨交设备Ⅲ,688367.SH,工大高科,20210609,,Y
801080.SI,电子,801081.SI,半导体,850815.SI,模拟芯片设计,688368.SH,晶丰明源,20190919,,Y
801750.SI,计算机,801104.SI,软件开发,851042.SI,横向通用软件,688369.SH,致远互联,20191021,,Y
801970.SI,环保,801971.SI,环境治理,859713.SI,固废治理,688370.SH,丛麟科技,20220805,,Y
801080.SI,电子,801086.SI,电子化学品Ⅱ,850861.SI,电子化学品Ⅲ,688371.SH,菲沃泰,20220725,,Y
801080.SI,电子,801081.SI,半导体,850817.SI,集成电路封测,688372.SH,伟测科技,20220930,,Y
801150.SI,医药生物,801151.SI,化学制药,851512.SI,化学制剂,688373.SH,盟科药业-U,20220725,,Y
801740.SI,国防军工,801745.SI,军工电子Ⅱ,857451.SI,军工电子Ⅲ,688375.SH,国博电子,20220701,,Y
801970.SI,环保,801972.SI,环保设备Ⅱ,859721.SI,环保设备Ⅲ,688376.SH,美埃科技,20221104,,Y
801890.SI,机械设备,801074.SI,专用设备,850725.SI,能源及重型设备,688377.SH,迪威尔,20200618,,Y
801890.SI,机械设备,801074.SI,专用设备,850727.SI,其他专用设备,688378.SH,奥来德,20200817,,Y
801890.SI,机械设备,801072.SI,通用设备,850751.SI,金属制品,688379.SH,华光新材,20210730,,Y
801080.SI,电子,801081.SI,半导体,850814.SI,数字芯片设计,688380.SH,中微半导,20220725,,Y
801080.SI,电子,801081.SI,半导体,850815.SI,模拟芯片设计,688381.SH,帝奥微,20220805,,Y
801150.SI,医药生物,801151.SI,化学制药,851512.SI,化学制剂,688382.SH,益方生物-U,20220708,,Y
801890.SI,机械设备,801074.SI,专用设备,850727.SI,其他专用设备,688383.SH,新益昌,20210415,,Y
801080.SI,电子,801081.SI,半导体,850814.SI,数字芯片设计,688385.SH,复旦微电,20210723,,Y
801030.SI,基础化工,801036.SI,塑料,850355.SI,膜材料,688386.SH,泛亚微透,20200924,,Y
801770.SI,通信,801102.SI,通信设备,851024.SI,通信网络设备及器件,688387.SH,信科移动-U,20220909,,Y
801730.SI,电力设备,801737.SI,电池,857371.SI,锂电池,688388.SH,嘉元科技,20220729,,Y
801150.SI,医药生物,801153.SI,医疗器械,851534.SI,体外诊断,688389.SH,普门科技,20191023,,Y
801730.SI,电力设备,801735.SI,光伏设备,857353.SI,逆变器,688390.SH,固德威,20200821,,Y
801080.SI,电子,801081.SI,半导体,850815.SI,模拟芯片设计,688391.SH,钜泉科技,20220826,,Y
801730.SI,电力设备,801737.SI,电池,857373.SI,锂电专用设备,688392.SH,骄成超声,20220909,,Y
801150.SI,医药生物,801153.SI,医疗器械,851534.SI,体外诊断,688393.SH,安必平,20200804,,Y
801890.SI,机械设备,801078.SI,自动化设备,850782.SI,工控设备,688395.SH,正弦电气,20210415,,Y
801080.SI,电子,801081.SI,半导体,850816.SI,集成电路制造,688396.SH,华润微,20200204,,Y
801030.SI,基础化工,801034.SI,化学制品,850339.SI,其他化学制品,688398.SH,赛特新材,20200122,,Y
801150.SI,医药生物,801153.SI,医疗器械,851534.SI,体外诊断,688399.SH,硕世生物,20191120,,Y
801890.SI,机械设备,801074.SI,专用设备,850727.SI,其他专用设备,688400.SH,凌云光,20220708,,Y
801080.SI,电子,801081.SI,半导体,850813.SI,半导体材料,688401.SH,路维光电,20220805,,Y
801080.SI,电子,801081.SI,半导体,850817.SI,集成电路封测,688403.SH,汇成股份,20220805,,Y
801730.SI,电力设备,801735.SI,光伏设备,857354.SI,光伏辅材,688408.SH,中信博,20200811,,Y
801080.SI,电子,801081.SI,半导体,850818.SI,半导体设备,688409.SH,富创精密,20220916,,Y
801150.SI,医药生物,801153.SI,医疗器械,851532.SI,医疗设备,688410.SH,山外山,20221209,,Y
801080.SI,电子,801081.SI,半导体,850814.SI,数字芯片设计,688416.SH,恒烁股份,20220812,,Y
801770.SI,通信,801102.SI,通信设备,851027.SI,其他通信设备,688418.SH,震有科技,20200707,,Y
801080.SI,电子,801081.SI,半导体,850818.SI,半导体设备,688419.SH,耐科装备,20221021,,Y
801890.SI,机械设备,801074.SI,专用设备,850727.SI,其他专用设备,688420.SH,美腾科技,20221121,,Y
801890.SI,机械设备,801077.SI,工程机械,850771.SI,工程机械整机,688425.SH,铁建重工,20210607,,Y
801150.SI,医药生物,801152.SI,生物制品,851524.SI,其他生物制品,688426.SH,康为世纪,20220930,,Y
801150.SI,医药生物,801151.SI,化学制药,851512.SI,化学制剂,688428.SH,诺诚健华-U,20220902,,Y
801730.SI,电力设备,801735.SI,光伏设备,857352.SI,光伏电池组件,688429.SH,时创能源,20230609,,Y
801080.SI,电子,801081.SI,半导体,850813.SI,半导体材料,688432.SH,有研硅,20221028,,Y
801890.SI,机械设备,801072.SI,通用设备,850716.SI,其他通用设备,688433.SH,华曙高科,20230331,,Y
801750.SI,计算机,801104.SI,软件开发,851042.SI,横向通用软件,688435.SH,英方软件,20230106,,Y
801740.SI,国防军工,801745.SI,军工电子Ⅱ,857451.SI,军工电子Ⅲ,688439.SH,振华风光,20220812,,Y
801150.SI,医药生物,801152.SI,生物制品,851524.SI,其他生物制品,688443.SH,智翔金泰-U,20230609,,Y
801890.SI,机械设备,801072.SI,通用设备,850716.SI,其他通用设备,688448.SH,磁谷科技,20220902,,Y
801890.SI,机械设备,801072.SI,通用设备,850731.SI,仪器仪表,688450.SH,光格科技,20230714,,Y
801890.SI,机械设备,801078.SI,自动化设备,850784.SI,其他自动化设备,688455.SH,科捷智能,20220826,,Y
801050.SI,有色金属,801051.SI,金属新材料,850521.SI,其他金属新材料,688456.SH,有研粉材,20230704,,Y
801080.SI,电子,801081.SI,半导体,850815.SI,模拟芯片设计,688458.SH,美芯晟,20230504,,Y
801890.SI,机械设备,801076.SI,轨交设备Ⅱ,850936.SI,轨交设备Ⅲ,688459.SH,哈铁科技,20220916,,Y
801970.SI,环保,801971.SI,环境治理,859712.SI,水务及水治理,688466.SH,金科环境,20200416,,Y
801150.SI,医药生物,801153.SI,医疗器械,851534.SI,体外诊断,688468.SH,科美诊断,20210325,,Y
801080.SI,电子,801081.SI,半导体,850816.SI,集成电路制造,688469.SH,芯联集成-U,20230504,,Y
801730.SI,电力设备,801735.SI,光伏设备,857352.SI,光伏电池组件,688472.SH,阿特斯,20230526,,Y
801750.SI,计算机,801101.SI,计算机设备,850702.SI,安防设备,688475.SH,萤石网络,20221209,,Y
801080.SI,电子,801081.SI,半导体,850818.SI,半导体设备,688478.SH,晶升股份,20230331,,Y
801750.SI,计算机,801104.SI,软件开发,851041.SI,垂直应用软件,688479.SH,友车科技,20230504,,Y
801970.SI,环保,801971.SI,环境治理,859714.SI,综合环境治理,688480.SH,赛恩斯,20221111,,Y
801080.SI,电子,801081.SI,半导体,850815.SI,模拟芯片设计,688484.SH,南芯科技,20230317,,Y
801890.SI,机械设备,801076.SI,轨交设备Ⅱ,850936.SI,轨交设备Ⅲ,688485.SH,九州一轨,20230106,,Y
801080.SI,电子,801081.SI,半导体,850814.SI,数字芯片设计,688486.SH,龙迅股份,20230213,,Y
801150.SI,医药生物,801152.SI,生物制品,851524.SI,其他生物制品,688488.SH,艾迪药业,20200707,,Y
801750.SI,计算机,801101.SI,计算机设备,850702.SI,安防设备,688489.SH,三未信安,20221121,,Y
801080.SI,电子,801084.SI,光学光电子,850831.SI,面板,688496.SH,清越科技,20221209,,Y
801080.SI,电子,801081.SI,半导体,850812.SI,分立器件,688498.SH,源杰科技,20221202,,Y
801730.SI,电力设备,801737.SI,电池,857373.SI,锂电专用设备,688499.SH,利元亨,20210730,,Y
801750.SI,计算机,801103.SI,IT服务Ⅱ,852226.SI,IT服务Ⅲ,688500.SH,慧辰股份,20210730,,Y
801970.SI,环保,801972.SI,环保设备Ⅱ,859721.SI,环保设备Ⅲ,688501.SH,青达环保,20210705,,Y
801080.SI,电子,801084.SI,光学光电子,850833.SI,光学元件,688502.SH,茂莱光学,20230224,,Y
801730.SI,电力设备,801735.SI,光伏设备,857354.SI,光伏辅材,688503.SH,聚和材料,20230704,,Y
801150.SI,医药生物,801151.SI,化学制药,851512.SI,化学制剂,688505.SH,复旦张江,20200602,,Y
801150.SI,医药生物,801151.SI,化学制药,851512.SI,化学制剂,688506.SH,百利天恒-U,20221223,,Y
801750.SI,计算机,801104.SI,软件开发,851041.SI,垂直应用软件,688507.SH,索辰科技,20230331,,Y
801080.SI,电子,801081.SI,半导体,850815.SI,模拟芯片设计,688508.SH,芯朋微,20200706,,Y
801750.SI,计算机,801103.SI,IT服务Ⅱ,852226.SI,IT服务Ⅲ,688509.SH,正元地信,20210730,,Y
801740.SI,国防军工,801742.SI,航空装备Ⅱ,857421.SI,航空装备Ⅲ,688510.SH,航亚科技,20201201,,Y
801740.SI,国防军工,801745.SI,军工电子Ⅱ,857451.SI,军工电子Ⅲ,688511.SH,天微电子,20210730,,Y
801080.SI,电子,801081.SI,半导体,850815.SI,模拟芯片设计,688512.SH,慧智微-U,20230504,,Y
801150.SI,医药生物,801151.SI,化学制药,851512.SI,化学制剂,688513.SH,苑东生物,20200814,,Y
801080.SI,电子,801081.SI,半导体,850815.SI,模拟芯片设计,688515.SH,裕太微-U,20230120,,Y
801730.SI,电力设备,801735.SI,光伏设备,857355.SI,光伏加工设备,688516.SH,奥特维,20200506,,Y
801730.SI,电力设备,801738.SI,电网设备,857382.SI,配电设备,688517.SH,金冠电气,20210607,,Y
801890.SI,机械设备,801078.SI,自动化设备,850783.SI,激光设备,688518.SH,联赢激光,20210730,,Y
801080.SI,电子,801083.SI,元件,850822.SI,印制电路板,688519.SH,南亚新材,20200731,,Y
801150.SI,医药生物,801152.SI,生物制品,851524.SI,其他生物制品,688520.SH,神州细胞-U,20200605,,Y
801080.SI,电子,801081.SI,半导体,850814.SI,数字芯片设计,688521.SH,芯原股份,20200731,,Y
801740.SI,国防军工,801745.SI,军工电子Ⅱ,857451.SI,军工电子Ⅲ,688522.SH,纳睿雷达,20230224,,Y
801740.SI,国防军工,801741.SI,航天装备Ⅱ,857411.SI,航天装备Ⅲ,688523.SH,航天环宇,20230526,,Y
801080.SI,电子,801081.SI,半导体,850814.SI,数字芯片设计,688525.SH,佰维存储,20221223,,Y
801010.SI,农林牧渔,801018.SI,动物保健Ⅱ,850181.SI,动物保健Ⅲ,688526.SH,科前生物,20200909,,Y
801890.SI,机械设备,801072.SI,通用设备,850731.SI,仪器仪表,688528.SH,秦川物联,20210730,,Y
801890.SI,机械设备,801074.SI,专用设备,850727.SI,其他专用设备,688529.SH,豪森智能,20201026,,Y
801080.SI,电子,801081.SI,半导体,850813.SI,半导体材料,688530.SH,欧莱新材,20240509,,Y
801890.SI,机械设备,801074.SI,专用设备,850727.SI,其他专用设备,688531.SH,日联科技,20230317,,Y
801880.SI,汽车,801093.SI,汽车零部件,850926.SI,汽车电子电气系统,688533.SH,上声电子,20210406,,Y
801080.SI,电子,801081.SI,半导体,850813.SI,半导体材料,688535.SH,华海诚科,20230317,,Y
801080.SI,电子,801081.SI,半导体,850815.SI,模拟芯片设计,688536.SH,思瑞浦,20200904,,Y
801080.SI,电子,801084.SI,光学光电子,850831.SI,面板,688538.SH,和辉光电-U,20210512,,Y
801080.SI,电子,801083.SI,元件,850823.SI,被动元件,688539.SH,高华科技,20230331,,Y
801740.SI,国防军工,801743.SI,地面兵装Ⅱ,857431.SI,地面兵装Ⅲ,688543.SH,国科军工,20230609,,Y
801080.SI,电子,801086.SI,电子化学品Ⅱ,850861.SI,电子化学品Ⅲ,688548.SH,广钢气体,20230731,,Y
801080.SI,电子,801086.SI,电子化学品Ⅱ,850861.SI,电子化学品Ⅲ,688549.SH,中巨芯-U,20230821,,Y
801080.SI,电子,801086.SI,电子化学品Ⅱ,850861.SI,电子化学品Ⅲ,688550.SH,瑞联新材,20210730,,Y
801730.SI,电力设备,801733.SI,其他电源设备Ⅱ,857336.SI,其他电源设备Ⅲ,688551.SH,科威尔,20210730,,Y
801740.SI,国防军工,801745.SI,军工电子Ⅱ,857451.SI,军工电子Ⅲ,688552.SH,航天南湖,20230504,,Y
801150.SI,医药生物,801151.SI,化学制药,851512.SI,化学制剂,688553.SH,汇宇制药-W,20210930,,Y
801750.SI,计算机,801104.SI,软件开发,851041.SI,垂直应用软件,688555.SH,退市泽达(退市),20200605,,Y
801730.SI,电力设备,801735.SI,光伏设备,857355.SI,光伏加工设备,688556.SH,高测股份,20210730,,Y
801890.SI,机械设备,801072.SI,通用设备,850716.SI,其他通用设备,688557.SH,兰剑智能,20201123,,Y
801890.SI,机械设备,801072.SI,通用设备,850711.SI,机床工具,688558.SH,国盛智科,20200612,,Y
801890.SI,机械设备,801078.SI,自动化设备,850783.SI,激光设备,688559.SH,海目星,20210730,,Y
801730.SI,电力设备,801735.SI,光伏设备,857354.SI,光伏辅材,688560.SH,明冠新材,20201214,,Y
801750.SI,计算机,801104.SI,软件开发,851042.SI,横向通用软件,688561.SH,奇安信-U,20200713,,Y
801750.SI,计算机,801103.SI,IT服务Ⅱ,852226.SI,IT服务Ⅲ,688562.SH,航天软件,20230504,,Y
801740.SI,国防军工,801742.SI,航空装备Ⅱ,857421.SI,航空装备Ⅲ,688563.SH,航材股份,20230630,,Y
801970.SI,环保,801971.SI,环境治理,859712.SI,水务及水治理,688565.SH,力源科技,20210426,,Y
801150.SI,医药生物,801151.SI,化学制药,851512.SI,化学制剂,688566.SH,吉贝尔,20200427,,Y
801730.SI,电力设备,801737.SI,电池,857371.SI,锂电池,688567.SH,孚能科技,20200629,,Y
801750.SI,计算机,801103.SI,IT服务Ⅱ,852226.SI,IT服务Ⅲ,688568.SH,中科星图,20210730,,Y
801890.SI,机械设备,801076.SI,轨交设备Ⅱ,850936.SI,轨交设备Ⅲ,688569.SH,铁科轨道,20200814,,Y
801890.SI,机械设备,801078.SI,自动化设备,850782.SI,工控设备,688570.SH,天玛智控,20230526,,Y
801030.SI,基础化工,801034.SI,化学制品,850335.SI,涂料油墨,688571.SH,杭华股份,20201125,,Y
801730.SI,电力设备,801737.SI,电池,857373.SI,锂电专用设备,688573.SH,信宇人,20230731,,Y
801150.SI,医药生物,801153.SI,医疗器械,851534.SI,体外诊断,688575.SH,亚辉龙,20210426,,Y
801150.SI,医药生物,801153.SI,医疗器械,851532.SI,医疗设备,688576.SH,西山科技,20230526,,Y
801890.SI,机械设备,801072.SI,通用设备,850711.SI,机床工具,688577.SH,浙海德曼,20200831,,Y
801150.SI,医药生物,801151.SI,化学制药,851512.SI,化学制剂,688578.SH,艾力斯,20201123,,Y
801750.SI,计算机,801104.SI,软件开发,851041.SI,垂直应用软件,688579.SH,山大地纬,20200629,,Y
801150.SI,医药生物,801153.SI,医疗器械,851532.SI,医疗设备,688580.SH,伟思医疗,20200706,,Y
801150.SI,医药生物,801153.SI,医疗器械,851533.SI,医疗耗材,688581.SH,安杰思,20230504,,Y
801080.SI,电子,801081.SI,半导体,850815.SI,模拟芯片设计,688582.SH,芯动联科,20230609,,Y
801080.SI,电子,801081.SI,半导体,850813.SI,半导体材料,688584.SH,上海合晶,20240126,,Y
801030.SI,基础化工,801036.SI,塑料,850354.SI,合成树脂,688585.SH,上纬新材,20210730,,Y
801740.SI,国防军工,801742.SI,航空装备Ⅱ,857421.SI,航空装备Ⅲ,688586.SH,江航装备,20200721,,Y
801750.SI,计算机,801104.SI,软件开发,851041.SI,垂直应用软件,688588.SH,凌志软件,20200427,,Y
801080.SI,电子,801081.SI,半导体,850814.SI,数字芯片设计,688589.SH,力合微,20200706,,Y
801750.SI,计算机,801104.SI,软件开发,851041.SI,垂直应用软件,688590.SH,新致软件,20201125,,Y
801080.SI,电子,801081.SI,半导体,850814.SI,数字芯片设计,688591.SH,泰凌微,20230821,,Y
801770.SI,通信,801102.SI,通信设备,851026.SI,通信终端及配件,688592.SH,司南导航,20240322,,Y
801080.SI,电子,801081.SI,半导体,850814.SI,数字芯片设计,688593.SH,新相微,20230512,,Y
801080.SI,电子,801081.SI,半导体,850814.SI,数字芯片设计,688595.SH,芯海科技,20220729,,Y
801890.SI,机械设备,801074.SI,专用设备,850727.SI,其他专用设备,688596.SH,正帆科技,20200804,,Y
801730.SI,电力设备,801738.SI,电网设备,857323.SI,电工仪器仪表,688597.SH,煜邦电力,20210730,,Y
801730.SI,电力设备,801735.SI,光伏设备,857354.SI,光伏辅材,688598.SH,金博股份,20210730,,Y
801730.SI,电力设备,801735.SI,光伏设备,857352.SI,光伏电池组件,688599.SH,天合光能,20200602,,Y
801970.SI,环保,801972.SI,环保设备Ⅱ,859721.SI,环保设备Ⅲ,688600.SH,皖仪科技,20200612,,Y
801080.SI,电子,801081.SI,半导体,850815.SI,模拟芯片设计,688601.SH,力芯微,20210609,,Y
801080.SI,电子,801086.SI,电子化学品Ⅱ,850861.SI,电子化学品Ⅲ,688602.SH,康鹏科技,20230714,,Y
801080.SI,电子,801086.SI,电子化学品Ⅱ,850861.SI,电子化学品Ⅲ,688603.SH,天承科技,20230630,,Y
801150.SI,医药生物,801153.SI,医疗器械,851534.SI,体外诊断,688606.SH,奥泰生物,20210312,,Y
801150.SI,医药生物,801153.SI,医疗器械,851532.SI,医疗设备,688607.SH,康众医疗,20210114,,Y
801080.SI,电子,801081.SI,半导体,850814.SI,数字芯片设计,688608.SH,恒玄科技,20201201,,Y
801110.SI,家用电器,801112.SI,黑色家电,851122.SI,其他黑色家电,688609.SH,九联科技,20210305,,Y
801890.SI,机械设备,801072.SI,通用设备,850731.SI,仪器仪表,688610.SH,埃科光电,20230630,,Y
801730.SI,电力设备,801738.SI,电网设备,857321.SI,电网自动化设备,688611.SH,杭州柯林,20210730,,Y
801880.SI,汽车,801093.SI,汽车零部件,850926.SI,汽车电子电气系统,688612.SH,威迈斯,20230714,,Y
801150.SI,医药生物,801153.SI,医疗器械,851533.SI,医疗耗材,688613.SH,奥精医疗,20210510,,Y
801730.SI,电力设备,801738.SI,电网设备,857323.SI,电工仪器仪表,688616.SH,西力科技,20210730,,Y
801150.SI,医药生物,801153.SI,医疗器械,851533.SI,医疗耗材,688617.SH,惠泰医疗,20201223,,Y
801770.SI,通信,801102.SI,通信设备,851024.SI,通信网络设备及器件,688618.SH,三旺通信,20201214,,Y
801750.SI,计算机,801101.SI,计算机设备,850702.SI,安防设备,688619.SH,罗普特,20210730,,Y
801080.SI,电子,801081.SI,半导体,850814.SI,数字芯片设计,688620.SH,安凯微,20230609,,Y
801150.SI,医药生物,801156.SI,医疗服务,851563.SI,医疗研发外包,688621.SH,阳光诺和,20210607,,Y
801890.SI,机械设备,801072.SI,通用设备,850731.SI,仪器仪表,688622.SH,禾信仪器,20210827,,Y
801890.SI,机械设备,801078.SI,自动化设备,850784.SI,其他自动化设备,688623.SH,双元科技,20230526,,Y
801030.SI,基础化工,801034.SI,化学制品,850339.SI,其他化学制品,688625.SH,呈和科技,20210521,,Y
801150.SI,医药生物,801153.SI,医疗器械,851532.SI,医疗设备,688626.SH,翔宇医疗,20210319,,Y
801890.SI,机械设备,801072.SI,通用设备,850731.SI,仪器仪表,688627.SH,精智达,20230630,,Y
801890.SI,机械设备,801072.SI,通用设备,850731.SI,仪器仪表,688628.SH,优利德,20210730,,Y
801740.SI,国防军工,801745.SI,军工电子Ⅱ,857451.SI,军工电子Ⅲ,688629.SH,华丰科技,20230609,,Y
801890.SI,机械设备,801074.SI,专用设备,850727.SI,其他专用设备,688630.SH,芯碁微装,20210319,,Y
801750.SI,计算机,801104.SI,软件开发,851041.SI,垂直应用软件,688631.SH,莱斯信息,20230609,,Y
801890.SI,机械设备,801074.SI,专用设备,850725.SI,能源及重型设备,688633.SH,星球石墨,20210312,,Y
801740.SI,国防军工,801745.SI,军工电子Ⅱ,857451.SI,军工电子Ⅲ,688636.SH,智明达,20210730,,Y
801730.SI,电力设备,801737.SI,电池,857373.SI,锂电专用设备,688638.SH,誉辰智能,20230630,,Y
801030.SI,基础化工,801034.SI,化学制品,850135.SI,食品及饲料添加剂,688639.SH,华恒生物,20210730,,Y
801890.SI,机械设备,801078.SI,自动化设备,850783.SI,激光设备,688646.SH,逸飞激光,20230714,,Y
801890.SI,机械设备,801074.SI,专用设备,850727.SI,其他专用设备,688648.SH,中邮科技,20231027,,Y
801750.SI,计算机,801104.SI,软件开发,851042.SI,横向通用软件,688651.SH,盛邦安全,20230714,,Y
801080.SI,电子,801081.SI,半导体,850818.SI,半导体设备,688652.SH,京仪装备,20231117,,Y
801080.SI,电子,801081.SI,半导体,850815.SI,模拟芯片设计,688653.SH,康希通信,20231117,,Y
801080.SI,电子,801083.SI,元件,850822.SI,印制电路板,688655.SH,迅捷兴,20210421,,Y
801150.SI,医药生物,801153.SI,医疗器械,851534.SI,体外诊断,688656.SH,浩欧博,20210104,,Y
801750.SI,计算机,801104.SI,软件开发,851041.SI,垂直应用软件,688657.SH,浩辰软件,20230915,,Y
801150.SI,医药生物,801151.SI,化学制药,851512.SI,化学制剂,688658.SH,悦康药业,20201214,,Y
801030.SI,基础化工,801034.SI,化学制品,850339.SI,其他化学制品,688659.SH,元琛科技,20210319,,Y
801730.SI,电力设备,801736.SI,风电设备,857361.SI,风电整机,688660.SH,电气风电,20210510,,Y
801080.SI,电子,801081.SI,半导体,850813.SI,半导体材料,688661.SH,和林微纳,20220804,,Y
801080.SI,电子,801082.SI,其他电子Ⅱ,850841.SI,其他电子Ⅲ,688662.SH,富信科技,20210319,,Y
801730.SI,电力设备,801738.SI,电网设备,857321.SI,电网自动化设备,688663.SH,新风光,20220729,,Y
801890.SI,机械设备,801072.SI,通用设备,850731.SI,仪器仪表,688665.SH,四方光电,20210730,,Y
801880.SI,汽车,801093.SI,汽车零部件,850926.SI,汽车电子电气系统,688667.SH,菱电电控,20210301,,Y
801770.SI,通信,801102.SI,通信设备,851024.SI,通信网络设备及器件,688668.SH,鼎通科技,20201207,,Y
801030.SI,基础化工,801036.SI,塑料,850353.SI,改性塑料,688669.SH,聚石化学,20210108,,Y
801150.SI,医药生物,801152.SI,生物制品,851523.SI,疫苗,688670.SH,金迪克,20210723,,Y
801970.SI,环保,801972.SI,环保设备Ⅱ,859721.SI,环保设备Ⅲ,688671.SH,碧兴物联,20230731,,Y
801730.SI,电力设备,801738.SI,电网设备,857381.SI,输变电设备,688676.SH,金盘科技,20210219,,Y
801150.SI,医药生物,801153.SI,医疗器械,851532.SI,医疗设备,688677.SH,海泰新光,20210205,,Y
801080.SI,电子,801085.SI,消费电子,850854.SI,消费电子零部件及组装,688678.SH,福立旺,20201207,,Y
801970.SI,环保,801971.SI,环境治理,859713.SI,固废治理,688679.SH,通源环境,20201214,,Y
801730.SI,电力设备,801735.SI,光伏设备,857354.SI,光伏辅材,688680.SH,海优新材,20210108,,Y
801730.SI,电力设备,801738.SI,电网设备,857321.SI,电网自动化设备,688681.SH,科汇股份,20210730,,Y
801740.SI,国防军工,801745.SI,军工电子Ⅱ,857451.SI,军工电子Ⅲ,688682.SH,霍莱沃,20210730,,Y
801080.SI,电子,801085.SI,消费电子,850854.SI,消费电子零部件及组装,688683.SH,莱尔科技,20210325,,Y
801740.SI,国防军工,801742.SI,航空装备Ⅱ,857421.SI,航空装备Ⅲ,688685.SH,迈信林,20210426,,Y
801890.SI,机械设备,801078.SI,自动化设备,850784.SI,其他自动化设备,688686.SH,奥普特,20210730,,Y
801150.SI,医药生物,801152.SI,生物制品,851524.SI,其他生物制品,688687.SH,凯因科技,20210125,,Y
801080.SI,电子,801081.SI,半导体,850812.SI,分立器件,688689.SH,银河微电,20210108,,Y
801150.SI,医药生物,801151.SI,化学制药,851511.SI,原料药,688690.SH,纳微科技,20210607,,Y
801080.SI,电子,801081.SI,半导体,850816.SI,集成电路制造,688691.SH,灿芯股份,20240322,,Y
801750.SI,计算机,801104.SI,软件开发,851041.SI,垂直应用软件,688692.SH,达梦数据,20240531,,Y
801080.SI,电子,801081.SI,半导体,850812.SI,分立器件,688693.SH,锴威特,20230731,,Y
801750.SI,计算机,801104.SI,软件开发,851042.SI,横向通用软件,688695.SH,中创股份,20240301,,Y
801110.SI,家用电器,801112.SI,黑色家电,851121.SI,彩电,688696.SH,极米科技,20210219,,Y
801890.SI,机械设备,801072.SI,通用设备,850711.SI,机床工具,688697.SH,纽威数控,20210903,,Y
801890.SI,机械设备,801078.SI,自动化设备,850782.SI,工控设备,688698.SH,伟创电气,20201214,,Y
801080.SI,电子,801081.SI,半导体,850815.SI,模拟芯片设计,688699.SH,明微电子,20201207,,Y
801890.SI,机械设备,801074.SI,专用设备,850727.SI,其他专用设备,688700.SH,东威科技,20210531,,Y
801970.SI,环保,801971.SI,环境治理,859714.SI,综合环境治理,688701.SH,卓锦股份,20210827,,Y
801080.SI,电子,801081.SI,半导体,850814.SI,数字芯片设计,688702.SH,盛科通信-U,20230908,,Y
801730.SI,电力设备,801737.SI,电池,857372.SI,电池化学品,688707.SH,振华新材,20210827,,Y
801080.SI,电子,801081.SI,半导体,850814.SI,数字芯片设计,688709.SH,成都华微,20240119,,Y
801080.SI,电子,801081.SI,半导体,850812.SI,分立器件,688711.SH,宏微科技,20210820,,Y
801030.SI,基础化工,801036.SI,塑料,850354.SI,合成树脂,688716.SH,中研股份,20230908,,Y
801730.SI,电力设备,801735.SI,光伏设备,857353.SI,逆变器,688717.SH,艾罗能源,20231222,,Y
801030.SI,基础化工,801036.SI,塑料,850355.SI,膜材料,688718.SH,唯赛勃,20210730,,Y
801730.SI,电力设备,801733.SI,其他电源设备Ⅱ,857336.SI,其他电源设备Ⅲ,688719.SH,爱科赛博,20230908,,Y
801080.SI,电子,801081.SI,半导体,850813.SI,半导体材料,688720.SH,艾森股份,20231117,,Y
801030.SI,基础化工,801032.SI,化学纤维,850344.SI,其他化学纤维,688722.SH,同益中,20210924,,Y
801080.SI,电子,801081.SI,半导体,850814.SI,数字芯片设计,688728.SH,格科微,20210813,,Y
801730.SI,电力设备,801737.SI,电池,857372.SI,电池化学品,688733.SH,壹石通,20210806,,Y
801880.SI,汽车,801093.SI,汽车零部件,850925.SI,其他汽车零部件,688737.SH,中自科技,20211015,,Y
801150.SI,医药生物,801152.SI,生物制品,851523.SI,疫苗,688739.SH,成大生物,20211015,,Y
801080.SI,电子,801081.SI,半导体,850814.SI,数字芯片设计,688766.SH,普冉股份,20210813,,Y
801150.SI,医药生物,801153.SI,医疗器械,851534.SI,体外诊断,688767.SH,博拓生物,20210820,,Y
801890.SI,机械设备,801072.SI,通用设备,850731.SI,仪器仪表,688768.SH,容知日新,20210730,,Y
801730.SI,电力设备,801737.SI,电池,857371.SI,锂电池,688772.SH,珠海冠宇,20210917,,Y
801740.SI,国防军工,801745.SI,军工电子Ⅱ,857451.SI,军工电子Ⅲ,688776.SH,国光电气,20210820,,Y
801890.SI,机械设备,801078.SI,自动化设备,850782.SI,工控设备,688777.SH,中控技术,20201124,,Y
801730.SI,电力设备,801737.SI,电池,857372.SI,电池化学品,688778.SH,厦钨新能,20210806,,Y
801730.SI,电力设备,801737.SI,电池,857372.SI,电池化学品,688779.SH,长远锂科,20210806,,Y
801050.SI,有色金属,801051.SI,金属新材料,850522.SI,磁性材料,688786.SH,悦安新材,20220729,,Y
801750.SI,计算机,801103.SI,IT服务Ⅱ,852226.SI,IT服务Ⅲ,688787.SH,海天瑞声,20210806,,Y
801740.SI,国防军工,801745.SI,军工电子Ⅱ,857451.SI,军工电子Ⅲ,688788.SH,科思科技,20210730,,Y
801890.SI,机械设备,801074.SI,专用设备,850721.SI,纺织服装设备,688789.SH,宏华数科,20210630,,Y
801110.SI,家用电器,801113.SI,小家电,851133.SI,个护小家电,688793.SH,倍轻松,20210705,,Y
801080.SI,电子,801081.SI,半导体,850815.SI,模拟芯片设计,688798.SH,艾为电子,20210729,,Y
801150.SI,医药生物,801151.SI,化学制药,851512.SI,化学制剂,688799.SH,华纳药厂,20210630,,Y
801080.SI,电子,801082.SI,其他电子Ⅱ,850841.SI,其他电子Ⅲ,688800.SH,瑞可达,20210705,,Y
801730.SI,电力设备,801737.SI,电池,857375.SI,蓄电池及其他电池,688819.SH,天能股份,20210104,,Y
801080.SI,电子,801081.SI,半导体,850816.SI,集成电路制造,688981.SH,中芯国际,20200706,,Y
801880.SI,汽车,801881.SI,摩托车及其他,858811.SI,其他运输设备,689009.SH,九号公司-WD,20201029,,Y
801750.SI,计算机,801104.SI,软件开发,851041.SI,垂直应用软件,830799.BJ,艾融软件,20200727,,Y
801030.SI,基础化工,801039.SI,非金属材料Ⅱ,850523.SI,非金属材料Ⅲ,830832.BJ,齐鲁华信,20210223,,Y
801890.SI,机械设备,801077.SI,工程机械,850772.SI,工程机械器件,830839.BJ,万通液压,20201109,,Y
801890.SI,机械设备,801072.SI,通用设备,850731.SI,仪器仪表,830879.BJ,基康仪器,20221227,,Y
801880.SI,汽车,801093.SI,汽车零部件,850923.SI,底盘与发动机系统,830896.BJ,旺成科技,20230427,,Y
801150.SI,医药生物,801151.SI,化学制药,851511.SI,原料药,830946.BJ,森萱医药,20200727,,Y
801010.SI,农林牧渔,801019.SI,农业综合Ⅱ,850191.SI,农业综合Ⅲ,830964.BJ,润农节水,20200727,,Y
801030.SI,基础化工,801034.SI,化学制品,850339.SI,其他化学制品,830974.BJ,凯大催化,20230224,,Y
801160.SI,公用事业,801163.SI,燃气Ⅱ,851631.SI,燃气Ⅲ,831010.BJ,凯添燃气,20200727,,Y
801010.SI,农林牧渔,801016.SI,种植业,850111.SI,种子,831087.BJ,秋乐种业,20221206,,Y
801080.SI,电子,801085.SI,消费电子,850854.SI,消费电子零部件及组装,831167.BJ,鑫汇科,20220513,,Y
801880.SI,汽车,801093.SI,汽车零部件,850923.SI,底盘与发动机系统,831195.BJ,三祥科技,20221227,,Y
801880.SI,汽车,801093.SI,汽车零部件,850923.SI,底盘与发动机系统,831278.BJ,泰德股份,20220608,,Y
801030.SI,基础化工,801033.SI,化学原料,850324.SI,其他化学原料,831304.BJ,迪尔化工,20230427,,Y
801890.SI,机械设备,801078.SI,自动化设备,850782.SI,工控设备,831305.BJ,海希通讯,20211105,,Y
801140.SI,轻工制造,801142.SI,家居用品,851438.SI,定制家居,831445.BJ,龙竹科技,20200727,,Y
801080.SI,电子,801086.SI,电子化学品Ⅱ,850861.SI,电子化学品Ⅲ,831526.BJ,凯华材料,20221227,,Y
801110.SI,家用电器,801115.SI,照明设备Ⅱ,851151.SI,照明设备Ⅲ,831641.BJ,格利尔,20221206,,Y
801890.SI,机械设备,801072.SI,通用设备,850716.SI,其他通用设备,831689.BJ,克莱特,20220321,,Y
801120.SI,食品饮料,801129.SI,调味发酵品Ⅱ,851242.SI,调味发酵品Ⅲ,831726.BJ,朱老六,20210527,,Y
801110.SI,家用电器,801116.SI,家电零部件Ⅱ,851161.SI,家电零部件Ⅲ,831768.BJ,拾比佰,20210628,,Y
801750.SI,计算机,801104.SI,软件开发,851041.SI,垂直应用软件,831832.BJ,科达自控,20230908,,Y
801030.SI,基础化工,801037.SI,橡胶,850362.SI,其他橡胶制品,831834.BJ,三维股份,20220829,,Y
801890.SI,机械设备,801074.SI,专用设备,850727.SI,其他专用设备,831855.BJ,浙江大农,20221227,,Y
801890.SI,机械设备,801074.SI,专用设备,850727.SI,其他专用设备,831856.BJ,浩淼科技,20230410,,Y
801880.SI,汽车,801093.SI,汽车零部件,850922.SI,车身附件及饰件,831906.BJ,舜宇精工,20230224,,Y
801890.SI,机械设备,801072.SI,通用设备,850731.SI,仪器仪表,831961.BJ,创远信科,20230410,,Y
801880.SI,汽车,801093.SI,汽车零部件,850923.SI,底盘与发动机系统,832000.BJ,安徽凤凰,20201223,,Y
801010.SI,农林牧渔,801012.SI,农产品加工,850151.SI,果蔬加工,832023.BJ,田野股份,20230213,,Y
801030.SI,基础化工,801036.SI,塑料,850353.SI,改性塑料,832089.BJ,禾昌聚合,20211109,,Y
801770.SI,通信,801102.SI,通信设备,851026.SI,通信终端及配件,832149.BJ,利尔达,20230224,,Y
801750.SI,计算机,801103.SI,IT服务Ⅱ,852226.SI,IT服务Ⅲ,832171.BJ,志晟信息,20211115,,Y
801030.SI,基础化工,801039.SI,非金属材料Ⅱ,850523.SI,非金属材料Ⅲ,832175.BJ,东方碳素,20230710,,Y
801030.SI,基础化工,801037.SI,橡胶,850362.SI,其他橡胶制品,832225.BJ,利通科技,20210225,,Y
801150.SI,医药生物,801153.SI,医疗器械,851532.SI,医疗设备,832278.BJ,鹿得医疗,20200727,,Y
801740.SI,国防军工,801742.SI,航空装备Ⅱ,857421.SI,航空装备Ⅲ,832317.BJ,观典防务(退市),20200727,,Y
801010.SI,农林牧渔,801014.SI,饲料,850144.SI,宠物食品,832419.BJ,路斯股份,20220224,,Y
801030.SI,基础化工,801036.SI,塑料,850353.SI,改性塑料,832469.BJ,富恒新材,20230920,,Y
801030.SI,基础化工,801034.SI,化学制品,850339.SI,其他化学制品,832471.BJ,美邦科技,20230530,,Y
801080.SI,电子,801083.SI,元件,850823.SI,被动元件,832491.BJ,奥迪威,20230809,,Y
801150.SI,医药生物,801151.SI,化学制药,851512.SI,化学制剂,832566.BJ,梓橦宫,20210813,,Y
801890.SI,机械设备,801072.SI,通用设备,850731.SI,仪器仪表,832651.BJ,天罡股份,20230710,,Y
801890.SI,机械设备,801072.SI,通用设备,850716.SI,其他通用设备,832662.BJ,方盛股份,20221123,,Y
801150.SI,医药生物,801151.SI,化学制药,851512.SI,化学制剂,832735.BJ,德源药业,20210219,,Y
801120.SI,食品饮料,801127.SI,饮料乳品,851243.SI,乳品,832786.BJ,骑士乳业,20231030,,Y
801080.SI,电子,801085.SI,消费电子,850854.SI,消费电子零部件及组装,832876.BJ,慧为智能,20221123,,Y
801890.SI,机械设备,801078.SI,自动化设备,850782.SI,工控设备,832885.BJ,星辰科技,20210708,,Y
801880.SI,汽车,801093.SI,汽车零部件,850923.SI,底盘与发动机系统,832978.BJ,开特股份,20231030,,Y
801980.SI,美容护理,801983.SI,医疗美容,859831.SI,医美耗材,832982.BJ,锦波生物,20230717,,Y
801750.SI,计算机,801103.SI,IT服务Ⅱ,852226.SI,IT服务Ⅲ,833030.BJ,立方控股,20231120,,Y
801140.SI,轻工制造,801141.SI,包装印刷,851425.SI,纸包装,833075.BJ,柏星龙,20221214,,Y
801170.SI,交通运输,801992.SI,航运港口,851761.SI,航运,833171.BJ,国航远洋,20221214,,Y
801150.SI,医药生物,801151.SI,化学制药,851511.SI,原料药,833230.BJ,欧康医药,20221206,,Y
801150.SI,医药生物,801155.SI,中药Ⅱ,851521.SI,中药Ⅲ,833266.BJ,生物谷,20200727,,Y
801890.SI,机械设备,801074.SI,专用设备,850727.SI,其他专用设备,833284.BJ,灵鸽科技,20231219,,Y
801080.SI,电子,801085.SI,消费电子,850854.SI,消费电子零部件及组装,833346.BJ,威贸电子,20220208,,Y
801140.SI,轻工制造,801143.SI,造纸,851413.SI,特种纸,833394.BJ,民士达,20230412,,Y
801720.SI,建筑装饰,801726.SI,工程咨询服务Ⅱ,857261.SI,工程咨询服务Ⅲ,833427.BJ,华维设计,20210205,,Y
801120.SI,食品饮料,801124.SI,食品加工,851247.SI,保健品,833429.BJ,康比特,20221214,,Y
801880.SI,汽车,801093.SI,汽车零部件,850923.SI,底盘与发动机系统,833454.BJ,同心传动,20211115,,Y
801890.SI,机械设备,801074.SI,专用设备,850727.SI,其他专用设备,833455.BJ,汇隆活塞,20230710,,Y
801890.SI,机械设备,801072.SI,通用设备,850731.SI,仪器仪表,833509.BJ,同惠电子,20210111,,Y
801880.SI,汽车,801093.SI,汽车零部件,850922.SI,车身附件及饰件,833533.BJ,骏创科技,20230410,,Y
801150.SI,医药生物,801152.SI,生物制品,851523.SI,疫苗,833575.BJ,康乐卫士,20230317,,Y
801710.SI,建筑材料,801713.SI,装修建材,850615.SI,耐火材料,833580.BJ,科创新材,20220513,,Y
801050.SI,有色金属,801051.SI,金属新材料,850521.SI,其他金属新材料,833751.BJ,惠同新材,20230710,,Y
801890.SI,机械设备,801074.SI,专用设备,850725.SI,能源及重型设备,833781.BJ,瑞奇智造,20221227,,Y
801030.SI,基础化工,801038.SI,农化制品,850333.SI,农药,833819.BJ,颖泰生物,20200727,,Y
801720.SI,建筑装饰,801726.SI,工程咨询服务Ⅱ,857261.SI,工程咨询服务Ⅲ,833873.BJ,中设咨询,20211115,,Y
801880.SI,汽车,801093.SI,汽车零部件,850923.SI,底盘与发动机系统,833874.BJ,泰祥股份(退市),20200727,,Y
801890.SI,机械设备,801072.SI,通用设备,850751.SI,金属制品,833943.BJ,优机股份,20220622,,Y
801080.SI,电子,801084.SI,光学光电子,850831.SI,面板,833994.BJ,翰博高新(退市),20200727,,Y
801160.SI,公用事业,801163.SI,燃气Ⅱ,851631.SI,燃气Ⅲ,834014.BJ,特瑞斯,20221214,,Y
801760.SI,传媒,801995.SI,电视广播Ⅱ,859951.SI,电视广播Ⅲ,834021.BJ,流金科技,20200727,,Y
801030.SI,基础化工,801034.SI,化学制品,850339.SI,其他化学制品,834033.BJ,康普化学,20221214,,Y
801880.SI,汽车,801881.SI,摩托车及其他,858812.SI,摩托车,834058.BJ,华洋赛车,20230816,,Y
801030.SI,基础化工,801034.SI,化学制品,850372.SI,聚氨酯,834261.BJ,一诺威,20230407,,Y
801890.SI,机械设备,801072.SI,通用设备,850731.SI,仪器仪表,834407.BJ,驰诚股份,20230213,,Y
801750.SI,计算机,801104.SI,软件开发,851041.SI,垂直应用软件,834415.BJ,恒拓开源,20200727,,Y
801890.SI,机械设备,801074.SI,专用设备,850727.SI,其他专用设备,834475.BJ,三友科技,20200727,,Y
801890.SI,机械设备,801077.SI,工程机械,850771.SI,工程机械整机,834599.BJ,同力股份,20210222,,Y
801140.SI,轻工制造,801142.SI,家居用品,851438.SI,定制家居,834765.BJ,美之高,20210705,,Y
801890.SI,机械设备,801072.SI,通用设备,850716.SI,其他通用设备,834950.BJ,迅安科技,20220109,,Y
801890.SI,机械设备,801077.SI,工程机械,850771.SI,工程机械整机,835174.BJ,五新隧装,20230410,,Y
801080.SI,电子,801081.SI,半导体,850813.SI,半导体材料,835179.BJ,凯德石英,20230410,,Y
801750.SI,计算机,801103.SI,IT服务Ⅱ,852226.SI,IT服务Ⅲ,835184.BJ,国源科技,20230410,,Y
801750.SI,计算机,801104.SI,软件开发,851041.SI,垂直应用软件,835207.BJ,众诚科技,20220930,,Y
801750.SI,计算机,801103.SI,IT服务Ⅱ,852226.SI,IT服务Ⅲ,835305.BJ,云创数据,20230410,,Y
801080.SI,电子,801084.SI,光学光电子,850833.SI,光学元件,835438.BJ,戈碧迦,20240312,,Y
801890.SI,机械设备,801078.SI,自动化设备,850781.SI,机器人,835579.BJ,机科股份,20231130,,Y
801770.SI,通信,801102.SI,通信设备,851025.SI,通信线缆及配套,835640.BJ,富士达,20200727,,Y
801150.SI,医药生物,801156.SI,医疗服务,851563.SI,医疗研发外包,835670.BJ,数字人,20201208,,Y
801720.SI,建筑装饰,801724.SI,专业工程,857241.SI,钢结构,835857.BJ,百甲科技,20230317,,Y
801150.SI,医药生物,801153.SI,医疗器械,851532.SI,医疗设备,835892.BJ,中科美菱,20221026,,Y
801030.SI,基础化工,801032.SI,化学纤维,850344.SI,其他化学纤维,836077.BJ,吉林碳谷,20210831,,Y
801720.SI,建筑装饰,801726.SI,工程咨询服务Ⅱ,857261.SI,工程咨询服务Ⅲ,836149.BJ,旭杰科技,20200727,,Y
801720.SI,建筑装饰,801726.SI,工程咨询服务Ⅱ,857261.SI,工程咨询服务Ⅲ,836208.BJ,青矩技术,20230407,,Y
801880.SI,汽车,801093.SI,汽车零部件,850925.SI,其他汽车零部件,836221.BJ,易实精密,20230530,,Y
801880.SI,汽车,801093.SI,汽车零部件,850925.SI,其他汽车零部件,836247.BJ,华密新材,20221227,,Y
801890.SI,机械设备,801072.SI,通用设备,850751.SI,金属制品,836260.BJ,中寰股份,20211115,,Y
801880.SI,汽车,801093.SI,汽车零部件,850922.SI,车身附件及饰件,836270.BJ,天铭科技,20220829,,Y
801890.SI,机械设备,801074.SI,专用设备,850728.SI,楼宇设备,836395.BJ,朗鸿科技,20220829,,Y
801030.SI,基础化工,801034.SI,化学制品,850339.SI,其他化学制品,836419.BJ,万德股份,20230920,,Y
801030.SI,基础化工,801034.SI,化学制品,850135.SI,食品及饲料添加剂,836422.BJ,润普食品,20230224,,Y
801150.SI,医药生物,801155.SI,中药Ⅱ,851521.SI,中药Ⅲ,836433.BJ,大唐药业,20200727,,Y
801150.SI,医药生物,801153.SI,医疗器械,851532.SI,医疗设备,836504.BJ,博迅生物,20230816,,Y
801150.SI,医药生物,801152.SI,生物制品,851524.SI,其他生物制品,836547.BJ,无锡晶海,20231212,,Y
801030.SI,基础化工,801039.SI,非金属材料Ⅱ,850523.SI,非金属材料Ⅲ,836675.BJ,秉扬科技,20201228,,Y
801110.SI,家用电器,801116.SI,家电零部件Ⅱ,851161.SI,家电零部件Ⅲ,836699.BJ,海达尔,20230509,,Y
801890.SI,机械设备,801074.SI,专用设备,850727.SI,其他专用设备,836717.BJ,瑞星股份,20230710,,Y
801890.SI,机械设备,801072.SI,通用设备,850751.SI,金属制品,836720.BJ,吉冈精密,20230410,,Y
801890.SI,机械设备,801072.SI,通用设备,850713.SI,磨具磨料,836807.BJ,奔朗新材,20221227,,Y
801120.SI,食品饮料,801124.SI,食品加工,851246.SI,预加工食品,836826.BJ,盖世食品,20210112,,Y
801880.SI,汽车,801093.SI,汽车零部件,850923.SI,底盘与发动机系统,836871.BJ,派特尔,20220717,,Y
801720.SI,建筑装饰,801726.SI,工程咨询服务Ⅱ,857261.SI,工程咨询服务Ⅲ,836892.BJ,广咨国际,20211028,,Y
801890.SI,机械设备,801077.SI,工程机械,850772.SI,工程机械器件,836942.BJ,恒立钻具,20221206,,Y
801030.SI,基础化工,801034.SI,化学制品,850339.SI,其他化学制品,836957.BJ,汉维科技,20221214,,Y
801890.SI,机械设备,801074.SI,专用设备,850727.SI,其他专用设备,836961.BJ,西磁科技,20231221,,Y
801740.SI,国防军工,801742.SI,航空装备Ⅱ,857421.SI,航空装备Ⅲ,837006.BJ,晟楠科技,20230530,,Y
801980.SI,美容护理,801982.SI,化妆品,859821.SI,化妆品制造及其他,837023.BJ,芭薇股份,20240411,,Y
801750.SI,计算机,801103.SI,IT服务Ⅱ,852226.SI,IT服务Ⅲ,837092.BJ,汉鑫科技,20230410,,Y
801140.SI,轻工制造,801141.SI,包装印刷,851424.SI,塑料包装,837174.BJ,宏裕包材,20230816,,Y
801080.SI,电子,801085.SI,消费电子,850854.SI,消费电子零部件及组装,837212.BJ,智新电子,20210608,,Y
801880.SI,汽车,801093.SI,汽车零部件,850923.SI,底盘与发动机系统,837242.BJ,建邦科技,20200727,,Y
801150.SI,医药生物,801152.SI,生物制品,851524.SI,其他生物制品,837344.BJ,三元基因,20210108,,Y
801010.SI,农林牧渔,801016.SI,种植业,850111.SI,种子,837403.BJ,康农种业,20240118,,Y
801750.SI,计算机,801104.SI,软件开发,851041.SI,垂直应用软件,837592.BJ,华信永道,20230710,,Y
801880.SI,汽车,801093.SI,汽车零部件,850922.SI,车身附件及饰件,837663.BJ,明阳科技,20230317,,Y
801750.SI,计算机,801103.SI,IT服务Ⅱ,852226.SI,IT服务Ⅲ,837748.BJ,路桥信息,20230816,,Y
801080.SI,电子,801083.SI,元件,850822.SI,印制电路板,837821.BJ,则成电子,20220622,,Y
801880.SI,汽车,801092.SI,汽车服务,850232.SI,汽车经销商,838030.BJ,德众汽车,20201127,,Y
801140.SI,轻工制造,801141.SI,包装印刷,851426.SI,综合包装,838163.BJ,方大新材,20200727,,Y
801880.SI,汽车,801093.SI,汽车零部件,850923.SI,底盘与发动机系统,838171.BJ,邦德股份,20220608,,Y
801750.SI,计算机,801103.SI,IT服务Ⅱ,852226.SI,IT服务Ⅲ,838227.BJ,美登科技,20221227,,Y
801130.SI,纺织服饰,801132.SI,服装家纺,851326.SI,家纺,838262.BJ,太湖雪,20221227,,Y
801010.SI,农林牧渔,801018.SI,动物保健Ⅱ,850181.SI,动物保健Ⅲ,838275.BJ,驱动力,20210125,,Y
801080.SI,电子,801086.SI,电子化学品Ⅱ,850861.SI,电子化学品Ⅲ,838402.BJ,硅烷科技,20220930,,Y
801890.SI,机械设备,801072.SI,通用设备,850711.SI,机床工具,838670.BJ,恒进感应,20230410,,Y
801080.SI,电子,801085.SI,消费电子,850854.SI,消费电子零部件及组装,838701.BJ,豪声电子,20230710,,Y
801890.SI,机械设备,801074.SI,专用设备,850726.SI,印刷包装机械,838810.BJ,春光药装,20221214,,Y
801880.SI,汽车,801093.SI,汽车零部件,850923.SI,底盘与发动机系统,838837.BJ,华原股份,20230427,,Y
801770.SI,通信,801223.SI,通信服务,852213.SI,通信工程及服务,838924.BJ,广脉科技,20211103,,Y
801030.SI,基础化工,801039.SI,非金属材料Ⅱ,850523.SI,非金属材料Ⅲ,838971.BJ,天马新材,20220930,,Y
801030.SI,基础化工,801034.SI,化学制品,850135.SI,食品及饲料添加剂,839273.BJ,一致魔芋,20230222,,Y
801010.SI,农林牧渔,801012.SI,农产品加工,850154.SI,其他农产品加工,839371.BJ,欧福蛋业,20220109,,Y
801750.SI,计算机,801103.SI,IT服务Ⅱ,852226.SI,IT服务Ⅲ,839493.BJ,并行科技,20231030,,Y
801750.SI,计算机,801104.SI,软件开发,851041.SI,垂直应用软件,839680.BJ,广道数字,20211115,,Y
801030.SI,基础化工,801039.SI,非金属材料Ⅱ,850523.SI,非金属材料Ⅲ,839719.BJ,宁新新材,20230530,,Y
801890.SI,机械设备,801072.SI,通用设备,850713.SI,磨具磨料,839725.BJ,惠丰钻石,20220717,,Y
801010.SI,农林牧渔,801018.SI,动物保健Ⅱ,850181.SI,动物保健Ⅲ,839729.BJ,永顺生物,20200727,,Y
801750.SI,计算机,801103.SI,IT服务Ⅱ,852226.SI,IT服务Ⅲ,839790.BJ,联迪信息,20220829,,Y
801710.SI,建筑材料,801713.SI,装修建材,850615.SI,耐火材料,839792.BJ,东和新材,20230407,,Y
801880.SI,汽车,801093.SI,汽车零部件,850923.SI,底盘与发动机系统,839946.BJ,华阳变速,20210720,,Y
801110.SI,家用电器,801113.SI,小家电,851133.SI,个护小家电,870199.BJ,倍益康,20221206,,Y
801140.SI,轻工制造,801141.SI,包装印刷,851424.SI,塑料包装,870204.BJ,沪江材料,20211230,,Y
801080.SI,电子,801085.SI,消费电子,850854.SI,消费电子零部件及组装,870357.BJ,雅葆轩,20221123,,Y
801880.SI,汽车,801093.SI,汽车零部件,850926.SI,汽车电子电气系统,870436.BJ,大地电气,20211115,,Y
801890.SI,机械设备,801074.SI,专用设备,850723.SI,农用机械,870508.BJ,丰安股份,20221214,,Y
801150.SI,医药生物,801151.SI,化学制药,851511.SI,原料药,870656.BJ,海昇药业,20240229,,Y
801110.SI,家用电器,801113.SI,小家电,851131.SI,厨房小家电,870726.BJ,鸿智科技,20230816,,Y
801030.SI,基础化工,801038.SI,农化制品,850333.SI,农药,870866.BJ,绿亨科技,20221206,,Y
801750.SI,计算机,801101.SI,计算机设备,850702.SI,安防设备,870976.BJ,视声智能,20230920,,Y
801890.SI,机械设备,801077.SI,工程机械,850772.SI,工程机械器件,871245.BJ,威博液压,20211220,,Y
801890.SI,机械设备,801072.SI,通用设备,850731.SI,仪器仪表,871263.BJ,莱赛激光,20231228,,Y
801890.SI,机械设备,801078.SI,自动化设备,850784.SI,其他自动化设备,871396.BJ,常辅股份,20201118,,Y
801890.SI,机械设备,801078.SI,自动化设备,850781.SI,机器人,871478.BJ,巨能股份,20230427,,Y
801890.SI,机械设备,801074.SI,专用设备,850726.SI,印刷包装机械,871553.BJ,凯腾精工,20230410,,Y
801050.SI,有色金属,801055.SI,工业金属,850553.SI,铅锌,871634.BJ,新威凌,20221123,,Y
801740.SI,国防军工,801742.SI,航空装备Ⅱ,857421.SI,航空装备Ⅲ,871642.BJ,通易航天,20210816,,Y
801030.SI,基础化工,801037.SI,橡胶,850362.SI,其他橡胶制品,871694.BJ,中裕科技,20230427,,Y
801080.SI,电子,801085.SI,消费电子,850854.SI,消费电子零部件及组装,871857.BJ,泓禧科技,20220211,,Y
801010.SI,农林牧渔,801018.SI,动物保健Ⅱ,850181.SI,动物保健Ⅲ,871970.BJ,大禹生物,20220513,,Y
801080.SI,电子,801083.SI,元件,850823.SI,被动元件,871981.BJ,晶赛科技,20211115,,Y
801750.SI,计算机,801101.SI,计算机设备,850703.SI,其他计算机设备,872190.BJ,雷神科技,20221227,,Y
801170.SI,交通运输,801178.SI,物流,851785.SI,跨境物流,872351.BJ,华光源海,20221227,,Y
801770.SI,通信,801102.SI,通信设备,851027.SI,其他通信设备,872374.BJ,云里物里,20221206,,Y
801140.SI,轻工制造,801141.SI,包装印刷,851425.SI,纸包装,872392.BJ,佳合科技,20221227,,Y
801890.SI,机械设备,801076.SI,轨交设备Ⅱ,850936.SI,轨交设备Ⅲ,872541.BJ,铁大科技,20230224,,Y
801750.SI,计算机,801101.SI,计算机设备,850703.SI,其他计算机设备,872808.BJ,曙光数创,20221123,,Y
801890.SI,机械设备,801074.SI,专用设备,850723.SI,农用机械,872895.BJ,花溪科技,20230407,,Y
801150.SI,医药生物,801153.SI,医疗器械,851532.SI,医疗设备,872925.BJ,锦好医疗,20211025,,Y
801890.SI,机械设备,801074.SI,专用设备,850725.SI,能源及重型设备,872931.BJ,无锡鼎邦,20240411,,Y
801750.SI,计算机,801103.SI,IT服务Ⅱ,852226.SI,IT服务Ⅲ,872953.BJ,国子软件,20230816,,Y
801080.SI,电子,801084.SI,光学光电子,850831.SI,面板,873001.BJ,纬达光电,20221227,,Y
801140.SI,轻工制造,801142.SI,家居用品,851437.SI,成品家居,873132.BJ,泰鹏智能,20231120,,Y
801150.SI,医药生物,801151.SI,化学制药,851511.SI,原料药,873167.BJ,新赣江,20230213,,Y
801890.SI,机械设备,801072.SI,通用设备,850751.SI,金属制品,873169.BJ,七丰精工,20220422,,Y
801890.SI,机械设备,801072.SI,通用设备,850751.SI,金属制品,873223.BJ,荣亿精密,20230410,,Y
801890.SI,机械设备,801072.SI,通用设备,850751.SI,金属制品,873305.BJ,九菱科技,20221227,,Y
801110.SI,家用电器,801115.SI,照明设备Ⅱ,851151.SI,照明设备Ⅲ,873339.BJ,恒太照明,20221123,,Y
801130.SI,纺织服饰,801131.SI,纺织制造,851315.SI,辅料,873527.BJ,夜光明,20230809,,Y
801890.SI,机械设备,801072.SI,通用设备,850716.SI,其他通用设备,873570.BJ,坤博精工,20231120,,Y
801050.SI,有色金属,801051.SI,金属新材料,850521.SI,其他金属新材料,873576.BJ,天力复合,20230710,,Y
801890.SI,机械设备,801078.SI,自动化设备,850781.SI,机器人,873593.BJ,鼎智科技,20230407,,Y
801030.SI,基础化工,801037.SI,橡胶,850362.SI,其他橡胶制品,873665.BJ,科强股份,20231030,,Y
801890.SI,机械设备,801072.SI,通用设备,850751.SI,金属制品,873679.BJ,前进科技,20231120,,Y
801880.SI,汽车,801093.SI,汽车零部件,850922.SI,车身附件及饰件,873690.BJ,捷众科技,20240105,,Y
801890.SI,机械设备,801072.SI,通用设备,850751.SI,金属制品,873693.BJ,阿为特,20231030,,Y
801890.SI,机械设备,801074.SI,专用设备,850725.SI,能源及重型设备,873703.BJ,广厦环能,20231205,,Y
801890.SI,机械设备,801077.SI,工程机械,850771.SI,工程机械整机,873706.BJ,铁拓机械,20240312,,Y
801890.SI,机械设备,801074.SI,专用设备,850727.SI,其他专用设备,873726.BJ,卓兆点胶,20231030,,Y
801750.SI,计算机,801103.SI,IT服务Ⅱ,852226.SI,IT服务Ⅲ,873806.BJ,云星宇,20240111,,Y
801890.SI,机械设备,801072.SI,通用设备,850716.SI,其他通用设备,873833.BJ,美心翼申,20231120,,Y
801170.SI,交通运输,801992.SI,航运港口,851711.SI,港口,T00018.SH,上港集箱(退市),20000719,,Y
,,,,,,,,,,
,,,,,,,,,,
,,,,,,,,,,
